ticker,price_date,close_price,currency,price_source
AAPL,2023-09-14,173.3948,USD,YAHOO
AAPL,2023-09-15,172.6745,USD,YAHOO
AAPL,2023-09-18,175.5951,USD,YAHOO
AAPL,2023-09-19,176.6804,USD,YAHOO
AAPL,2023-09-20,173.1482,USD,YAHOO
AAPL,2023-09-21,171.6089,USD,YAHOO
AAPL,2023-09-22,172.4575,USD,YAHOO
AAPL,2023-09-25,173.7303,USD,YAHOO
AAPL,2023-09-26,169.6653,USD,YAHOO
AAPL,2023-09-27,168.1557,USD,YAHOO
AAPL,2023-09-28,168.4122,USD,YAHOO
AAPL,2023-09-29,168.9253,USD,YAHOO
AAPL,2023-10-02,171.4314,USD,YAHOO
AAPL,2023-10-03,170.0994,USD,YAHOO
AAPL,2023-10-04,171.3426,USD,YAHOO
AAPL,2023-10-05,172.5759,USD,YAHOO
AAPL,2023-10-06,175.1215,USD,YAHOO
AAPL,2023-10-09,176.6015,USD,YAHOO
AAPL,2023-10-10,176.0095,USD,YAHOO
AAPL,2023-10-11,177.4006,USD,YAHOO
AAPL,2023-10-12,178.2985,USD,YAHOO
AAPL,2023-10-13,176.4633,USD,YAHOO
AAPL,2023-10-16,176.3351,USD,YAHOO
AAPL,2023-10-17,174.786,USD,YAHOO
AAPL,2023-10-18,173.4935,USD,YAHOO
AAPL,2023-10-19,173.1185,USD,YAHOO
AAPL,2023-10-20,170.573,USD,YAHOO
AAPL,2023-10-23,170.6914,USD,YAHOO
AAPL,2023-10-24,171.1255,USD,YAHOO
AAPL,2023-10-25,168.8167,USD,YAHOO
AAPL,2023-10-26,164.6629,USD,YAHOO
AAPL,2023-10-27,165.9752,USD,YAHOO
AAPL,2023-10-30,168.0175,USD,YAHOO
AAPL,2023-10-31,168.4911,USD,YAHOO
AAPL,2023-11-01,171.6484,USD,YAHOO
AAPL,2023-11-02,175.2004,USD,YAHOO
AAPL,2023-11-03,174.2927,USD,YAHOO
AAPL,2023-11-06,176.8382,USD,YAHOO
AAPL,2023-11-07,179.3937,USD,YAHOO
AAPL,2023-11-08,180.4494,USD,YAHOO
AAPL,2023-11-09,179.9758,USD,YAHOO
AAPL,2023-11-10,184.1548,USD,YAHOO
AAPL,2023-11-13,182.5741,USD,YAHOO
AAPL,2023-11-14,185.1823,USD,YAHOO
AAPL,2023-11-15,185.7455,USD,YAHOO
AAPL,2023-11-16,187.425,USD,YAHOO
AAPL,2023-11-17,187.4052,USD,YAHOO
AAPL,2023-11-20,189.144,USD,YAHOO
AAPL,2023-11-21,188.3438,USD,YAHOO
AAPL,2023-11-22,189.0057,USD,YAHOO
AAPL,2023-11-24,187.6818,USD,YAHOO
AAPL,2023-11-27,187.504,USD,YAHOO
AAPL,2023-11-28,188.1067,USD,YAHOO
AAPL,2023-11-29,187.0891,USD,YAHOO
AAPL,2023-11-30,187.6621,USD,YAHOO
AAPL,2023-12-01,188.9366,USD,YAHOO
AAPL,2023-12-04,187.1483,USD,YAHOO
AAPL,2023-12-05,191.0903,USD,YAHOO
AAPL,2023-12-06,190.0036,USD,YAHOO
AAPL,2023-12-07,191.9301,USD,YAHOO
AAPL,2023-12-08,193.3528,USD,YAHOO
AAPL,2023-12-11,190.8532,USD,YAHOO
AAPL,2023-12-12,192.3648,USD,YAHOO
AAPL,2023-12-13,195.5756,USD,YAHOO
AAPL,2023-12-14,195.7238,USD,YAHOO
AAPL,2023-12-15,195.1903,USD,YAHOO
AAPL,2023-12-18,193.5306,USD,YAHOO
AAPL,2023-12-19,194.5679,USD,YAHOO
AAPL,2023-12-20,192.4833,USD,YAHOO
AAPL,2023-12-21,192.3351,USD,YAHOO
AAPL,2023-12-22,191.2681,USD,YAHOO
AAPL,2023-12-26,190.7248,USD,YAHOO
AAPL,2023-12-27,190.8235,USD,YAHOO
AAPL,2023-12-28,191.2484,USD,YAHOO
AAPL,2023-12-29,190.211,USD,YAHOO
AAPL,2024-01-02,183.404,USD,YAHOO
AAPL,2024-01-03,182.0307,USD,YAHOO
AAPL,2024-01-04,179.7189,USD,YAHOO
AAPL,2024-01-05,178.9977,USD,YAHOO
AAPL,2024-01-08,183.325,USD,YAHOO
AAPL,2024-01-09,182.91,USD,YAHOO
AAPL,2024-01-10,183.9474,USD,YAHOO
AAPL,2024-01-11,183.3546,USD,YAHOO
AAPL,2024-01-12,183.6806,USD,YAHOO
AAPL,2024-01-16,181.4182,USD,YAHOO
AAPL,2024-01-17,180.4797,USD,YAHOO
AAPL,2024-01-18,186.358,USD,YAHOO
AAPL,2024-01-19,189.2527,USD,YAHOO
AAPL,2024-01-22,191.5546,USD,YAHOO
AAPL,2024-01-23,192.8291,USD,YAHOO
AAPL,2024-01-24,192.1573,USD,YAHOO
AAPL,2024-01-25,191.8313,USD,YAHOO
AAPL,2024-01-26,190.1024,USD,YAHOO
AAPL,2024-01-29,189.4207,USD,YAHOO
AAPL,2024-01-30,185.7751,USD,YAHOO
AAPL,2024-01-31,182.1789,USD,YAHOO
AAPL,2024-02-01,184.6093,USD,YAHOO
AAPL,2024-02-02,183.6115,USD,YAHOO
AAPL,2024-02-05,185.4194,USD,YAHOO
AAPL,2024-02-06,187.0199,USD,YAHOO
AAPL,2024-02-07,187.1286,USD,YAHOO
AAPL,2024-02-08,186.0518,USD,YAHOO
AAPL,2024-02-09,186.8134,USD,YAHOO
AAPL,2024-02-12,185.1317,USD,YAHOO
AAPL,2024-02-13,183.0445,USD,YAHOO
AAPL,2024-02-14,182.1641,USD,YAHOO
AAPL,2024-02-15,181.8772,USD,YAHOO
AAPL,2024-02-16,180.344,USD,YAHOO
AAPL,2024-02-20,179.602,USD,YAHOO
AAPL,2024-02-21,180.3539,USD,YAHOO
AAPL,2024-02-22,182.3817,USD,YAHOO
AAPL,2024-02-23,180.5517,USD,YAHOO
AAPL,2024-02-26,179.2064,USD,YAHOO
AAPL,2024-02-27,180.6605,USD,YAHOO
AAPL,2024-02-28,179.4635,USD,YAHOO
AAPL,2024-02-29,178.8008,USD,YAHOO
AAPL,2024-03-01,177.7225,USD,YAHOO
AAPL,2024-03-04,173.2117,USD,YAHOO
AAPL,2024-03-05,168.2854,USD,YAHOO
AAPL,2024-03-06,167.2962,USD,YAHOO
AAPL,2024-03-07,167.1775,USD,YAHOO
AAPL,2024-03-08,168.8888,USD,YAHOO
AAPL,2024-03-11,170.8871,USD,YAHOO
AAPL,2024-03-12,171.3619,USD,YAHOO
AAPL,2024-03-13,169.2845,USD,YAHOO
AAPL,2024-03-14,171.1344,USD,YAHOO
AAPL,2024-03-15,170.7585,USD,YAHOO
AAPL,2024-03-18,171.8466,USD,YAHOO
AAPL,2024-03-19,174.1811,USD,YAHOO
AAPL,2024-03-20,176.7432,USD,YAHOO
AAPL,2024-03-21,169.5219,USD,YAHOO
AAPL,2024-03-22,170.4221,USD,YAHOO
AAPL,2024-03-25,169.0075,USD,YAHOO
AAPL,2024-03-26,167.8798,USD,YAHOO
AAPL,2024-03-27,171.441,USD,YAHOO
AAPL,2024-03-28,169.6307,USD,YAHOO
AAPL,2024-04-01,168.1964,USD,YAHOO
AAPL,2024-04-02,167.0192,USD,YAHOO
AAPL,2024-04-03,167.8205,USD,YAHOO
AAPL,2024-04-04,166.9994,USD,YAHOO
AAPL,2024-04-05,167.7512,USD,YAHOO
AAPL,2024-04-08,166.6334,USD,YAHOO
AAPL,2024-04-09,167.8403,USD,YAHOO
AAPL,2024-04-10,165.9706,USD,YAHOO
AAPL,2024-04-11,173.1524,USD,YAHOO
AAPL,2024-04-12,174.6461,USD,YAHOO
AAPL,2024-04-15,170.8277,USD,YAHOO
AAPL,2024-04-16,167.5534,USD,YAHOO
AAPL,2024-04-17,166.1883,USD,YAHOO
AAPL,2024-04-18,165.2386,USD,YAHOO
AAPL,2024-04-19,163.2206,USD,YAHOO
AAPL,2024-04-22,164.0516,USD,YAHOO
AAPL,2024-04-23,165.1001,USD,YAHOO
AAPL,2024-04-24,167.1973,USD,YAHOO
AAPL,2024-04-25,168.0579,USD,YAHOO
AAPL,2024-04-26,167.4743,USD,YAHOO
AAPL,2024-04-29,171.6289,USD,YAHOO
AAPL,2024-04-30,168.4932,USD,YAHOO
AAPL,2024-05-01,167.4743,USD,YAHOO
AAPL,2024-05-02,171.164,USD,YAHOO
AAPL,2024-05-03,181.4024,USD,YAHOO
AAPL,2024-05-06,179.7504,USD,YAHOO
AAPL,2024-05-07,180.433,USD,YAHOO
AAPL,2024-05-08,180.7693,USD,YAHOO
AAPL,2024-05-09,182.5796,USD,YAHOO
AAPL,2024-05-10,181.3216,USD,YAHOO
AAPL,2024-05-13,184.5211,USD,YAHOO
AAPL,2024-05-14,185.6602,USD,YAHOO
AAPL,2024-05-15,187.9286,USD,YAHOO
AAPL,2024-05-16,188.0474,USD,YAHOO
AAPL,2024-05-17,188.0772,USD,YAHOO
AAPL,2024-05-20,189.2361,USD,YAHOO
AAPL,2024-05-21,190.5338,USD,YAHOO
AAPL,2024-05-22,189.0975,USD,YAHOO
AAPL,2024-05-23,185.1154,USD,YAHOO
AAPL,2024-05-24,188.1861,USD,YAHOO
AAPL,2024-05-28,188.196,USD,YAHOO
AAPL,2024-05-29,188.4932,USD,YAHOO
AAPL,2024-05-30,189.4838,USD,YAHOO
AAPL,2024-05-31,190.4347,USD,YAHOO
AAPL,2024-06-03,192.1979,USD,YAHOO
AAPL,2024-06-04,192.5149,USD,YAHOO
AAPL,2024-06-05,194.0205,USD,YAHOO
AAPL,2024-06-06,192.6437,USD,YAHOO
AAPL,2024-06-07,195.0309,USD,YAHOO
AAPL,2024-06-10,191.2965,USD,YAHOO
AAPL,2024-06-11,205.194,USD,YAHOO
AAPL,2024-06-12,211.0581,USD,YAHOO
AAPL,2024-06-13,212.2171,USD,YAHOO
AAPL,2024-06-14,210.4836,USD,YAHOO
AAPL,2024-06-17,214.6241,USD,YAHOO
AAPL,2024-06-18,212.2666,USD,YAHOO
AAPL,2024-06-20,207.7001,USD,YAHOO
AAPL,2024-06-21,205.5308,USD,YAHOO
AAPL,2024-06-24,206.1747,USD,YAHOO
AAPL,2024-06-25,207.0959,USD,YAHOO
AAPL,2024-06-26,211.2364,USD,YAHOO
AAPL,2024-06-27,212.0784,USD,YAHOO
AAPL,2024-06-28,208.6312,USD,YAHOO
AAPL,2024-07-01,214.7034,USD,YAHOO
AAPL,2024-07-02,218.1901,USD,YAHOO
AAPL,2024-07-03,219.4581,USD,YAHOO
AAPL,2024-07-05,224.2028,USD,YAHOO
AAPL,2024-07-08,225.6688,USD,YAHOO
AAPL,2024-07-09,226.5207,USD,YAHOO
AAPL,2024-07-10,230.7801,USD,YAHOO
AAPL,2024-07-11,225.4212,USD,YAHOO
AAPL,2024-07-12,228.3632,USD,YAHOO
AAPL,2024-07-15,232.1867,USD,YAHOO
AAPL,2024-07-16,232.6027,USD,YAHOO
AAPL,2024-07-17,226.7188,USD,YAHOO
AAPL,2024-07-18,222.0632,USD,YAHOO
AAPL,2024-07-19,222.192,USD,YAHOO
AAPL,2024-07-22,221.8453,USD,YAHOO
AAPL,2024-07-23,222.8854,USD,YAHOO
AAPL,2024-07-24,216.4765,USD,YAHOO
AAPL,2024-07-25,215.4364,USD,YAHOO
AAPL,2024-07-26,215.902,USD,YAHOO
AAPL,2024-07-29,216.1793,USD,YAHOO
AAPL,2024-07-30,216.734,USD,YAHOO
AAPL,2024-07-31,219.983,USD,YAHOO
AAPL,2024-08-01,216.2981,USD,YAHOO
AAPL,2024-08-02,217.784,USD,YAHOO
AAPL,2024-08-05,207.294,USD,YAHOO
AAPL,2024-08-06,205.2732,USD,YAHOO
AAPL,2024-08-07,207.8388,USD,YAHOO
AAPL,2024-08-08,211.2959,USD,YAHOO
AAPL,2024-08-09,214.1982,USD,YAHOO
AAPL,2024-08-12,215.7254,USD,YAHOO
AAPL,2024-08-13,219.4344,USD,YAHOO
AAPL,2024-08-14,219.8806,USD,YAHOO
AAPL,2024-08-15,222.8558,USD,YAHOO
AAPL,2024-08-16,224.1748,USD,YAHOO
AAPL,2024-08-19,224.0161,USD,YAHOO
AAPL,2024-08-20,224.6309,USD,YAHOO
AAPL,2024-08-21,224.5218,USD,YAHOO
AAPL,2024-08-22,222.6673,USD,YAHOO
AAPL,2024-08-23,224.9582,USD,YAHOO
AAPL,2024-08-26,225.2953,USD,YAHOO
AAPL,2024-08-27,226.1383,USD,YAHOO
AAPL,2024-08-28,224.6111,USD,YAHOO
AAPL,2024-08-29,227.8837,USD,YAHOO
AAPL,2024-08-30,227.1003,USD,YAHOO
AAPL,2024-09-03,220.922,USD,YAHOO
AAPL,2024-09-04,219.0179,USD,YAHOO
AAPL,2024-09-05,220.5352,USD,YAHOO
AAPL,2024-09-06,218.9881,USD,YAHOO
AAPL,2024-09-09,219.0774,USD,YAHOO
AAPL,2024-09-10,218.284,USD,YAHOO
AAPL,2024-09-11,220.8129,USD,YAHOO
AAPL,2024-09-12,220.922,USD,YAHOO
AAPL,2024-09-13,220.6542,USD,YAHOO
AAPL,2024-09-16,214.5255,USD,YAHOO
AAPL,2024-09-17,214.9916,USD,YAHOO
AAPL,2024-09-18,218.8592,USD,YAHOO
AAPL,2024-09-19,226.9713,USD,YAHOO
AAPL,2024-09-20,226.3069,USD,YAHOO
AAPL,2024-09-23,224.5912,USD,YAHOO
AAPL,2024-09-24,225.4838,USD,YAHOO
AAPL,2024-09-25,224.4921,USD,YAHOO
AAPL,2024-09-26,225.6325,USD,YAHOO
AAPL,2024-09-27,225.9003,USD,YAHOO
AAPL,2024-09-30,231.0671,USD,YAHOO
AAPL,2024-10-01,224.3334,USD,YAHOO
AAPL,2024-10-02,224.8987,USD,YAHOO
AAPL,2024-10-03,223.7979,USD,YAHOO
AAPL,2024-10-04,224.9185,USD,YAHOO
AAPL,2024-10-07,219.8509,USD,YAHOO
AAPL,2024-10-08,223.897,USD,YAHOO
AAPL,2024-10-09,227.6358,USD,YAHOO
AAPL,2024-10-10,227.1399,USD,YAHOO
AAPL,2024-10-11,225.6623,USD,YAHOO
AAPL,2024-10-14,229.3812,USD,YAHOO
AAPL,2024-10-15,231.91,USD,YAHOO
AAPL,2024-10-16,229.8572,USD,YAHOO
AAPL,2024-10-17,230.2241,USD,YAHOO
AAPL,2024-10-18,233.0505,USD,YAHOO
AAPL,2024-10-21,234.5182,USD,YAHOO
AAPL,2024-10-22,233.9034,USD,YAHOO
AAPL,2024-10-23,228.8457,USD,YAHOO
AAPL,2024-10-24,228.6572,USD,YAHOO
AAPL,2024-10-25,229.4903,USD,YAHOO
AAPL,2024-10-28,231.4638,USD,YAHOO
AAPL,2024-10-29,231.7315,USD,YAHOO
AAPL,2024-10-30,228.1911,USD,YAHOO
AAPL,2024-10-31,224.0359,USD,YAHOO
AAPL,2024-11-01,221.0608,USD,YAHOO
AAPL,2024-11-04,220.1682,USD,YAHOO
AAPL,2024-11-05,221.5963,USD,YAHOO
AAPL,2024-11-06,220.8724,USD,YAHOO
AAPL,2024-11-07,225.5929,USD,YAHOO
AAPL,2024-11-08,225.3248,USD,YAHOO
AAPL,2024-11-11,222.6145,USD,YAHOO
AAPL,2024-11-12,222.6145,USD,YAHOO
AAPL,2024-11-13,223.4981,USD,YAHOO
AAPL,2024-11-14,226.5757,USD,YAHOO
AAPL,2024-11-15,223.3789,USD,YAHOO
AAPL,2024-11-18,226.3772,USD,YAHOO
AAPL,2024-11-19,226.6353,USD,YAHOO
AAPL,2024-11-20,227.3501,USD,YAHOO
AAPL,2024-11-21,226.8736,USD,YAHOO
AAPL,2024-11-22,228.2138,USD,YAHOO
AAPL,2024-11-25,231.1922,USD,YAHOO
AAPL,2024-11-26,233.3664,USD,YAHOO
AAPL,2024-11-27,233.2374,USD,YAHOO
AAPL,2024-11-29,235.6201,USD,YAHOO
AAPL,2024-12-02,237.8638,USD,YAHOO
AAPL,2024-12-03,240.9018,USD,YAHOO
AAPL,2024-12-04,241.2592,USD,YAHOO
AAPL,2024-12-05,241.2889,USD,YAHOO
AAPL,2024-12-06,241.0904,USD,YAHOO
AAPL,2024-12-09,244.9722,USD,YAHOO
AAPL,2024-12-10,245.9849,USD,YAHOO
AAPL,2024-12-11,244.7141,USD,YAHOO
AAPL,2024-12-12,246.1735,USD,YAHOO
AAPL,2024-12-13,246.3423,USD,YAHOO
AAPL,2024-12-16,249.2313,USD,YAHOO
AAPL,2024-12-17,251.6537,USD,YAHOO
AAPL,2024-12-18,246.2629,USD,YAHOO
AAPL,2024-12-19,247.9903,USD,YAHOO
AAPL,2024-12-20,252.6565,USD,YAHOO
AAPL,2024-12-23,253.4309,USD,YAHOO
AAPL,2024-12-24,256.3398,USD,YAHOO
AAPL,2024-12-26,257.1538,USD,YAHOO
AAPL,2024-12-27,253.7486,USD,YAHOO
AAPL,2024-12-30,250.383,USD,YAHOO
AAPL,2024-12-31,248.6158,USD,YAHOO
AAPL,2025-01-02,242.0931,USD,YAHOO
AAPL,2025-01-03,241.6066,USD,YAHOO
AAPL,2025-01-06,243.2348,USD,YAHOO
AAPL,2025-01-07,240.465,USD,YAHOO
AAPL,2025-01-08,240.9514,USD,YAHOO
AAPL,2025-01-10,235.1436,USD,YAHOO
AAPL,2025-01-13,232.7112,USD,YAHOO
AAPL,2025-01-14,231.5993,USD,YAHOO
AAPL,2025-01-15,236.1562,USD,YAHOO
AAPL,2025-01-16,226.6155,USD,YAHOO
AAPL,2025-01-17,228.323,USD,YAHOO
AAPL,2025-01-21,221.0359,USD,YAHOO
AAPL,2025-01-22,222.2173,USD,YAHOO
AAPL,2025-01-23,222.0486,USD,YAHOO
AAPL,2025-01-24,221.1749,USD,YAHOO
AAPL,2025-01-27,228.2039,USD,YAHOO
AAPL,2025-01-28,236.5434,USD,YAHOO
AAPL,2025-01-29,237.6355,USD,YAHOO
AAPL,2025-01-30,235.8782,USD,YAHOO
AAPL,2025-01-31,234.2997,USD,YAHOO
AAPL,2025-02-03,226.3672,USD,YAHOO
AAPL,2025-02-04,231.1227,USD,YAHOO
AAPL,2025-02-05,230.7951,USD,YAHOO
AAPL,2025-02-06,231.5397,USD,YAHOO
AAPL,2025-02-07,225.99,USD,YAHOO
AAPL,2025-02-10,226.2583,USD,YAHOO
AAPL,2025-02-11,231.198,USD,YAHOO
AAPL,2025-02-12,235.422,USD,YAHOO
AAPL,2025-02-13,240.0535,USD,YAHOO
AAPL,2025-02-14,243.1047,USD,YAHOO
AAPL,2025-02-18,242.9755,USD,YAHOO
AAPL,2025-02-19,243.373,USD,YAHOO
AAPL,2025-02-20,244.3272,USD,YAHOO
AAPL,2025-02-21,244.0489,USD,YAHOO
AAPL,2025-02-24,245.5894,USD,YAHOO
AAPL,2025-02-25,245.5298,USD,YAHOO
AAPL,2025-02-26,238.8907,USD,YAHOO
AAPL,2025-02-27,235.8493,USD,YAHOO
AAPL,2025-02-28,240.3616,USD,YAHOO
AAPL,2025-03-03,236.5749,USD,YAHOO
AAPL,2025-03-04,234.4877,USD,YAHOO
AAPL,2025-03-05,234.2989,USD,YAHOO
AAPL,2025-03-06,233.8914,USD,YAHOO
AAPL,2025-03-07,237.6085,USD,YAHOO
AAPL,2025-03-10,226.0894,USD,YAHOO
AAPL,2025-03-11,219.49,USD,YAHOO
AAPL,2025-03-12,215.6536,USD,YAHOO
AAPL,2025-03-13,208.3982,USD,YAHOO
AAPL,2025-03-14,212.1849,USD,YAHOO
AAPL,2025-03-17,212.6918,USD,YAHOO
AAPL,2025-03-18,211.3898,USD,YAHOO
AAPL,2025-03-19,213.9242,USD,YAHOO
AAPL,2025-03-20,212.7912,USD,YAHOO
AAPL,2025-03-21,216.9357,USD,YAHOO
AAPL,2025-03-24,219.3806,USD,YAHOO
AAPL,2025-03-25,222.3822,USD,YAHOO
AAPL,2025-03-26,220.1758,USD,YAHOO
AAPL,2025-03-27,222.4816,USD,YAHOO
AAPL,2025-03-28,216.5679,USD,YAHOO
AAPL,2025-03-31,220.7721,USD,YAHOO
AAPL,2025-04-01,221.8256,USD,YAHOO
AAPL,2025-04-02,222.5213,USD,YAHOO
AAPL,2025-04-03,201.9479,USD,YAHOO
AAPL,2025-04-04,187.2284,USD,YAHOO
AAPL,2025-04-07,180.3507,USD,YAHOO
AAPL,2025-04-08,171.366,USD,YAHOO
AAPL,2025-04-09,197.6344,USD,YAHOO
AAPL,2025-04-10,189.2559,USD,YAHOO
AAPL,2025-04-11,196.9387,USD,YAHOO
AAPL,2025-04-14,201.282,USD,YAHOO
AAPL,2025-04-15,200.9043,USD,YAHOO
AAPL,2025-04-16,193.0824,USD,YAHOO
AAPL,2025-04-17,195.7758,USD,YAHOO
AAPL,2025-04-21,191.9792,USD,YAHOO
AAPL,2025-04-22,198.519,USD,YAHOO
AAPL,2025-04-23,203.3493,USD,YAHOO
AAPL,2025-04-24,207.0962,USD,YAHOO
AAPL,2025-04-25,208.0006,USD,YAHOO
AAPL,2025-04-28,208.8554,USD,YAHOO
AAPL,2025-04-29,209.9188,USD,YAHOO
AAPL,2025-04-30,211.201,USD,YAHOO
AAPL,2025-05-01,212.0159,USD,YAHOO
AAPL,2025-05-02,204.0947,USD,YAHOO
AAPL,2025-05-05,197.6741,USD,YAHOO
AAPL,2025-05-06,197.2965,USD,YAHOO
AAPL,2025-05-07,195.0503,USD,YAHOO
AAPL,2025-05-08,196.2827,USD,YAHOO
AAPL,2025-05-09,197.3163,USD,YAHOO
AAPL,2025-05-12,209.7761,USD,YAHOO
AAPL,2025-05-13,211.9059,USD,YAHOO
AAPL,2025-05-14,211.3087,USD,YAHOO
AAPL,2025-05-15,210.433,USD,YAHOO
AAPL,2025-05-16,210.2439,USD,YAHOO
AAPL,2025-05-19,207.7758,USD,YAHOO
AAPL,2025-05-20,205.865,USD,YAHOO
AAPL,2025-05-21,201.118,USD,YAHOO
AAPL,2025-05-22,200.3915,USD,YAHOO
AAPL,2025-05-23,194.3308,USD,YAHOO
AAPL,2025-05-27,199.2471,USD,YAHOO
AAPL,2025-05-28,199.456,USD,YAHOO
AAPL,2025-05-29,198.9883,USD,YAHOO
AAPL,2025-05-30,199.8839,USD,YAHOO
AAPL,2025-06-02,200.7298,USD,YAHOO
AAPL,2025-06-03,202.2923,USD,YAHOO
AAPL,2025-06-04,201.8445,USD,YAHOO
AAPL,2025-06-05,199.665,USD,YAHOO
AAPL,2025-06-06,202.9392,USD,YAHOO
AAPL,2025-06-09,200.4811,USD,YAHOO
AAPL,2025-06-10,201.6952,USD,YAHOO
AAPL,2025-06-11,197.8239,USD,YAHOO
AAPL,2025-06-12,198.2419,USD,YAHOO
AAPL,2025-06-13,195.5051,USD,YAHOO
AAPL,2025-06-16,197.4656,USD,YAHOO
AAPL,2025-06-17,194.699,USD,YAHOO
AAPL,2025-06-18,195.6345,USD,YAHOO
AAPL,2025-06-20,200.0332,USD,YAHOO
AAPL,2025-06-23,200.5308,USD,YAHOO
AAPL,2025-06-24,199.3366,USD,YAHOO
AAPL,2025-06-25,200.5905,USD,YAHOO
AAPL,2025-06-26,200.0332,USD,YAHOO
AAPL,2025-06-27,200.1128,USD,YAHOO
AAPL,2025-06-30,204.1832,USD,YAHOO
AAPL,2025-07-01,206.8204,USD,YAHOO
AAPL,2025-07-02,211.4182,USD,YAHOO
AAPL,2025-07-03,212.5229,USD,YAHOO
AAPL,2025-07-07,208.9402,USD,YAHOO
AAPL,2025-07-08,208.9999,USD,YAHOO
AAPL,2025-07-09,210.1245,USD,YAHOO
AAPL,2025-07-10,211.3884,USD,YAHOO
AAPL,2025-07-11,210.1444,USD,YAHOO
AAPL,2025-07-14,207.6166,USD,YAHOO
AAPL,2025-07-15,208.1042,USD,YAHOO
AAPL,2025-07-16,209.1492,USD,YAHOO
AAPL,2025-07-17,209.0098,USD,YAHOO
AAPL,2025-07-18,210.1643,USD,YAHOO
AAPL,2025-07-21,211.458,USD,YAHOO
AAPL,2025-07-22,213.3688,USD,YAHOO
AAPL,2025-07-23,213.12,USD,YAHOO
AAPL,2025-07-24,212.7319,USD,YAHOO
AAPL,2025-07-25,212.8513,USD,YAHOO
AAPL,2025-07-28,213.0205,USD,YAHOO
AAPL,2025-07-29,210.2538,USD,YAHOO
AAPL,2025-07-30,208.0445,USD,YAHOO
AAPL,2025-07-31,206.5716,USD,YAHOO
AAPL,2025-08-01,201.4066,USD,YAHOO
AAPL,2025-08-04,202.3719,USD,YAHOO
AAPL,2025-08-05,201.944,USD,YAHOO
AAPL,2025-08-06,212.2243,USD,YAHOO
AAPL,2025-08-07,218.9717,USD,YAHOO
AAPL,2025-08-08,228.2469,USD,YAHOO
AAPL,2025-08-11,226.3439,USD,YAHOO
AAPL,2025-08-12,228.8048,USD,YAHOO
AAPL,2025-08-13,232.4713,USD,YAHOO
AAPL,2025-08-14,231.9233,USD,YAHOO
AAPL,2025-08-15,230.7376,USD,YAHOO
AAPL,2025-08-18,230.0402,USD,YAHOO
AAPL,2025-08-19,229.7114,USD,YAHOO
AAPL,2025-08-20,225.1782,USD,YAHOO
AAPL,2025-08-21,224.0723,USD,YAHOO
AAPL,2025-08-22,226.9217,USD,YAHOO
AAPL,2025-08-25,226.324,USD,YAHOO
AAPL,2025-08-26,228.466,USD,YAHOO
AAPL,2025-08-27,229.6417,USD,YAHOO
AAPL,2025-08-28,231.7041,USD,YAHOO
AAPL,2025-08-29,231.2856,USD,YAHOO
AAPL,2025-09-02,228.8746,USD,YAHOO
AAPL,2025-09-03,237.5923,USD,YAHOO
AAPL,2025-09-04,238.8975,USD,YAHOO
AAPL,2025-09-05,238.8078,USD,YAHOO
AAPL,2025-09-08,237.0045,USD,YAHOO
AAPL,2025-09-09,233.4875,USD,YAHOO
AAPL,2025-09-10,225.9553,USD,YAHOO
AAPL,2025-09-11,229.1834,USD,YAHOO
AAPL,2025-09-12,233.2085,USD,YAHOO
AAPL,2025-09-15,235.8288,USD,YAHOO
AAPL,2025-09-16,237.2735,USD,YAHOO
AAPL,2025-09-17,238.1104,USD,YAHOO
AAPL,2025-09-18,237.0045,USD,YAHOO
AAPL,2025-09-19,244.5965,USD,YAHOO
AAPL,2025-09-22,255.1375,USD,YAHOO
AAPL,2025-09-23,253.4936,USD,YAHOO
AAPL,2025-09-24,251.3814,USD,YAHOO
AAPL,2025-09-25,255.9246,USD,YAHOO
AAPL,2025-09-26,254.5198,USD,YAHOO
AAPL,2025-09-29,253.4936,USD,YAHOO
AAPL,2025-09-30,253.6929,USD,YAHOO
AAPL,2025-10-01,254.5098,USD,YAHOO
AAPL,2025-10-02,256.1837,USD,YAHOO
AAPL,2025-10-03,257.0704,USD,YAHOO
AAPL,2025-10-06,255.7453,USD,YAHOO
AAPL,2025-10-07,255.5361,USD,YAHOO
AAPL,2025-10-08,257.1103,USD,YAHOO
AAPL,2025-10-09,253.105,USD,YAHOO
AAPL,2025-10-10,244.3673,USD,YAHOO
AAPL,2025-10-13,246.7485,USD,YAHOO
AAPL,2025-10-14,246.8581,USD,YAHOO
AAPL,2025-10-15,248.4223,USD,YAHOO
AAPL,2025-10-16,246.5393,USD,YAHOO
AAPL,2025-10-17,251.3615,USD,YAHOO
AAPL,2025-10-20,261.2748,USD,YAHOO
AAPL,2025-10-21,261.8029,USD,YAHOO
AAPL,2025-10-22,257.4988,USD,YAHOO
AAPL,2025-10-23,258.6246,USD,YAHOO
AAPL,2025-10-24,261.8527,USD,YAHOO
AAPL,2025-10-27,267.8206,USD,YAHOO
AAPL,2025-10-28,268.0099,USD,YAHOO
AAPL,2025-10-29,268.7074,USD,YAHOO
AAPL,2025-10-30,270.4011,USD,YAHOO
AAPL,2025-10-31,269.3749,USD,YAHOO
AAPL,2025-11-03,268.0598,USD,YAHOO
AAPL,2025-11-04,269.0461,USD,YAHOO
AAPL,2025-11-05,269.1458,USD,YAHOO
AAPL,2025-11-06,268.7771,USD,YAHOO
AAPL,2025-11-07,267.4819,USD,YAHOO
AAPL,2025-11-10,268.6986,USD,YAHOO
AAPL,2025-11-11,274.5028,USD,YAHOO
AAPL,2025-11-12,272.7277,USD,YAHOO
AAPL,2025-11-13,272.2091,USD,YAHOO
AAPL,2025-11-14,271.6705,USD,YAHOO
AAPL,2025-11-17,266.734,USD,YAHOO
AAPL,2025-11-18,266.714,USD,YAHOO
AAPL,2025-11-19,267.831,USD,YAHOO
AAPL,2025-11-20,265.5273,USD,YAHOO
AAPL,2025-11-21,270.753,USD,YAHOO
AAPL,2025-11-24,275.171,USD,YAHOO
AAPL,2025-11-25,276.2181,USD,YAHOO
AAPL,2025-11-26,276.7966,USD,YAHOO
AAPL,2025-11-28,278.093,USD,YAHOO
AAPL,2025-12-01,282.3315,USD,YAHOO
AAPL,2025-12-02,285.4131,USD,YAHOO
AAPL,2025-12-03,283.3787,USD,YAHOO
AAPL,2025-12-04,279.938,USD,YAHOO
AAPL,2025-12-05,278.0232,USD,YAHOO
AAPL,2025-12-08,277.1357,USD,YAHOO
AAPL,2025-12-09,276.4276,USD,YAHOO
AAPL,2025-12-10,278.0232,USD,YAHOO
AAPL,2025-12-11,277.2752,USD,YAHOO
AAPL,2025-12-12,277.5246,USD,YAHOO
AAPL,2025-12-15,273.3659,USD,YAHOO
AAPL,2025-12-16,273.8645,USD,YAHOO
AAPL,2025-12-17,271.1021,USD,YAHOO
AAPL,2025-12-18,271.4511,USD,YAHOO
AAPL,2025-12-19,272.9272,USD,YAHOO
AAPL,2025-12-22,270.2344,USD,YAHOO
AAPL,2025-12-23,271.6207,USD,YAHOO
AAPL,2025-12-24,273.0667,USD,YAHOO
AAPL,2025-12-26,272.6578,USD,YAHOO
AAPL,2025-12-29,273.0169,USD,YAHOO
AAPL,2025-12-30,272.3387,USD,YAHOO
AAPL,2025-12-31,271.122,USD,YAHOO
AAPL,2026-01-02,270.2744,USD,YAHOO
AAPL,2026-01-05,266.5345,USD,YAHOO
AAPL,2026-01-06,261.6478,USD,YAHOO
AAPL,2026-01-07,259.6233,USD,YAHOO
AAPL,2026-01-08,258.3369,USD,YAHOO
AAPL,2026-01-09,258.6659,USD,YAHOO
AAPL,2026-01-12,259.5435,USD,YAHOO
AAPL,2026-01-13,260.3414,USD,YAHOO
AAPL,2026-01-14,259.2543,USD,YAHOO
AAPL,2026-01-15,257.5091,USD,YAHOO
AAPL,2026-01-16,254.8364,USD,YAHOO
AAPL,2026-01-20,246.0303,USD,YAHOO
AAPL,2026-01-21,246.9778,USD,YAHOO
AAPL,2026-01-22,247.6758,USD,YAHOO
AAPL,2026-01-23,247.3667,USD,YAHOO
AAPL,2026-01-26,254.7167,USD,YAHOO
AAPL,2026-01-27,257.5689,USD,YAHOO
AAPL,2026-01-28,255.7439,USD,YAHOO
AAPL,2026-01-29,257.5789,USD,YAHOO
AAPL,2026-01-30,258.7756,USD,YAHOO
AAPL,2026-02-02,269.2771,USD,YAHOO
AAPL,2026-02-03,268.7485,USD,YAHOO
AAPL,2026-02-04,275.7394,USD,YAHOO
AAPL,2026-02-05,275.161,USD,YAHOO
AAPL,2026-02-06,277.3651,USD,YAHOO
AAPL,2026-02-09,274.1308,USD,YAHOO
AAPL,2026-02-10,273.1924,USD,YAHOO
AAPL,2026-02-11,275.0092,USD,YAHOO
AAPL,2026-02-12,261.2638,USD,YAHOO
AAPL,2026-02-13,255.3244,USD,YAHOO
AAPL,2026-02-17,263.4099,USD,YAHOO
AAPL,2026-02-18,263.8791,USD,YAHOO
AAPL,2026-02-19,260.1158,USD,YAHOO
AAPL,2026-02-20,264.1087,USD,YAHOO
AAPL,2026-02-23,265.7058,USD,YAHOO
AAPL,2026-02-24,271.6552,USD,YAHOO
AAPL,2026-02-25,273.7415,USD,YAHOO
AAPL,2026-02-26,272.4638,USD,YAHOO
AAPL,2026-02-27,263.7094,USD,YAHOO
AAPL,2026-03-02,264.2484,USD,YAHOO
AAPL,2026-03-03,263.2802,USD,YAHOO
AAPL,2026-03-04,262.0523,USD,YAHOO
AAPL,2026-03-05,259.8263,USD,YAHOO
AAPL,2026-03-06,257.0013,USD,YAHOO
AAPL,2026-03-09,259.4171,USD,YAHOO
AAPL,2026-03-10,260.3654,USD,YAHOO
AAPL,2026-03-11,260.3454,USD,YAHOO
AAPL,2026-03-12,255.3044,USD,YAHOO
AAPL,2026-03-13,249.6744,USD,YAHOO
AAPL,2026-03-16,252.3696,USD,YAHOO
AAPL,2026-03-17,253.7771,USD,YAHOO
AAPL,2026-03-18,249.4948,USD,YAHOO
AAPL,2026-03-19,248.5165,USD,YAHOO
AAPL,2026-03-20,247.5482,USD,YAHOO
AAPL,2026-03-23,251.042,USD,YAHOO
AAPL,2026-03-24,251.1917,USD,YAHOO
AAPL,2026-03-25,252.17,USD,YAHOO
AAPL,2026-03-26,252.4395,USD,YAHOO
AAPL,2026-03-27,248.3568,USD,YAHOO
AAPL,2026-03-30,246.1907,USD,YAHOO
AAPL,2026-03-31,253.3379,USD,YAHOO
AAPL,2026-04-01,255.1746,USD,YAHOO
AAPL,2026-04-02,255.4641,USD,YAHOO
AAPL,2026-04-06,258.3989,USD,YAHOO
AAPL,2026-04-07,253.0484,USD,YAHOO
AAPL,2026-04-08,258.4388,USD,YAHOO
AAPL,2026-04-09,260.026,USD,YAHOO
AAPL,2026-04-10,260.016,USD,YAHOO
AAPL,2026-04-13,258.7383,USD,YAHOO
AAPL,2026-04-14,258.3689,USD,YAHOO
AAPL,2026-04-15,265.9554,USD,YAHOO
AAPL,2026-04-16,262.9308,USD,YAHOO
AAPL,2026-04-17,269.7486,USD,YAHOO
AAPL,2026-04-20,272.5636,USD,YAHOO
AAPL,2026-04-21,265.6959,USD,YAHOO
AAPL,2026-04-22,272.6834,USD,YAHOO
AAPL,2026-04-23,272.9429,USD,YAHOO
AAPL,2026-04-24,270.5771,USD,YAHOO
AAPL,2026-04-27,267.1333,USD,YAHOO
AAPL,2026-04-28,270.2278,USD,YAHOO
AAPL,2026-04-29,269.6887,USD,YAHOO
AAPL,2026-04-30,270.8666,USD,YAHOO
AAPL,2026-05-01,279.641,USD,YAHOO
AAPL,2026-05-04,276.3368,USD,YAHOO
AAPL,2026-05-05,283.6738,USD,YAHOO
AAPL,2026-05-06,286.9979,USD,YAHOO
AAPL,2026-05-07,286.928,USD,YAHOO
AAPL,2026-05-08,292.7975,USD,YAHOO
AAPL,2026-05-11,292.4278,USD,YAHOO
AAPL,2026-05-12,294.546,USD,YAHOO
AAPL,2026-05-13,298.6125,USD,YAHOO
AAPL,2026-05-14,297.953,USD,YAHOO
AAPL,2026-05-15,299.9713,USD,YAHOO
AAPL,2026-05-18,297.5833,USD,YAHOO
AAPL,2026-05-19,298.7124,USD,YAHOO
AAPL,2026-05-20,301.9896,USD,YAHOO
AAPL,2026-05-21,304.7272,USD,YAHOO
AAPL,2026-05-22,308.5539,USD,YAHOO
AAPL,2026-05-26,308.0643,USD,YAHOO
AAPL,2026-05-27,310.5822,USD,YAHOO
AAPL,2026-05-28,312.2407,USD,YAHOO
AAPL,2026-05-29,311.7911,USD,YAHOO
AAPL,2026-06-01,306.0461,USD,YAHOO
AAPL,2026-06-02,314.9284,USD,YAHOO
AAPL,2026-06-03,309.9926,USD,YAHOO
AAPL,2026-06-04,310.9618,USD,YAHOO
AAPL,2026-06-05,307.0752,USD,YAHOO
AAPL,2026-06-08,301.2802,USD,YAHOO
AAPL,2026-06-09,290.2996,USD,YAHOO
AAPL,2026-06-10,291.3287,USD,YAHOO
AAPL,2026-06-11,295.3752,USD,YAHOO
AAPL,2026-06-12,290.8792,USD,YAHOO
AAPL,2026-06-15,296.1646,USD,YAHOO
AAPL,2026-06-16,298.9821,USD,YAHOO
AAPL,2026-06-17,295.695,USD,YAHOO
AAPL,2026-06-18,297.7532,USD,YAHOO
AAPL,2026-06-22,296.7541,USD,YAHOO
AAPL,2026-06-23,294.0464,USD,YAHOO
AAPL,2026-06-24,292.8274,USD,YAHOO
AAPL,2026-06-25,274.9129,USD,YAHOO
AAPL,2026-06-26,283.5355,USD,YAHOO
AAPL,2026-06-29,281.4972,USD,YAHOO
AAPL,2026-06-30,289.1107,USD,YAHOO
AAPL,2026-07-01,294.1263,USD,YAHOO
AAPL,2026-07-02,308.364,USD,YAHOO
AAPL,2026-07-06,312.3906,USD,YAHOO
AAPL,2026-07-07,310.3923,USD,YAHOO
AAPL,2026-07-08,313.12,USD,YAHOO
AAPL,2026-07-09,315.9475,USD,YAHOO
AAPL,2026-07-10,315.0483,USD,YAHOO
AAPL,2026-07-13,317.0366,USD,YAHOO
AAPL,2026-07-14,314.5887,USD,YAHOO
AAPL,2026-07-15,327.2178,USD,YAHOO
AAPL,2026-07-16,332.9728,USD,YAHOO
AAPL,2026-07-17,333.4524,USD,YAHOO
AAPL,2026-07-20,326.3086,USD,YAHOO
AAPL,2026-07-21,327.4576,USD,YAHOO
AAPL,2026-07-22,325.6092,USD,YAHOO
AAPL,2026-07-23,321.3828,USD,YAHOO
AAPL,2026-07-24,332.733,USD,YAHOO
AAPL,2026-07-27,336.6197,USD,YAHOO
AAPL,2026-07-28,339.7869,USD,YAHOO
AAPL,2026-07-29,337.8986,USD,YAHOO
AAPL,2026-07-30,333.1427,USD,YAHOO
AAPL,2026-07-31,308.6438,USD,YAHOO
AAPL,2026-08-03,303.1586,USD,YAHOO
AAPL,2026-08-04,309.1134,USD,YAHOO
AAPL,2026-08-05,310.732,USD,YAHOO
AAPL,2026-08-06,312.1408,USD,YAHOO
AAPL,2026-08-07,313.06,USD,YAHOO
AAPL,2026-08-10,308.26,USD,YAHOO
AAPL,2026-08-11,304.91,USD,YAHOO
AAPL,2026-08-12,302.25,USD,YAHOO
AAPL,2026-08-13,305.26,USD,YAHOO
AAPL,2026-08-14,305.93,USD,YAHOO
AAPL,2026-08-17,305.59,USD,YAHOO
AAPL,2026-08-18,310.03,USD,YAHOO
AAPL,2026-08-19,316.83,USD,YAHOO
AAPL,2026-08-20,311.3,USD,YAHOO
AAPL,2026-08-21,309.35,USD,YAHOO
AAPL,2026-08-24,310.34,USD,YAHOO
AAPL,2026-08-25,309.9,USD,YAHOO
AAPL,2026-08-26,313.45,USD,YAHOO
AAPL,2026-08-27,314.58,USD,YAHOO
AAPL,2026-08-28,319.7,USD,YAHOO
AAPL,2026-08-31,316.85,USD,YAHOO
AAPL,2026-09-01,325.13,USD,YAHOO
AAPL,2026-09-02,324.96,USD,YAHOO
AAPL,2026-09-03,328.21,USD,YAHOO
AAPL,2026-09-04,319.97,USD,YAHOO
AAPL,2026-09-08,316.22,USD,YAHOO
AAPL,2026-09-09,315.34,USD,YAHOO
AAPL,2026-09-10,326.57,USD,YAHOO
AAPL,2026-09-11,332.27,USD,YAHOO
AGG,2023-09-14,85.369,USD,YAHOO
AGG,2023-09-15,85.1728,USD,YAHOO
AGG,2023-09-18,85.2977,USD,YAHOO
AGG,2023-09-19,85.0479,USD,YAHOO
AGG,2023-09-20,85.0033,USD,YAHOO
AGG,2023-09-21,84.4235,USD,YAHOO
AGG,2023-09-22,84.7803,USD,YAHOO
AGG,2023-09-25,84.1114,USD,YAHOO
AGG,2023-09-26,84.0043,USD,YAHOO
AGG,2023-09-27,83.71,USD,YAHOO
AGG,2023-09-28,83.9597,USD,YAHOO
AGG,2023-09-29,83.8794,USD,YAHOO
AGG,2023-10-02,83.2954,USD,YAHOO
AGG,2023-10-03,82.6425,USD,YAHOO
AGG,2023-10-04,83.2238,USD,YAHOO
AGG,2023-10-05,83.2775,USD,YAHOO
AGG,2023-10-06,82.9555,USD,YAHOO
AGG,2023-10-09,83.8142,USD,YAHOO
AGG,2023-10-10,83.7337,USD,YAHOO
AGG,2023-10-11,84.1182,USD,YAHOO
AGG,2023-10-12,83.3938,USD,YAHOO
AGG,2023-10-13,83.7516,USD,YAHOO
AGG,2023-10-16,83.2865,USD,YAHOO
AGG,2023-10-17,82.6872,USD,YAHOO
AGG,2023-10-18,82.3026,USD,YAHOO
AGG,2023-10-19,81.9896,USD,YAHOO
AGG,2023-10-20,82.2847,USD,YAHOO
AGG,2023-10-23,82.6067,USD,YAHOO
AGG,2023-10-24,82.9019,USD,YAHOO
AGG,2023-10-25,82.2847,USD,YAHOO
AGG,2023-10-26,82.8393,USD,YAHOO
AGG,2023-10-27,82.8124,USD,YAHOO
AGG,2023-10-30,82.6157,USD,YAHOO
AGG,2023-10-31,82.562,USD,YAHOO
AGG,2023-11-01,83.4743,USD,YAHOO
AGG,2023-11-02,83.9767,USD,YAHOO
AGG,2023-11-03,84.488,USD,YAHOO
AGG,2023-11-06,84.0664,USD,YAHOO
AGG,2023-11-07,84.515,USD,YAHOO
AGG,2023-11-08,84.802,USD,YAHOO
AGG,2023-11-09,84.0933,USD,YAHOO
AGG,2023-11-10,84.2907,USD,YAHOO
AGG,2023-11-13,84.2817,USD,YAHOO
AGG,2023-11-14,85.3403,USD,YAHOO
AGG,2023-11-15,84.811,USD,YAHOO
AGG,2023-11-16,85.2775,USD,YAHOO
AGG,2023-11-17,85.4479,USD,YAHOO
AGG,2023-11-20,85.5825,USD,YAHOO
AGG,2023-11-21,85.6722,USD,YAHOO
AGG,2023-11-22,85.7529,USD,YAHOO
AGG,2023-11-24,85.3582,USD,YAHOO
AGG,2023-11-27,85.8427,USD,YAHOO
AGG,2023-11-28,86.2194,USD,YAHOO
AGG,2023-11-29,86.6411,USD,YAHOO
AGG,2023-11-30,86.354,USD,YAHOO
AGG,2023-12-01,87.1133,USD,YAHOO
AGG,2023-12-04,86.7804,USD,YAHOO
AGG,2023-12-05,87.3562,USD,YAHOO
AGG,2023-12-06,87.5811,USD,YAHOO
AGG,2023-12-07,87.6081,USD,YAHOO
AGG,2023-12-08,87.1673,USD,YAHOO
AGG,2023-12-11,87.1763,USD,YAHOO
AGG,2023-12-12,87.4372,USD,YAHOO
AGG,2023-12-13,88.5348,USD,YAHOO
AGG,2023-12-14,89.2493,USD,YAHOO
AGG,2023-12-15,89.0418,USD,YAHOO
AGG,2023-12-18,88.8614,USD,YAHOO
AGG,2023-12-19,88.9696,USD,YAHOO
AGG,2023-12-20,89.2944,USD,YAHOO
AGG,2023-12-21,89.2854,USD,YAHOO
AGG,2023-12-22,89.1681,USD,YAHOO
AGG,2023-12-26,89.3486,USD,YAHOO
AGG,2023-12-27,89.917,USD,YAHOO
AGG,2023-12-28,89.7185,USD,YAHOO
AGG,2023-12-29,89.5471,USD,YAHOO
AGG,2024-01-02,89.123,USD,YAHOO
AGG,2024-01-03,89.1681,USD,YAHOO
AGG,2024-01-04,88.8072,USD,YAHOO
AGG,2024-01-05,88.5997,USD,YAHOO
AGG,2024-01-08,88.9335,USD,YAHOO
AGG,2024-01-09,88.9155,USD,YAHOO
AGG,2024-01-10,88.7441,USD,YAHOO
AGG,2024-01-11,89.2493,USD,YAHOO
AGG,2024-01-12,89.4118,USD,YAHOO
AGG,2024-01-16,88.7441,USD,YAHOO
AGG,2024-01-17,88.5005,USD,YAHOO
AGG,2024-01-18,88.4193,USD,YAHOO
AGG,2024-01-19,88.4373,USD,YAHOO
AGG,2024-01-22,88.5997,USD,YAHOO
AGG,2024-01-23,88.3832,USD,YAHOO
AGG,2024-01-24,88.1847,USD,YAHOO
AGG,2024-01-25,88.5817,USD,YAHOO
AGG,2024-01-26,88.4824,USD,YAHOO
AGG,2024-01-29,88.8343,USD,YAHOO
AGG,2024-01-30,89.0057,USD,YAHOO
AGG,2024-01-31,89.4118,USD,YAHOO
AGG,2024-02-01,89.9212,USD,YAHOO
AGG,2024-02-02,89.0977,USD,YAHOO
AGG,2024-02-05,88.3648,USD,YAHOO
AGG,2024-02-06,88.8263,USD,YAHOO
AGG,2024-02-07,88.6453,USD,YAHOO
AGG,2024-02-08,88.3738,USD,YAHOO
AGG,2024-02-09,88.3466,USD,YAHOO
AGG,2024-02-12,88.3648,USD,YAHOO
AGG,2024-02-13,87.5503,USD,YAHOO
AGG,2024-02-14,87.9395,USD,YAHOO
AGG,2024-02-15,88.1476,USD,YAHOO
AGG,2024-02-16,87.8671,USD,YAHOO
AGG,2024-02-20,87.9485,USD,YAHOO
AGG,2024-02-21,87.6861,USD,YAHOO
AGG,2024-02-22,87.7585,USD,YAHOO
AGG,2024-02-23,88.0842,USD,YAHOO
AGG,2024-02-26,87.8942,USD,YAHOO
AGG,2024-02-27,87.7766,USD,YAHOO
AGG,2024-02-28,87.9485,USD,YAHOO
AGG,2024-02-29,88.0933,USD,YAHOO
AGG,2024-03-01,88.5162,USD,YAHOO
AGG,2024-03-04,88.2984,USD,YAHOO
AGG,2024-03-05,88.7794,USD,YAHOO
AGG,2024-03-06,88.9155,USD,YAHOO
AGG,2024-03-07,89.1061,USD,YAHOO
AGG,2024-03-08,89.1878,USD,YAHOO
AGG,2024-03-11,89.088,USD,YAHOO
AGG,2024-03-12,88.8611,USD,YAHOO
AGG,2024-03-13,88.6977,USD,YAHOO
AGG,2024-03-14,88.135,USD,YAHOO
AGG,2024-03-15,88.1259,USD,YAHOO
AGG,2024-03-18,88.0352,USD,YAHOO
AGG,2024-03-19,88.253,USD,YAHOO
AGG,2024-03-20,88.4345,USD,YAHOO
AGG,2024-03-21,88.498,USD,YAHOO
AGG,2024-03-22,88.7794,USD,YAHOO
AGG,2024-03-25,88.6161,USD,YAHOO
AGG,2024-03-26,88.7068,USD,YAHOO
AGG,2024-03-27,88.9972,USD,YAHOO
AGG,2024-03-28,88.8883,USD,YAHOO
AGG,2024-04-01,88.242,USD,YAHOO
AGG,2024-04-02,88.1783,USD,YAHOO
AGG,2024-04-03,88.2329,USD,YAHOO
AGG,2024-04-04,88.4423,USD,YAHOO
AGG,2024-04-05,88.0054,USD,YAHOO
AGG,2024-04-08,87.9234,USD,YAHOO
AGG,2024-04-09,88.2238,USD,YAHOO
AGG,2024-04-10,87.1679,USD,YAHOO
AGG,2024-04-11,87.1861,USD,YAHOO
AGG,2024-04-12,87.3499,USD,YAHOO
AGG,2024-04-15,86.822,USD,YAHOO
AGG,2024-04-16,86.5762,USD,YAHOO
AGG,2024-04-17,86.9767,USD,YAHOO
AGG,2024-04-18,86.731,USD,YAHOO
AGG,2024-04-19,86.822,USD,YAHOO
AGG,2024-04-22,86.8766,USD,YAHOO
AGG,2024-04-23,87.0587,USD,YAHOO
AGG,2024-04-24,86.8311,USD,YAHOO
AGG,2024-04-25,86.5853,USD,YAHOO
AGG,2024-04-26,86.7765,USD,YAHOO
AGG,2024-04-29,87.0405,USD,YAHOO
AGG,2024-04-30,86.6855,USD,YAHOO
AGG,2024-05-01,86.9913,USD,YAHOO
AGG,2024-05-02,87.384,USD,YAHOO
AGG,2024-05-03,87.8314,USD,YAHOO
AGG,2024-05-06,87.8953,USD,YAHOO
AGG,2024-05-07,88.0779,USD,YAHOO
AGG,2024-05-08,87.8953,USD,YAHOO
AGG,2024-05-09,88.0597,USD,YAHOO
AGG,2024-05-10,87.8771,USD,YAHOO
AGG,2024-05-13,87.9227,USD,YAHOO
AGG,2024-05-14,88.1601,USD,YAHOO
AGG,2024-05-15,88.7445,USD,YAHOO
AGG,2024-05-16,88.6441,USD,YAHOO
AGG,2024-05-17,88.361,USD,YAHOO
AGG,2024-05-20,88.2788,USD,YAHOO
AGG,2024-05-21,88.4432,USD,YAHOO
AGG,2024-05-22,88.3336,USD,YAHOO
AGG,2024-05-23,88.0871,USD,YAHOO
AGG,2024-05-24,88.1875,USD,YAHOO
AGG,2024-05-28,87.7766,USD,YAHOO
AGG,2024-05-29,87.4388,USD,YAHOO
AGG,2024-05-30,87.8497,USD,YAHOO
AGG,2024-05-31,88.1327,USD,YAHOO
AGG,2024-06-03,88.6658,USD,YAHOO
AGG,2024-06-04,88.9864,USD,YAHOO
AGG,2024-06-05,89.2612,USD,YAHOO
AGG,2024-06-06,89.2887,USD,YAHOO
AGG,2024-06-07,88.501,USD,YAHOO
AGG,2024-06-10,88.4277,USD,YAHOO
AGG,2024-06-11,88.7299,USD,YAHOO
AGG,2024-06-12,89.1513,USD,YAHOO
AGG,2024-06-13,89.6001,USD,YAHOO
AGG,2024-06-14,89.6917,USD,YAHOO
AGG,2024-06-17,89.3711,USD,YAHOO
AGG,2024-06-18,89.6917,USD,YAHOO
AGG,2024-06-20,89.536,USD,YAHOO
AGG,2024-06-21,89.5451,USD,YAHOO
AGG,2024-06-24,89.6184,USD,YAHOO
AGG,2024-06-25,89.6092,USD,YAHOO
AGG,2024-06-26,89.2062,USD,YAHOO
AGG,2024-06-27,89.3528,USD,YAHOO
AGG,2024-06-28,88.9131,USD,YAHOO
AGG,2024-07-01,88.4363,USD,YAHOO
AGG,2024-07-02,88.7303,USD,YAHOO
AGG,2024-07-03,89.2081,USD,YAHOO
AGG,2024-07-05,89.6583,USD,YAHOO
AGG,2024-07-08,89.6859,USD,YAHOO
AGG,2024-07-09,89.6032,USD,YAHOO
AGG,2024-07-10,89.695,USD,YAHOO
AGG,2024-07-11,90.1545,USD,YAHOO
AGG,2024-07-12,90.4025,USD,YAHOO
AGG,2024-07-15,90.0901,USD,YAHOO
AGG,2024-07-16,90.4577,USD,YAHOO
AGG,2024-07-17,90.522,USD,YAHOO
AGG,2024-07-18,90.2739,USD,YAHOO
AGG,2024-07-19,90.0901,USD,YAHOO
AGG,2024-07-22,90.0534,USD,YAHOO
AGG,2024-07-23,90.0442,USD,YAHOO
AGG,2024-07-24,89.7685,USD,YAHOO
AGG,2024-07-25,90.0166,USD,YAHOO
AGG,2024-07-26,90.3382,USD,YAHOO
AGG,2024-07-29,90.4852,USD,YAHOO
AGG,2024-07-30,90.5771,USD,YAHOO
AGG,2024-07-31,91.0641,USD,YAHOO
AGG,2024-08-01,91.4456,USD,YAHOO
AGG,2024-08-02,92.4687,USD,YAHOO
AGG,2024-08-05,92.3949,USD,YAHOO
AGG,2024-08-06,91.8419,USD,YAHOO
AGG,2024-08-07,91.5655,USD,YAHOO
AGG,2024-08-08,91.4272,USD,YAHOO
AGG,2024-08-09,91.7498,USD,YAHOO
AGG,2024-08-12,91.9065,USD,YAHOO
AGG,2024-08-13,92.2751,USD,YAHOO
AGG,2024-08-14,92.441,USD,YAHOO
AGG,2024-08-15,92.0539,USD,YAHOO
AGG,2024-08-16,92.2751,USD,YAHOO
AGG,2024-08-19,92.3765,USD,YAHOO
AGG,2024-08-20,92.653,USD,YAHOO
AGG,2024-08-21,92.8281,USD,YAHOO
AGG,2024-08-22,92.4502,USD,YAHOO
AGG,2024-08-23,92.8742,USD,YAHOO
AGG,2024-08-26,92.7913,USD,YAHOO
AGG,2024-08-27,92.8189,USD,YAHOO
AGG,2024-08-28,92.7359,USD,YAHOO
AGG,2024-08-29,92.6161,USD,YAHOO
AGG,2024-08-30,92.3949,USD,YAHOO
AGG,2024-09-03,92.7851,USD,YAHOO
AGG,2024-09-04,93.1919,USD,YAHOO
AGG,2024-09-05,93.4322,USD,YAHOO
AGG,2024-09-06,93.5525,USD,YAHOO
AGG,2024-09-09,93.6911,USD,YAHOO
AGG,2024-09-10,93.9777,USD,YAHOO
AGG,2024-09-11,93.95,USD,YAHOO
AGG,2024-09-12,93.8668,USD,YAHOO
AGG,2024-09-13,94.0609,USD,YAHOO
AGG,2024-09-16,94.2828,USD,YAHOO
AGG,2024-09-17,94.1904,USD,YAHOO
AGG,2024-09-18,93.8945,USD,YAHOO
AGG,2024-09-19,93.9038,USD,YAHOO
AGG,2024-09-20,93.8205,USD,YAHOO
AGG,2024-09-23,93.7836,USD,YAHOO
AGG,2024-09-24,93.913,USD,YAHOO
AGG,2024-09-25,93.5525,USD,YAHOO
AGG,2024-09-26,93.5709,USD,YAHOO
AGG,2024-09-27,93.839,USD,YAHOO
AGG,2024-09-30,93.6264,USD,YAHOO
AGG,2024-10-01,93.874,USD,YAHOO
AGG,2024-10-02,93.6792,USD,YAHOO
AGG,2024-10-03,93.2991,USD,YAHOO
AGG,2024-10-04,92.6963,USD,YAHOO
AGG,2024-10-07,92.381,USD,YAHOO
AGG,2024-10-08,92.5386,USD,YAHOO
AGG,2024-10-09,92.2975,USD,YAHOO
AGG,2024-10-10,92.2419,USD,YAHOO
AGG,2024-10-11,92.2697,USD,YAHOO
AGG,2024-10-14,92.1863,USD,YAHOO
AGG,2024-10-15,92.5572,USD,YAHOO
AGG,2024-10-16,92.6777,USD,YAHOO
AGG,2024-10-17,92.2233,USD,YAHOO
AGG,2024-10-18,92.2883,USD,YAHOO
AGG,2024-10-21,91.6484,USD,YAHOO
AGG,2024-10-22,91.6669,USD,YAHOO
AGG,2024-10-23,91.4351,USD,YAHOO
AGG,2024-10-24,91.6113,USD,YAHOO
AGG,2024-10-25,91.4258,USD,YAHOO
AGG,2024-10-28,91.2775,USD,YAHOO
AGG,2024-10-29,91.3795,USD,YAHOO
AGG,2024-10-30,91.2867,USD,YAHOO
AGG,2024-10-31,91.2682,USD,YAHOO
AGG,2024-11-01,90.9054,USD,YAHOO
AGG,2024-11-04,91.2868,USD,YAHOO
AGG,2024-11-05,91.5007,USD,YAHOO
AGG,2024-11-06,90.7845,USD,YAHOO
AGG,2024-11-07,91.4728,USD,YAHOO
AGG,2024-11-08,91.631,USD,YAHOO
AGG,2024-11-11,91.4263,USD,YAHOO
AGG,2024-11-12,90.8961,USD,YAHOO
AGG,2024-11-13,90.8775,USD,YAHOO
AGG,2024-11-14,90.8403,USD,YAHOO
AGG,2024-11-15,90.8495,USD,YAHOO
AGG,2024-11-18,90.9333,USD,YAHOO
AGG,2024-11-19,91.0635,USD,YAHOO
AGG,2024-11-20,90.9705,USD,YAHOO
AGG,2024-11-21,90.924,USD,YAHOO
AGG,2024-11-22,90.9891,USD,YAHOO
AGG,2024-11-25,91.8078,USD,YAHOO
AGG,2024-11-26,91.6682,USD,YAHOO
AGG,2024-11-27,91.9194,USD,YAHOO
AGG,2024-11-29,92.2822,USD,YAHOO
AGG,2024-12-02,92.2934,USD,YAHOO
AGG,2024-12-03,92.1161,USD,YAHOO
AGG,2024-12-04,92.4147,USD,YAHOO
AGG,2024-12-05,92.4333,USD,YAHOO
AGG,2024-12-06,92.6947,USD,YAHOO
AGG,2024-12-09,92.424,USD,YAHOO
AGG,2024-12-10,92.312,USD,YAHOO
AGG,2024-12-11,92.0974,USD,YAHOO
AGG,2024-12-12,91.7241,USD,YAHOO
AGG,2024-12-13,91.3788,USD,YAHOO
AGG,2024-12-16,91.4628,USD,YAHOO
AGG,2024-12-17,91.4628,USD,YAHOO
AGG,2024-12-18,90.7663,USD,YAHOO
AGG,2024-12-19,90.5322,USD,YAHOO
AGG,2024-12-20,90.7756,USD,YAHOO
AGG,2024-12-23,90.4948,USD,YAHOO
AGG,2024-12-24,90.5977,USD,YAHOO
AGG,2024-12-26,90.6633,USD,YAHOO
AGG,2024-12-27,90.476,USD,YAHOO
AGG,2024-12-30,90.8318,USD,YAHOO
AGG,2024-12-31,90.7195,USD,YAHOO
AGG,2025-01-02,90.7288,USD,YAHOO
AGG,2025-01-03,90.6352,USD,YAHOO
AGG,2025-01-06,90.5416,USD,YAHOO
AGG,2025-01-07,90.2233,USD,YAHOO
AGG,2025-01-08,90.3263,USD,YAHOO
AGG,2025-01-10,89.8207,USD,YAHOO
AGG,2025-01-13,89.7364,USD,YAHOO
AGG,2025-01-14,89.7645,USD,YAHOO
AGG,2025-01-15,90.5416,USD,YAHOO
AGG,2025-01-16,90.7382,USD,YAHOO
AGG,2025-01-17,90.7382,USD,YAHOO
AGG,2025-01-21,91.0378,USD,YAHOO
AGG,2025-01-22,90.8224,USD,YAHOO
AGG,2025-01-23,90.6727,USD,YAHOO
AGG,2025-01-24,90.8224,USD,YAHOO
AGG,2025-01-27,91.328,USD,YAHOO
AGG,2025-01-28,91.2999,USD,YAHOO
AGG,2025-01-29,91.2438,USD,YAHOO
AGG,2025-01-30,91.3748,USD,YAHOO
AGG,2025-01-31,91.1876,USD,YAHOO
AGG,2025-02-03,91.274,USD,YAHOO
AGG,2025-02-04,91.4431,USD,YAHOO
AGG,2025-02-05,91.9315,USD,YAHOO
AGG,2025-02-06,91.8376,USD,YAHOO
AGG,2025-02-07,91.5464,USD,YAHOO
AGG,2025-02-10,91.5746,USD,YAHOO
AGG,2025-02-11,91.3679,USD,YAHOO
AGG,2025-02-12,90.8889,USD,YAHOO
AGG,2025-02-13,91.4337,USD,YAHOO
AGG,2025-02-14,91.7718,USD,YAHOO
AGG,2025-02-18,91.4055,USD,YAHOO
AGG,2025-02-19,91.537,USD,YAHOO
AGG,2025-02-20,91.6779,USD,YAHOO
AGG,2025-02-21,92.0724,USD,YAHOO
AGG,2025-02-24,92.2321,USD,YAHOO
AGG,2025-02-25,92.8051,USD,YAHOO
AGG,2025-02-26,92.9554,USD,YAHOO
AGG,2025-02-27,92.8145,USD,YAHOO
AGG,2025-02-28,93.2278,USD,YAHOO
AGG,2025-03-03,93.4294,USD,YAHOO
AGG,2025-03-04,93.1939,USD,YAHOO
AGG,2025-03-05,92.8735,USD,YAHOO
AGG,2025-03-06,92.7793,USD,YAHOO
AGG,2025-03-07,92.6662,USD,YAHOO
AGG,2025-03-10,93.1091,USD,YAHOO
AGG,2025-03-11,92.7793,USD,YAHOO
AGG,2025-03-12,92.506,USD,YAHOO
AGG,2025-03-13,92.7887,USD,YAHOO
AGG,2025-03-14,92.6003,USD,YAHOO
AGG,2025-03-17,92.7228,USD,YAHOO
AGG,2025-03-18,92.817,USD,YAHOO
AGG,2025-03-19,93.0902,USD,YAHOO
AGG,2025-03-20,93.1468,USD,YAHOO
AGG,2025-03-21,93.0337,USD,YAHOO
AGG,2025-03-24,92.6757,USD,YAHOO
AGG,2025-03-25,92.7605,USD,YAHOO
AGG,2025-03-26,92.5343,USD,YAHOO
AGG,2025-03-27,92.4872,USD,YAHOO
AGG,2025-03-28,93.0243,USD,YAHOO
AGG,2025-03-31,93.2033,USD,YAHOO
AGG,2025-04-01,93.5483,USD,YAHOO
AGG,2025-04-02,93.4444,USD,YAHOO
AGG,2025-04-03,93.9359,USD,YAHOO
AGG,2025-04-04,94.021,USD,YAHOO
AGG,2025-04-07,92.8299,USD,YAHOO
AGG,2025-04-08,92.3478,USD,YAHOO
AGG,2025-04-09,92.5557,USD,YAHOO
AGG,2025-04-10,91.8278,USD,YAHOO
AGG,2025-04-11,91.7333,USD,YAHOO
AGG,2025-04-14,92.2722,USD,YAHOO
AGG,2025-04-15,92.4612,USD,YAHOO
AGG,2025-04-16,92.7543,USD,YAHOO
AGG,2025-04-17,92.5179,USD,YAHOO
AGG,2025-04-21,91.9602,USD,YAHOO
AGG,2025-04-22,92.1304,USD,YAHOO
AGG,2025-04-23,92.3572,USD,YAHOO
AGG,2025-04-24,92.8677,USD,YAHOO
AGG,2025-04-25,93.208,USD,YAHOO
AGG,2025-04-28,93.4632,USD,YAHOO
AGG,2025-04-29,93.6901,USD,YAHOO
AGG,2025-04-30,93.605,USD,YAHOO
AGG,2025-05-01,93.3499,USD,YAHOO
AGG,2025-05-02,92.8947,USD,YAHOO
AGG,2025-05-05,92.7335,USD,YAHOO
AGG,2025-05-06,92.9611,USD,YAHOO
AGG,2025-05-07,93.1033,USD,YAHOO
AGG,2025-05-08,92.6197,USD,YAHOO
AGG,2025-05-09,92.7145,USD,YAHOO
AGG,2025-05-12,92.4015,USD,YAHOO
AGG,2025-05-13,92.3067,USD,YAHOO
AGG,2025-05-14,92.0412,USD,YAHOO
AGG,2025-05-15,92.5628,USD,YAHOO
AGG,2025-05-16,92.6197,USD,YAHOO
AGG,2025-05-19,92.5912,USD,YAHOO
AGG,2025-05-20,92.43,USD,YAHOO
AGG,2025-05-21,91.823,USD,YAHOO
AGG,2025-05-22,92.0886,USD,YAHOO
AGG,2025-05-23,92.2214,USD,YAHOO
AGG,2025-05-27,92.6386,USD,YAHOO
AGG,2025-05-28,92.4679,USD,YAHOO
AGG,2025-05-29,92.8093,USD,YAHOO
AGG,2025-05-30,93.037,USD,YAHOO
AGG,2025-06-02,92.7924,USD,YAHOO
AGG,2025-06-03,92.7258,USD,YAHOO
AGG,2025-06-04,93.2777,USD,YAHOO
AGG,2025-06-05,93.0398,USD,YAHOO
AGG,2025-06-06,92.5641,USD,YAHOO
AGG,2025-06-09,92.6782,USD,YAHOO
AGG,2025-06-10,92.8876,USD,YAHOO
AGG,2025-06-11,93.2016,USD,YAHOO
AGG,2025-06-12,93.5441,USD,YAHOO
AGG,2025-06-13,93.2111,USD,YAHOO
AGG,2025-06-16,93.0208,USD,YAHOO
AGG,2025-06-17,93.3062,USD,YAHOO
AGG,2025-06-18,93.3728,USD,YAHOO
AGG,2025-06-20,93.4585,USD,YAHOO
AGG,2025-06-23,93.6488,USD,YAHOO
AGG,2025-06-24,94.0294,USD,YAHOO
AGG,2025-06-25,94.0199,USD,YAHOO
AGG,2025-06-26,94.2768,USD,YAHOO
AGG,2025-06-27,94.0104,USD,YAHOO
AGG,2025-06-30,94.391,USD,YAHOO
AGG,2025-07-01,94.3041,USD,YAHOO
AGG,2025-07-02,94.1896,USD,YAHOO
AGG,2025-07-03,93.9986,USD,YAHOO
AGG,2025-07-07,93.6645,USD,YAHOO
AGG,2025-07-08,93.6263,USD,YAHOO
AGG,2025-07-09,94.0177,USD,YAHOO
AGG,2025-07-10,93.9891,USD,YAHOO
AGG,2025-07-11,93.5977,USD,YAHOO
AGG,2025-07-14,93.5882,USD,YAHOO
AGG,2025-07-15,93.3113,USD,YAHOO
AGG,2025-07-16,93.445,USD,YAHOO
AGG,2025-07-17,93.4832,USD,YAHOO
AGG,2025-07-18,93.655,USD,YAHOO
AGG,2025-07-21,93.9127,USD,YAHOO
AGG,2025-07-22,94.0941,USD,YAHOO
AGG,2025-07-23,93.8841,USD,YAHOO
AGG,2025-07-24,93.8268,USD,YAHOO
AGG,2025-07-25,93.9795,USD,YAHOO
AGG,2025-07-28,93.8554,USD,YAHOO
AGG,2025-07-29,94.3614,USD,YAHOO
AGG,2025-07-30,94.0941,USD,YAHOO
AGG,2025-07-31,94.1418,USD,YAHOO
AGG,2025-08-01,94.9559,USD,YAHOO
AGG,2025-08-04,95.0326,USD,YAHOO
AGG,2025-08-05,95.0613,USD,YAHOO
AGG,2025-08-06,95.023,USD,YAHOO
AGG,2025-08-07,94.9464,USD,YAHOO
AGG,2025-08-08,94.7644,USD,YAHOO
AGG,2025-08-11,94.8314,USD,YAHOO
AGG,2025-08-12,94.8314,USD,YAHOO
AGG,2025-08-13,95.1763,USD,YAHOO
AGG,2025-08-14,94.9081,USD,YAHOO
AGG,2025-08-15,94.7644,USD,YAHOO
AGG,2025-08-18,94.659,USD,YAHOO
AGG,2025-08-19,94.841,USD,YAHOO
AGG,2025-08-20,94.8985,USD,YAHOO
AGG,2025-08-21,94.6782,USD,YAHOO
AGG,2025-08-22,95.205,USD,YAHOO
AGG,2025-08-25,95.0613,USD,YAHOO
AGG,2025-08-26,95.1763,USD,YAHOO
AGG,2025-08-27,95.272,USD,YAHOO
AGG,2025-08-28,95.387,USD,YAHOO
AGG,2025-08-29,95.2625,USD,YAHOO
AGG,2025-09-02,95.0097,USD,YAHOO
AGG,2025-09-03,95.3557,USD,YAHOO
AGG,2025-09-04,95.74,USD,YAHOO
AGG,2025-09-05,96.1917,USD,YAHOO
AGG,2025-09-08,96.5184,USD,YAHOO
AGG,2025-09-09,96.3262,USD,YAHOO
AGG,2025-09-10,96.5184,USD,YAHOO
AGG,2025-09-11,96.701,USD,YAHOO
AGG,2025-09-12,96.6145,USD,YAHOO
AGG,2025-09-15,96.7779,USD,YAHOO
AGG,2025-09-16,96.8163,USD,YAHOO
AGG,2025-09-17,96.6434,USD,YAHOO
AGG,2025-09-18,96.3743,USD,YAHOO
AGG,2025-09-19,96.3743,USD,YAHOO
AGG,2025-09-22,96.259,USD,YAHOO
AGG,2025-09-23,96.4127,USD,YAHOO
AGG,2025-09-24,96.2301,USD,YAHOO
AGG,2025-09-25,96.0956,USD,YAHOO
AGG,2025-09-26,96.1629,USD,YAHOO
AGG,2025-09-29,96.3454,USD,YAHOO
AGG,2025-09-30,96.3358,USD,YAHOO
AGG,2025-10-01,96.5817,USD,YAHOO
AGG,2025-10-02,96.6877,USD,YAHOO
AGG,2025-10-03,96.5817,USD,YAHOO
AGG,2025-10-06,96.3696,USD,YAHOO
AGG,2025-10-07,96.5335,USD,YAHOO
AGG,2025-10-08,96.5431,USD,YAHOO
AGG,2025-10-09,96.4274,USD,YAHOO
AGG,2025-10-10,96.8227,USD,YAHOO
AGG,2025-10-13,97.0059,USD,YAHOO
AGG,2025-10-14,97.1601,USD,YAHOO
AGG,2025-10-15,97.1216,USD,YAHOO
AGG,2025-10-16,97.4686,USD,YAHOO
AGG,2025-10-17,97.3337,USD,YAHOO
AGG,2025-10-20,97.4976,USD,YAHOO
AGG,2025-10-21,97.594,USD,YAHOO
AGG,2025-10-22,97.5843,USD,YAHOO
AGG,2025-10-23,97.4108,USD,YAHOO
AGG,2025-10-24,97.5072,USD,YAHOO
AGG,2025-10-27,97.5747,USD,YAHOO
AGG,2025-10-28,97.6325,USD,YAHOO
AGG,2025-10-29,97.1698,USD,YAHOO
AGG,2025-10-30,96.9866,USD,YAHOO
AGG,2025-10-31,96.9287,USD,YAHOO
AGG,2025-11-03,96.8098,USD,YAHOO
AGG,2025-11-04,96.8581,USD,YAHOO
AGG,2025-11-05,96.597,USD,YAHOO
AGG,2025-11-06,96.9549,USD,YAHOO
AGG,2025-11-07,96.9162,USD,YAHOO
AGG,2025-11-10,96.8775,USD,YAHOO
AGG,2025-11-11,97.1677,USD,YAHOO
AGG,2025-11-12,97.129,USD,YAHOO
AGG,2025-11-13,96.8388,USD,YAHOO
AGG,2025-11-14,96.7227,USD,YAHOO
AGG,2025-11-17,96.7421,USD,YAHOO
AGG,2025-11-18,96.8001,USD,YAHOO
AGG,2025-11-19,96.8001,USD,YAHOO
AGG,2025-11-20,96.9162,USD,YAHOO
AGG,2025-11-21,97.1483,USD,YAHOO
AGG,2025-11-24,97.3418,USD,YAHOO
AGG,2025-11-25,97.4965,USD,YAHOO
AGG,2025-11-26,97.6513,USD,YAHOO
AGG,2025-11-28,97.5159,USD,YAHOO
AGG,2025-12-01,97.0947,USD,YAHOO
AGG,2025-12-02,97.2209,USD,YAHOO
AGG,2025-12-03,97.4052,USD,YAHOO
AGG,2025-12-04,97.1724,USD,YAHOO
AGG,2025-12-05,97.0656,USD,YAHOO
AGG,2025-12-08,96.9104,USD,YAHOO
AGG,2025-12-09,96.823,USD,YAHOO
AGG,2025-12-10,97.1335,USD,YAHOO
AGG,2025-12-11,97.153,USD,YAHOO
AGG,2025-12-12,96.8521,USD,YAHOO
AGG,2025-12-15,96.9492,USD,YAHOO
AGG,2025-12-16,97.1335,USD,YAHOO
AGG,2025-12-17,97.1044,USD,YAHOO
AGG,2025-12-18,97.347,USD,YAHOO
AGG,2025-12-19,97.2049,USD,YAHOO
AGG,2025-12-22,97.1659,USD,YAHOO
AGG,2025-12-23,97.1659,USD,YAHOO
AGG,2025-12-24,97.3801,USD,YAHOO
AGG,2025-12-26,97.3996,USD,YAHOO
AGG,2025-12-29,97.5164,USD,YAHOO
AGG,2025-12-30,97.4775,USD,YAHOO
AGG,2025-12-31,97.2438,USD,YAHOO
AGG,2026-01-02,97.2146,USD,YAHOO
AGG,2026-01-05,97.3996,USD,YAHOO
AGG,2026-01-06,97.3801,USD,YAHOO
AGG,2026-01-07,97.4775,USD,YAHOO
AGG,2026-01-08,97.3022,USD,YAHOO
AGG,2026-01-09,97.5164,USD,YAHOO
AGG,2026-01-12,97.4677,USD,YAHOO
AGG,2026-01-13,97.5554,USD,YAHOO
AGG,2026-01-14,97.7014,USD,YAHOO
AGG,2026-01-15,97.5748,USD,YAHOO
AGG,2026-01-16,97.4093,USD,YAHOO
AGG,2026-01-20,97.0394,USD,YAHOO
AGG,2026-01-21,97.3606,USD,YAHOO
AGG,2026-01-22,97.3801,USD,YAHOO
AGG,2026-01-23,97.4677,USD,YAHOO
AGG,2026-01-26,97.6138,USD,YAHOO
AGG,2026-01-27,97.5456,USD,YAHOO
AGG,2026-01-28,97.5067,USD,YAHOO
AGG,2026-01-29,97.5067,USD,YAHOO
AGG,2026-01-30,97.4872,USD,YAHOO
AGG,2026-02-02,97.3749,USD,YAHOO
AGG,2026-02-03,97.3846,USD,YAHOO
AGG,2026-02-04,97.326,USD,YAHOO
AGG,2026-02-05,97.7461,USD,YAHOO
AGG,2026-02-06,97.8047,USD,YAHOO
AGG,2026-02-09,97.834,USD,YAHOO
AGG,2026-02-10,98.1172,USD,YAHOO
AGG,2026-02-11,97.8926,USD,YAHOO
AGG,2026-02-12,98.3321,USD,YAHOO
AGG,2026-02-13,98.6447,USD,YAHOO
AGG,2026-02-17,98.6545,USD,YAHOO
AGG,2026-02-18,98.5177,USD,YAHOO
AGG,2026-02-19,98.5373,USD,YAHOO
AGG,2026-02-20,98.5568,USD,YAHOO
AGG,2026-02-23,98.7521,USD,YAHOO
AGG,2026-02-24,98.7424,USD,YAHOO
AGG,2026-02-25,98.6935,USD,YAHOO
AGG,2026-02-26,98.8498,USD,YAHOO
AGG,2026-02-27,99.0452,USD,YAHOO
AGG,2026-03-02,98.6493,USD,YAHOO
AGG,2026-03-03,98.5415,USD,YAHOO
AGG,2026-03-04,98.5023,USD,YAHOO
AGG,2026-03-05,98.2182,USD,YAHOO
AGG,2026-03-06,98.1006,USD,YAHOO
AGG,2026-03-09,98.4142,USD,YAHOO
AGG,2026-03-10,98.0908,USD,YAHOO
AGG,2026-03-11,97.6499,USD,YAHOO
AGG,2026-03-12,97.2874,USD,YAHOO
AGG,2026-03-13,97.209,USD,YAHOO
AGG,2026-03-16,97.5911,USD,YAHOO
AGG,2026-03-17,97.7871,USD,YAHOO
AGG,2026-03-18,97.3755,USD,YAHOO
AGG,2026-03-19,97.4833,USD,YAHOO
AGG,2026-03-20,96.6701,USD,YAHOO
AGG,2026-03-23,97.0326,USD,YAHOO
AGG,2026-03-24,96.768,USD,YAHOO
AGG,2026-03-25,97.111,USD,YAHOO
AGG,2026-03-26,96.5623,USD,YAHOO
AGG,2026-03-27,96.5525,USD,YAHOO
AGG,2026-03-30,97.0424,USD,YAHOO
AGG,2026-03-31,97.2678,USD,YAHOO
AGG,2026-04-01,97.3336,USD,YAHOO
AGG,2026-04-02,97.5598,USD,YAHOO
AGG,2026-04-06,97.3828,USD,YAHOO
AGG,2026-04-07,97.5008,USD,YAHOO
AGG,2026-04-08,97.7564,USD,YAHOO
AGG,2026-04-09,97.8154,USD,YAHOO
AGG,2026-04-10,97.6482,USD,YAHOO
AGG,2026-04-13,97.8449,USD,YAHOO
AGG,2026-04-14,98.1005,USD,YAHOO
AGG,2026-04-15,97.9432,USD,YAHOO
AGG,2026-04-16,97.8055,USD,YAHOO
AGG,2026-04-17,98.1693,USD,YAHOO
AGG,2026-04-20,98.1595,USD,YAHOO
AGG,2026-04-21,97.7957,USD,YAHOO
AGG,2026-04-22,97.9334,USD,YAHOO
AGG,2026-04-23,97.7761,USD,YAHOO
AGG,2026-04-24,97.9137,USD,YAHOO
AGG,2026-04-27,97.7662,USD,YAHOO
AGG,2026-04-28,97.7269,USD,YAHOO
AGG,2026-04-29,97.2943,USD,YAHOO
AGG,2026-04-30,97.4319,USD,YAHOO
AGG,2026-05-01,97.5602,USD,YAHOO
AGG,2026-05-04,97.2544,USD,YAHOO
AGG,2026-05-05,97.4319,USD,YAHOO
AGG,2026-05-06,97.8463,USD,YAHOO
AGG,2026-05-07,97.6095,USD,YAHOO
AGG,2026-05-08,97.8364,USD,YAHOO
AGG,2026-05-11,97.5799,USD,YAHOO
AGG,2026-05-12,97.2938,USD,YAHOO
AGG,2026-05-13,97.3333,USD,YAHOO
AGG,2026-05-14,97.3037,USD,YAHOO
AGG,2026-05-15,96.6921,USD,YAHOO
AGG,2026-05-18,96.6823,USD,YAHOO
AGG,2026-05-19,96.3074,USD,YAHOO
AGG,2026-05-20,96.8894,USD,YAHOO
AGG,2026-05-21,97.0078,USD,YAHOO
AGG,2026-05-22,97.1064,USD,YAHOO
AGG,2026-05-26,97.3826,USD,YAHOO
AGG,2026-05-27,97.4615,USD,YAHOO
AGG,2026-05-28,97.6588,USD,YAHOO
AGG,2026-05-29,97.718,USD,YAHOO
AGG,2026-06-01,97.6695,USD,YAHOO
AGG,2026-06-02,97.6992,USD,YAHOO
AGG,2026-06-03,97.4914,USD,YAHOO
AGG,2026-06-04,97.6497,USD,YAHOO
AGG,2026-06-05,97.1647,USD,YAHOO
AGG,2026-06-08,97.1647,USD,YAHOO
AGG,2026-06-09,97.3627,USD,YAHOO
AGG,2026-06-10,97.3033,USD,YAHOO
AGG,2026-06-11,97.8675,USD,YAHOO
AGG,2026-06-12,97.7487,USD,YAHOO
AGG,2026-06-15,97.8378,USD,YAHOO
AGG,2026-06-16,97.9566,USD,YAHOO
AGG,2026-06-17,97.6002,USD,YAHOO
AGG,2026-06-18,97.8873,USD,YAHOO
AGG,2026-06-22,97.62,USD,YAHOO
AGG,2026-06-23,97.6992,USD,YAHOO
AGG,2026-06-24,98.1743,USD,YAHOO
AGG,2026-06-25,98.2337,USD,YAHOO
AGG,2026-06-26,98.3228,USD,YAHOO
AGG,2026-06-29,98.3525,USD,YAHOO
AGG,2026-06-30,97.9665,USD,YAHOO
AGG,2026-07-01,97.8185,USD,YAHOO
AGG,2026-07-02,97.9277,USD,YAHOO
AGG,2026-07-06,97.9774,USD,YAHOO
AGG,2026-07-07,97.5305,USD,YAHOO
AGG,2026-07-08,97.3617,USD,YAHOO
AGG,2026-07-09,97.5007,USD,YAHOO
AGG,2026-07-10,97.4014,USD,YAHOO
AGG,2026-07-13,97.034,USD,YAHOO
AGG,2026-07-14,97.3219,USD,YAHOO
AGG,2026-07-15,97.461,USD,YAHOO
AGG,2026-07-16,97.451,USD,YAHOO
AGG,2026-07-17,97.5206,USD,YAHOO
AGG,2026-07-20,97.2723,USD,YAHOO
AGG,2026-07-21,97.0637,USD,YAHOO
AGG,2026-07-22,96.9048,USD,YAHOO
AGG,2026-07-23,96.6665,USD,YAHOO
AGG,2026-07-24,96.7857,USD,YAHOO
AGG,2026-07-27,97.0141,USD,YAHOO
AGG,2026-07-28,97.2425,USD,YAHOO
AGG,2026-07-29,96.8751,USD,YAHOO
AGG,2026-07-30,96.9446,USD,YAHOO
AGG,2026-07-31,96.6963,USD,YAHOO
AGG,2026-08-03,96.9235,USD,YAHOO
AGG,2026-08-04,97.3221,USD,YAHOO
AGG,2026-08-05,97.372,USD,YAHOO
AGG,2026-08-06,97.0929,USD,YAHOO
AGG,2026-08-07,97.2623,USD,YAHOO
AGG,2026-08-10,96.9036,USD,YAHOO
AGG,2026-08-11,96.9833,USD,YAHOO
AGG,2026-08-12,97.0929,USD,YAHOO
AGG,2026-08-13,97.352,USD,YAHOO
AGG,2026-08-14,97.1428,USD,YAHOO
AGG,2026-08-17,96.9136,USD,YAHOO
AGG,2026-08-18,97.0132,USD,YAHOO
AGG,2026-08-19,97.4816,USD,YAHOO
AGG,2026-08-20,97.1527,USD,YAHOO
AGG,2026-08-21,97.0132,USD,YAHOO
AGG,2026-08-24,97.2125,USD,YAHOO
AGG,2026-08-25,97.6709,USD,YAHOO
AGG,2026-08-26,97.5214,USD,YAHOO
AGG,2026-08-27,97.4915,USD,YAHOO
AGG,2026-08-28,97.1527,USD,YAHOO
AGG,2026-08-31,97.073,USD,YAHOO
AGG,2026-09-01,96.77,USD,YAHOO
AGG,2026-09-02,96.84,USD,YAHOO
AGG,2026-09-03,96.95,USD,YAHOO
AGG,2026-09-04,97.0,USD,YAHOO
AGG,2026-09-08,96.9,USD,YAHOO
AGG,2026-09-09,96.68,USD,YAHOO
AGG,2026-09-10,96.05,USD,YAHOO
AGG,2026-09-11,95.98,USD,YAHOO
ASML.AS,2023-09-14,567.5949,EUR,YAHOO
ASML.AS,2023-09-15,547.8949,EUR,YAHOO
ASML.AS,2023-09-18,543.7014,EUR,YAHOO
ASML.AS,2023-09-19,539.7029,EUR,YAHOO
ASML.AS,2023-09-20,542.8237,EUR,YAHOO
ASML.AS,2023-09-21,538.3376,EUR,YAHOO
ASML.AS,2023-09-22,541.4583,EUR,YAHOO
ASML.AS,2023-09-25,540.9707,EUR,YAHOO
ASML.AS,2023-09-26,529.1701,EUR,YAHOO
ASML.AS,2023-09-27,534.8267,EUR,YAHOO
ASML.AS,2023-09-28,537.1673,EUR,YAHOO
ASML.AS,2023-09-29,545.2617,EUR,YAHOO
ASML.AS,2023-10-02,542.6285,EUR,YAHOO
ASML.AS,2023-10-03,533.5587,EUR,YAHOO
ASML.AS,2023-10-04,543.7014,EUR,YAHOO
ASML.AS,2023-10-05,534.8267,EUR,YAHOO
ASML.AS,2023-10-06,547.3098,EUR,YAHOO
ASML.AS,2023-10-09,541.3608,EUR,YAHOO
ASML.AS,2023-10-10,557.9399,EUR,YAHOO
ASML.AS,2023-10-11,553.0637,EUR,YAHOO
ASML.AS,2023-10-12,574.1292,EUR,YAHOO
ASML.AS,2023-10-13,559.4029,EUR,YAHOO
ASML.AS,2023-10-16,555.5018,EUR,YAHOO
ASML.AS,2023-10-17,558.7203,EUR,YAHOO
ASML.AS,2023-10-18,539.5078,EUR,YAHOO
ASML.AS,2023-10-19,548.5776,EUR,YAHOO
ASML.AS,2023-10-20,533.5587,EUR,YAHOO
ASML.AS,2023-10-23,538.9226,EUR,YAHOO
ASML.AS,2023-10-24,548.6751,EUR,YAHOO
ASML.AS,2023-10-25,546.8223,EUR,YAHOO
ASML.AS,2023-10-26,546.7246,EUR,YAHOO
ASML.AS,2023-10-27,546.3345,EUR,YAHOO
ASML.AS,2023-10-30,538.3376,EUR,YAHOO
ASML.AS,2023-10-31,551.3084,EUR,YAHOO
ASML.AS,2023-11-01,558.5926,EUR,YAHOO
ASML.AS,2023-11-02,581.4722,EUR,YAHOO
ASML.AS,2023-11-03,584.4054,EUR,YAHOO
ASML.AS,2023-11-06,578.5388,EUR,YAHOO
ASML.AS,2023-11-07,585.7742,EUR,YAHOO
ASML.AS,2023-11-08,586.6543,EUR,YAHOO
ASML.AS,2023-11-09,590.0764,EUR,YAHOO
ASML.AS,2023-11-10,594.4763,EUR,YAHOO
ASML.AS,2023-11-13,598.8762,EUR,YAHOO
ASML.AS,2023-11-14,607.4805,EUR,YAHOO
ASML.AS,2023-11-15,613.8359,EUR,YAHOO
ASML.AS,2023-11-16,611.587,EUR,YAHOO
ASML.AS,2023-11-17,614.7158,EUR,YAHOO
ASML.AS,2023-11-20,615.6936,EUR,YAHOO
ASML.AS,2023-11-21,611.7825,EUR,YAHOO
ASML.AS,2023-11-22,619.2134,EUR,YAHOO
ASML.AS,2023-11-23,615.7913,EUR,YAHOO
ASML.AS,2023-11-24,618.2358,EUR,YAHOO
ASML.AS,2023-11-27,614.6181,EUR,YAHOO
ASML.AS,2023-11-28,605.9161,EUR,YAHOO
ASML.AS,2023-11-29,615.2048,EUR,YAHOO
ASML.AS,2023-11-30,609.1426,EUR,YAHOO
ASML.AS,2023-12-01,623.3202,EUR,YAHOO
ASML.AS,2023-12-04,616.5735,EUR,YAHOO
ASML.AS,2023-12-05,628.9911,EUR,YAHOO
ASML.AS,2023-12-06,634.5643,EUR,YAHOO
ASML.AS,2023-12-07,632.2177,EUR,YAHOO
ASML.AS,2023-12-08,635.151,EUR,YAHOO
ASML.AS,2023-12-11,644.5375,EUR,YAHOO
ASML.AS,2023-12-12,648.644,EUR,YAHOO
ASML.AS,2023-12-13,654.2172,EUR,YAHOO
ASML.AS,2023-12-14,667.0258,EUR,YAHOO
ASML.AS,2023-12-15,679.2477,EUR,YAHOO
ASML.AS,2023-12-18,661.5504,EUR,YAHOO
ASML.AS,2023-12-19,661.7458,EUR,YAHOO
ASML.AS,2023-12-20,664.288,EUR,YAHOO
ASML.AS,2023-12-21,667.417,EUR,YAHOO
ASML.AS,2023-12-22,668.3948,EUR,YAHOO
ASML.AS,2023-12-27,669.6658,EUR,YAHOO
ASML.AS,2023-12-28,670.6435,EUR,YAHOO
ASML.AS,2023-12-29,666.537,EUR,YAHOO
ASML.AS,2024-01-02,649.524,EUR,YAHOO
ASML.AS,2024-01-03,631.0444,EUR,YAHOO
ASML.AS,2024-01-04,632.0221,EUR,YAHOO
ASML.AS,2024-01-05,629.871,EUR,YAHOO
ASML.AS,2024-01-08,638.8665,EUR,YAHOO
ASML.AS,2024-01-09,639.942,EUR,YAHOO
ASML.AS,2024-01-10,636.9109,EUR,YAHOO
ASML.AS,2024-01-11,634.4666,EUR,YAHOO
ASML.AS,2024-01-12,634.8577,EUR,YAHOO
ASML.AS,2024-01-15,633.7822,EUR,YAHOO
ASML.AS,2024-01-16,637.791,EUR,YAHOO
ASML.AS,2024-01-17,635.151,EUR,YAHOO
ASML.AS,2024-01-18,660.9638,EUR,YAHOO
ASML.AS,2024-01-19,671.0347,EUR,YAHOO
ASML.AS,2024-01-22,691.7631,EUR,YAHOO
ASML.AS,2024-01-23,691.3719,EUR,YAHOO
ASML.AS,2024-01-24,758.5439,EUR,YAHOO
ASML.AS,2024-01-25,793.7432,EUR,YAHOO
ASML.AS,2024-01-26,779.4679,EUR,YAHOO
ASML.AS,2024-01-29,786.8989,EUR,YAHOO
ASML.AS,2024-01-30,783.4766,EUR,YAHOO
ASML.AS,2024-01-31,780.4457,EUR,YAHOO
ASML.AS,2024-02-01,794.4277,EUR,YAHOO
ASML.AS,2024-02-02,800.5875,EUR,YAHOO
ASML.AS,2024-02-05,810.4314,EUR,YAHOO
ASML.AS,2024-02-06,816.7002,EUR,YAHOO
ASML.AS,2024-02-07,832.5679,EUR,YAHOO
ASML.AS,2024-02-08,837.5632,EUR,YAHOO
ASML.AS,2024-02-09,858.1327,EUR,YAHOO
ASML.AS,2024-02-12,859.6019,EUR,YAHOO
ASML.AS,2024-02-13,833.2535,EUR,YAHOO
ASML.AS,2024-02-14,835.8982,EUR,YAHOO
ASML.AS,2024-02-15,843.1465,EUR,YAHOO
ASML.AS,2024-02-16,856.6633,EUR,YAHOO
ASML.AS,2024-02-19,841.873,EUR,YAHOO
ASML.AS,2024-02-20,820.5201,EUR,YAHOO
ASML.AS,2024-02-21,816.8959,EUR,YAHOO
ASML.AS,2024-02-22,858.8182,EUR,YAHOO
ASML.AS,2024-02-23,847.2602,EUR,YAHOO
ASML.AS,2024-02-26,851.9618,EUR,YAHOO
ASML.AS,2024-02-27,861.1691,EUR,YAHOO
ASML.AS,2024-02-28,851.5701,EUR,YAHOO
ASML.AS,2024-02-29,852.6475,EUR,YAHOO
ASML.AS,2024-03-01,875.6655,EUR,YAHOO
ASML.AS,2024-03-04,894.4717,EUR,YAHOO
ASML.AS,2024-03-05,881.0528,EUR,YAHOO
ASML.AS,2024-03-06,893.4922,EUR,YAHOO
ASML.AS,2024-03-07,929.7335,EUR,YAHOO
ASML.AS,2024-03-08,904.4626,EUR,YAHOO
ASML.AS,2024-03-11,866.3603,EUR,YAHOO
ASML.AS,2024-03-12,874.0004,EUR,YAHOO
ASML.AS,2024-03-13,860.8752,EUR,YAHOO
ASML.AS,2024-03-14,862.9321,EUR,YAHOO
ASML.AS,2024-03-15,840.11,EUR,YAHOO
ASML.AS,2024-03-18,852.9413,EUR,YAHOO
ASML.AS,2024-03-19,851.7658,EUR,YAHOO
ASML.AS,2024-03-20,856.5654,EUR,YAHOO
ASML.AS,2024-03-21,904.3646,EUR,YAHOO
ASML.AS,2024-03-22,887.5173,EUR,YAHOO
ASML.AS,2024-03-25,894.2759,EUR,YAHOO
ASML.AS,2024-03-26,881.9342,EUR,YAHOO
ASML.AS,2024-03-27,876.8409,EUR,YAHOO
ASML.AS,2024-03-28,873.9024,EUR,YAHOO
ASML.AS,2024-04-02,872.4332,EUR,YAHOO
ASML.AS,2024-04-03,886.44,EUR,YAHOO
ASML.AS,2024-04-04,882.8158,EUR,YAHOO
ASML.AS,2024-04-05,887.1256,EUR,YAHOO
ASML.AS,2024-04-08,894.9615,EUR,YAHOO
ASML.AS,2024-04-09,880.8568,EUR,YAHOO
ASML.AS,2024-04-10,894.5696,EUR,YAHOO
ASML.AS,2024-04-11,890.4558,EUR,YAHOO
ASML.AS,2024-04-12,888.8886,EUR,YAHOO
ASML.AS,2024-04-15,892.2189,EUR,YAHOO
ASML.AS,2024-04-16,894.6677,EUR,YAHOO
ASML.AS,2024-04-17,834.9186,EUR,YAHOO
ASML.AS,2024-04-18,823.0668,EUR,YAHOO
ASML.AS,2024-04-19,804.1627,EUR,YAHOO
ASML.AS,2024-04-22,796.5226,EUR,YAHOO
ASML.AS,2024-04-23,817.19,EUR,YAHOO
ASML.AS,2024-04-24,817.6796,EUR,YAHOO
ASML.AS,2024-04-25,816.6022,EUR,YAHOO
ASML.AS,2024-04-26,842.9569,EUR,YAHOO
ASML.AS,2024-04-29,832.0616,EUR,YAHOO
ASML.AS,2024-04-30,817.3384,EUR,YAHOO
ASML.AS,2024-05-02,796.4313,EUR,YAHOO
ASML.AS,2024-05-03,820.4794,EUR,YAHOO
ASML.AS,2024-05-06,830.9819,EUR,YAHOO
ASML.AS,2024-05-07,838.4417,EUR,YAHOO
ASML.AS,2024-05-08,829.4114,EUR,YAHOO
ASML.AS,2024-05-09,832.2581,EUR,YAHOO
ASML.AS,2024-05-10,848.5516,EUR,YAHOO
ASML.AS,2024-05-13,837.264,EUR,YAHOO
ASML.AS,2024-05-14,825.1908,EUR,YAHOO
ASML.AS,2024-05-15,835.3008,EUR,YAHOO
ASML.AS,2024-05-16,843.2513,EUR,YAHOO
ASML.AS,2024-05-17,837.264,EUR,YAHOO
ASML.AS,2024-05-20,848.748,EUR,YAHOO
ASML.AS,2024-05-21,837.9509,EUR,YAHOO
ASML.AS,2024-05-22,838.3434,EUR,YAHOO
ASML.AS,2024-05-23,860.2322,EUR,YAHOO
ASML.AS,2024-05-24,864.2565,EUR,YAHOO
ASML.AS,2024-05-27,866.3179,EUR,YAHOO
ASML.AS,2024-05-28,879.4706,EUR,YAHOO
ASML.AS,2024-05-29,872.109,EUR,YAHOO
ASML.AS,2024-05-30,864.7473,EUR,YAHOO
ASML.AS,2024-05-31,854.7355,EUR,YAHOO
ASML.AS,2024-06-03,864.2565,EUR,YAHOO
ASML.AS,2024-06-04,856.7968,EUR,YAHOO
ASML.AS,2024-06-05,926.1925,EUR,YAHOO
ASML.AS,2024-06-06,939.836,EUR,YAHOO
ASML.AS,2024-06-07,941.2102,EUR,YAHOO
ASML.AS,2024-06-10,945.6273,EUR,YAHOO
ASML.AS,2024-06-11,941.5048,EUR,YAHOO
ASML.AS,2024-06-12,967.4177,EUR,YAHOO
ASML.AS,2024-06-13,948.6701,EUR,YAHOO
ASML.AS,2024-06-14,935.4191,EUR,YAHOO
ASML.AS,2024-06-17,951.5165,EUR,YAHOO
ASML.AS,2024-06-18,965.6509,EUR,YAHOO
ASML.AS,2024-06-19,948.6701,EUR,YAHOO
ASML.AS,2024-06-20,970.6569,EUR,YAHOO
ASML.AS,2024-06-21,945.6273,EUR,YAHOO
ASML.AS,2024-06-24,931.002,EUR,YAHOO
ASML.AS,2024-06-25,932.6708,EUR,YAHOO
ASML.AS,2024-06-26,929.1372,EUR,YAHOO
ASML.AS,2024-06-27,942.29,EUR,YAHOO
ASML.AS,2024-06-28,946.4124,EUR,YAHOO
ASML.AS,2024-07-01,936.6951,EUR,YAHOO
ASML.AS,2024-07-02,948.0811,EUR,YAHOO
ASML.AS,2024-07-03,967.614,EUR,YAHOO
ASML.AS,2024-07-04,966.0436,EUR,YAHOO
ASML.AS,2024-07-05,974.6811,EUR,YAHOO
ASML.AS,2024-07-08,979.4907,EUR,YAHOO
ASML.AS,2024-07-09,964.5712,EUR,YAHOO
ASML.AS,2024-07-10,983.5151,EUR,YAHOO
ASML.AS,2024-07-11,970.853,EUR,YAHOO
ASML.AS,2024-07-12,983.7115,EUR,YAHOO
ASML.AS,2024-07-15,970.9512,EUR,YAHOO
ASML.AS,2024-07-16,959.7615,EUR,YAHOO
ASML.AS,2024-07-17,854.8337,EUR,YAHOO
ASML.AS,2024-07-18,823.0313,EUR,YAHOO
ASML.AS,2024-07-19,814.1974,EUR,YAHOO
ASML.AS,2024-07-22,834.8099,EUR,YAHOO
ASML.AS,2024-07-23,845.018,EUR,YAHOO
ASML.AS,2024-07-24,816.2586,EUR,YAHOO
ASML.AS,2024-07-25,784.8489,EUR,YAHOO
ASML.AS,2024-07-26,805.3634,EUR,YAHOO
ASML.AS,2024-07-29,792.8941,EUR,YAHOO
ASML.AS,2024-07-30,792.3042,EUR,YAHOO
ASML.AS,2024-07-31,836.3594,EUR,YAHOO
ASML.AS,2024-08-01,816.1019,EUR,YAHOO
ASML.AS,2024-08-02,724.8447,EUR,YAHOO
ASML.AS,2024-08-05,733.5968,EUR,YAHOO
ASML.AS,2024-08-06,767.1298,EUR,YAHOO
ASML.AS,2024-08-07,782.7654,EUR,YAHOO
ASML.AS,2024-08-08,781.0938,EUR,YAHOO
ASML.AS,2024-08-09,770.965,EUR,YAHOO
ASML.AS,2024-08-12,771.555,EUR,YAHOO
ASML.AS,2024-08-13,776.3735,EUR,YAHOO
ASML.AS,2024-08-14,786.0106,EUR,YAHOO
ASML.AS,2024-08-15,818.1669,EUR,YAHOO
ASML.AS,2024-08-16,818.6587,EUR,YAHOO
ASML.AS,2024-08-19,815.6101,EUR,YAHOO
ASML.AS,2024-08-20,818.757,EUR,YAHOO
ASML.AS,2024-08-21,829.2791,EUR,YAHOO
ASML.AS,2024-08-22,819.1503,EUR,YAHOO
ASML.AS,2024-08-23,805.1863,EUR,YAHOO
ASML.AS,2024-08-26,783.749,EUR,YAHOO
ASML.AS,2024-08-27,780.9954,EUR,YAHOO
ASML.AS,2024-08-28,786.109,EUR,YAHOO
ASML.AS,2024-08-29,809.3166,EUR,YAHOO
ASML.AS,2024-08-30,798.4995,EUR,YAHOO
ASML.AS,2024-09-02,805.0881,EUR,YAHOO
ASML.AS,2024-09-03,769.7849,EUR,YAHOO
ASML.AS,2024-09-04,724.1565,EUR,YAHOO
ASML.AS,2024-09-05,708.0292,EUR,YAHOO
ASML.AS,2024-09-06,669.6776,EUR,YAHOO
ASML.AS,2024-09-09,665.2524,EUR,YAHOO
ASML.AS,2024-09-10,661.3188,EUR,YAHOO
ASML.AS,2024-09-11,686.4932,EUR,YAHOO
ASML.AS,2024-09-12,710.3892,EUR,YAHOO
ASML.AS,2024-09-13,721.7963,EUR,YAHOO
ASML.AS,2024-09-16,707.9307,EUR,YAHOO
ASML.AS,2024-09-17,713.9293,EUR,YAHOO
ASML.AS,2024-09-18,703.1122,EUR,YAHOO
ASML.AS,2024-09-19,735.4653,EUR,YAHOO
ASML.AS,2024-09-20,704.7839,EUR,YAHOO
ASML.AS,2024-09-23,706.3573,EUR,YAHOO
ASML.AS,2024-09-24,715.5027,EUR,YAHOO
ASML.AS,2024-09-25,722.7797,EUR,YAHOO
ASML.AS,2024-09-26,747.1673,EUR,YAHOO
ASML.AS,2024-09-27,744.7088,EUR,YAHOO
ASML.AS,2024-09-30,733.2034,EUR,YAHOO
ASML.AS,2024-10-01,729.4666,EUR,YAHOO
ASML.AS,2024-10-02,744.8073,EUR,YAHOO
ASML.AS,2024-10-03,742.5455,EUR,YAHOO
ASML.AS,2024-10-04,744.9055,EUR,YAHOO
ASML.AS,2024-10-07,735.1701,EUR,YAHOO
ASML.AS,2024-10-08,739.5953,EUR,YAHOO
ASML.AS,2024-10-09,754.7393,EUR,YAHOO
ASML.AS,2024-10-10,749.9208,EUR,YAHOO
ASML.AS,2024-10-11,757.886,EUR,YAHOO
ASML.AS,2024-10-14,778.832,EUR,YAHOO
ASML.AS,2024-10-15,656.9919,EUR,YAHOO
ASML.AS,2024-10-16,623.3607,EUR,YAHOO
ASML.AS,2024-10-17,623.6557,EUR,YAHOO
ASML.AS,2024-10-18,653.4518,EUR,YAHOO
ASML.AS,2024-10-21,646.6665,EUR,YAHOO
ASML.AS,2024-10-22,655.7136,EUR,YAHOO
ASML.AS,2024-10-23,647.8466,EUR,YAHOO
ASML.AS,2024-10-24,650.3051,EUR,YAHOO
ASML.AS,2024-10-25,653.0585,EUR,YAHOO
ASML.AS,2024-10-28,644.6014,EUR,YAHOO
ASML.AS,2024-10-29,645.804,EUR,YAHOO
ASML.AS,2024-10-30,624.908,EUR,YAHOO
ASML.AS,2024-10-31,612.2916,EUR,YAHOO
ASML.AS,2024-11-01,618.1069,EUR,YAHOO
ASML.AS,2024-11-04,609.3347,EUR,YAHOO
ASML.AS,2024-11-05,615.0515,EUR,YAHOO
ASML.AS,2024-11-06,602.0406,EUR,YAHOO
ASML.AS,2024-11-07,615.7414,EUR,YAHOO
ASML.AS,2024-11-08,612.5872,EUR,YAHOO
ASML.AS,2024-11-11,618.3041,EUR,YAHOO
ASML.AS,2024-11-12,621.261,EUR,YAHOO
ASML.AS,2024-11-13,618.6983,EUR,YAHOO
ASML.AS,2024-11-14,661.9687,EUR,YAHOO
ASML.AS,2024-11-15,625.8936,EUR,YAHOO
ASML.AS,2024-11-18,620.5711,EUR,YAHOO
ASML.AS,2024-11-19,615.7414,EUR,YAHOO
ASML.AS,2024-11-20,607.6589,EUR,YAHOO
ASML.AS,2024-11-21,622.4439,EUR,YAHOO
ASML.AS,2024-11-22,632.8918,EUR,YAHOO
ASML.AS,2024-11-25,642.6498,EUR,YAHOO
ASML.AS,2024-11-26,630.8219,EUR,YAHOO
ASML.AS,2024-11-27,618.6983,EUR,YAHOO
ASML.AS,2024-11-28,633.6804,EUR,YAHOO
ASML.AS,2024-11-29,648.9581,EUR,YAHOO
ASML.AS,2024-12-02,654.5763,EUR,YAHOO
ASML.AS,2024-12-03,668.1784,EUR,YAHOO
ASML.AS,2024-12-04,673.6981,EUR,YAHOO
ASML.AS,2024-12-05,669.4598,EUR,YAHOO
ASML.AS,2024-12-06,667.8827,EUR,YAHOO
ASML.AS,2024-12-09,665.3201,EUR,YAHOO
ASML.AS,2024-12-10,660.6874,EUR,YAHOO
ASML.AS,2024-12-11,668.5727,EUR,YAHOO
ASML.AS,2024-12-12,673.501,EUR,YAHOO
ASML.AS,2024-12-13,677.838,EUR,YAHOO
ASML.AS,2024-12-16,678.1336,EUR,YAHOO
ASML.AS,2024-12-17,693.3128,EUR,YAHOO
ASML.AS,2024-12-18,707.0134,EUR,YAHOO
ASML.AS,2024-12-19,680.8936,EUR,YAHOO
ASML.AS,2024-12-20,676.2608,EUR,YAHOO
ASML.AS,2024-12-23,673.9938,EUR,YAHOO
ASML.AS,2024-12-24,678.6264,EUR,YAHOO
ASML.AS,2024-12-27,675.0781,EUR,YAHOO
ASML.AS,2024-12-30,662.2645,EUR,YAHOO
ASML.AS,2024-12-31,668.967,EUR,YAHOO
ASML.AS,2025-01-02,680.1049,EUR,YAHOO
ASML.AS,2025-01-03,678.1336,EUR,YAHOO
ASML.AS,2025-01-06,737.076,EUR,YAHOO
ASML.AS,2025-01-07,727.8107,EUR,YAHOO
ASML.AS,2025-01-08,713.913,EUR,YAHOO
ASML.AS,2025-01-09,723.3754,EUR,YAHOO
ASML.AS,2025-01-10,714.8986,EUR,YAHOO
ASML.AS,2025-01-13,701.2966,EUR,YAHOO
ASML.AS,2025-01-14,702.4794,EUR,YAHOO
ASML.AS,2025-01-15,702.4794,EUR,YAHOO
ASML.AS,2025-01-16,734.7105,EUR,YAHOO
ASML.AS,2025-01-17,728.5008,EUR,YAHOO
ASML.AS,2025-01-20,737.2731,EUR,YAHOO
ASML.AS,2025-01-21,721.8969,EUR,YAHOO
ASML.AS,2025-01-22,737.3716,EUR,YAHOO
ASML.AS,2025-01-23,705.0421,EUR,YAHOO
ASML.AS,2025-01-24,690.6514,EUR,YAHOO
ASML.AS,2025-01-27,642.2556,EUR,YAHOO
ASML.AS,2025-01-28,637.3273,EUR,YAHOO
ASML.AS,2025-01-29,672.7125,EUR,YAHOO
ASML.AS,2025-01-30,696.5655,EUR,YAHOO
ASML.AS,2025-01-31,712.336,EUR,YAHOO
ASML.AS,2025-02-03,699.7195,EUR,YAHOO
ASML.AS,2025-02-04,702.1837,EUR,YAHOO
ASML.AS,2025-02-05,695.9741,EUR,YAHOO
ASML.AS,2025-02-06,705.0421,EUR,YAHOO
ASML.AS,2025-02-07,692.9184,EUR,YAHOO
ASML.AS,2025-02-10,708.2491,EUR,YAHOO
ASML.AS,2025-02-11,714.7686,EUR,YAHOO
ASML.AS,2025-02-12,709.632,EUR,YAHOO
ASML.AS,2025-02-13,728.894,EUR,YAHOO
ASML.AS,2025-02-14,723.2635,EUR,YAHOO
ASML.AS,2025-02-17,718.9172,EUR,YAHOO
ASML.AS,2025-02-18,707.4589,EUR,YAHOO
ASML.AS,2025-02-19,708.7429,EUR,YAHOO
ASML.AS,2025-02-20,701.2357,EUR,YAHOO
ASML.AS,2025-02-21,701.4332,EUR,YAHOO
ASML.AS,2025-02-24,704.7917,EUR,YAHOO
ASML.AS,2025-02-25,689.2834,EUR,YAHOO
ASML.AS,2025-02-26,705.7795,EUR,YAHOO
ASML.AS,2025-02-27,690.5675,EUR,YAHOO
ASML.AS,2025-02-28,670.3177,EUR,YAHOO
ASML.AS,2025-03-03,681.8749,EUR,YAHOO
ASML.AS,2025-03-04,652.4387,EUR,YAHOO
ASML.AS,2025-03-05,664.4897,EUR,YAHOO
ASML.AS,2025-03-06,661.8228,EUR,YAHOO
ASML.AS,2025-03-07,657.8715,EUR,YAHOO
ASML.AS,2025-03-10,631.201,EUR,YAHOO
ASML.AS,2025-03-11,624.2865,EUR,YAHOO
ASML.AS,2025-03-12,637.6217,EUR,YAHOO
ASML.AS,2025-03-13,634.5596,EUR,YAHOO
ASML.AS,2025-03-14,647.6973,EUR,YAHOO
ASML.AS,2025-03-17,653.2289,EUR,YAHOO
ASML.AS,2025-03-18,657.7728,EUR,YAHOO
ASML.AS,2025-03-19,664.8848,EUR,YAHOO
ASML.AS,2025-03-20,664.2922,EUR,YAHOO
ASML.AS,2025-03-21,652.6363,EUR,YAHOO
ASML.AS,2025-03-24,666.3665,EUR,YAHOO
ASML.AS,2025-03-25,666.4653,EUR,YAHOO
ASML.AS,2025-03-26,649.179,EUR,YAHOO
ASML.AS,2025-03-27,634.6583,EUR,YAHOO
ASML.AS,2025-03-28,617.9645,EUR,YAHOO
ASML.AS,2025-03-31,598.6038,EUR,YAHOO
ASML.AS,2025-04-01,612.1366,EUR,YAHOO
ASML.AS,2025-04-02,608.7781,EUR,YAHOO
ASML.AS,2025-04-03,571.637,EUR,YAHOO
ASML.AS,2025-04-04,557.2152,EUR,YAHOO
ASML.AS,2025-04-07,543.2874,EUR,YAHOO
ASML.AS,2025-04-08,566.7968,EUR,YAHOO
ASML.AS,2025-04-09,547.5348,EUR,YAHOO
ASML.AS,2025-04-10,570.5504,EUR,YAHOO
ASML.AS,2025-04-11,570.254,EUR,YAHOO
ASML.AS,2025-04-14,582.7991,EUR,YAHOO
ASML.AS,2025-04-15,598.0112,EUR,YAHOO
ASML.AS,2025-04-16,566.9944,EUR,YAHOO
ASML.AS,2025-04-17,557.314,EUR,YAHOO
ASML.AS,2025-04-22,554.2518,EUR,YAHOO
ASML.AS,2025-04-23,573.8102,EUR,YAHOO
ASML.AS,2025-04-24,584.4783,EUR,YAHOO
ASML.AS,2025-04-25,583.5271,EUR,YAHOO
ASML.AS,2025-04-28,579.1672,EUR,YAHOO
ASML.AS,2025-04-29,579.6627,EUR,YAHOO
ASML.AS,2025-04-30,577.1854,EUR,YAHOO
ASML.AS,2025-05-02,603.3447,EUR,YAHOO
ASML.AS,2025-05-05,601.2637,EUR,YAHOO
ASML.AS,2025-05-06,596.0121,EUR,YAHOO
ASML.AS,2025-05-07,599.1829,EUR,YAHOO
ASML.AS,2025-05-08,624.7477,EUR,YAHOO
ASML.AS,2025-05-09,621.0813,EUR,YAHOO
ASML.AS,2025-05-12,660.8156,EUR,YAHOO
ASML.AS,2025-05-13,677.4622,EUR,YAHOO
ASML.AS,2025-05-14,680.3357,EUR,YAHOO
ASML.AS,2025-05-15,675.976,EUR,YAHOO
ASML.AS,2025-05-16,662.3019,EUR,YAHOO
ASML.AS,2025-05-19,656.3565,EUR,YAHOO
ASML.AS,2025-05-20,653.9784,EUR,YAHOO
ASML.AS,2025-05-21,658.6356,EUR,YAHOO
ASML.AS,2025-05-22,650.8076,EUR,YAHOO
ASML.AS,2025-05-23,636.7372,EUR,YAHOO
ASML.AS,2025-05-26,648.0332,EUR,YAHOO
ASML.AS,2025-05-27,660.0228,EUR,YAHOO
ASML.AS,2025-05-28,654.7712,EUR,YAHOO
ASML.AS,2025-05-29,659.4282,EUR,YAHOO
ASML.AS,2025-05-30,647.9341,EUR,YAHOO
ASML.AS,2025-06-02,640.3044,EUR,YAHOO
ASML.AS,2025-06-03,647.1415,EUR,YAHOO
ASML.AS,2025-06-04,646.4478,EUR,YAHOO
ASML.AS,2025-06-05,652.9875,EUR,YAHOO
ASML.AS,2025-06-06,661.509,EUR,YAHOO
ASML.AS,2025-06-09,673.895,EUR,YAHOO
ASML.AS,2025-06-10,678.2549,EUR,YAHOO
ASML.AS,2025-06-11,683.9028,EUR,YAHOO
ASML.AS,2025-06-12,670.427,EUR,YAHOO
ASML.AS,2025-06-13,658.5364,EUR,YAHOO
ASML.AS,2025-06-16,663.9863,EUR,YAHOO
ASML.AS,2025-06-17,659.9237,EUR,YAHOO
ASML.AS,2025-06-18,658.9327,EUR,YAHOO
ASML.AS,2025-06-19,647.1415,EUR,YAHOO
ASML.AS,2025-06-20,644.466,EUR,YAHOO
ASML.AS,2025-06-23,662.5991,EUR,YAHOO
ASML.AS,2025-06-24,685.092,EUR,YAHOO
ASML.AS,2025-06-25,688.1636,EUR,YAHOO
ASML.AS,2025-06-26,671.2197,EUR,YAHOO
ASML.AS,2025-06-27,676.2731,EUR,YAHOO
ASML.AS,2025-06-30,671.4178,EUR,YAHOO
ASML.AS,2025-07-01,662.1036,EUR,YAHOO
ASML.AS,2025-07-02,671.4178,EUR,YAHOO
ASML.AS,2025-07-03,670.9224,EUR,YAHOO
ASML.AS,2025-07-04,653.3839,EUR,YAHOO
ASML.AS,2025-07-07,665.4725,EUR,YAHOO
ASML.AS,2025-07-08,672.7061,EUR,YAHOO
ASML.AS,2025-07-09,673.5978,EUR,YAHOO
ASML.AS,2025-07-10,683.7047,EUR,YAHOO
ASML.AS,2025-07-11,677.6604,EUR,YAHOO
ASML.AS,2025-07-14,681.0294,EUR,YAHOO
ASML.AS,2025-07-15,699.6578,EUR,YAHOO
ASML.AS,2025-07-16,620.0905,EUR,YAHOO
ASML.AS,2025-07-17,644.2678,EUR,YAHOO
ASML.AS,2025-07-18,627.7202,EUR,YAHOO
ASML.AS,2025-07-21,618.4059,EUR,YAHOO
ASML.AS,2025-07-22,596.9039,EUR,YAHOO
ASML.AS,2025-07-23,601.0656,EUR,YAHOO
ASML.AS,2025-07-24,610.2808,EUR,YAHOO
ASML.AS,2025-07-25,599.3812,EUR,YAHOO
ASML.AS,2025-07-28,624.2188,EUR,YAHOO
ASML.AS,2025-07-29,618.9532,EUR,YAHOO
ASML.AS,2025-07-30,623.424,EUR,YAHOO
ASML.AS,2025-07-31,609.1175,EUR,YAHOO
ASML.AS,2025-08-01,591.135,EUR,YAHOO
ASML.AS,2025-08-04,598.487,EUR,YAHOO
ASML.AS,2025-08-05,593.2213,EUR,YAHOO
ASML.AS,2025-08-06,589.0488,EUR,YAHOO
ASML.AS,2025-08-07,606.7331,EUR,YAHOO
ASML.AS,2025-08-08,612.8929,EUR,YAHOO
ASML.AS,2025-08-11,622.9272,EUR,YAHOO
ASML.AS,2025-08-12,629.7824,EUR,YAHOO
ASML.AS,2025-08-13,636.4388,EUR,YAHOO
ASML.AS,2025-08-14,638.7239,EUR,YAHOO
ASML.AS,2025-08-15,632.5642,EUR,YAHOO
ASML.AS,2025-08-18,634.5513,EUR,YAHOO
ASML.AS,2025-08-19,638.1278,EUR,YAHOO
ASML.AS,2025-08-20,634.0545,EUR,YAHOO
ASML.AS,2025-08-21,630.3785,EUR,YAHOO
ASML.AS,2025-08-22,642.0025,EUR,YAHOO
ASML.AS,2025-08-25,642.4993,EUR,YAHOO
ASML.AS,2025-08-26,646.3739,EUR,YAHOO
ASML.AS,2025-08-27,655.9115,EUR,YAHOO
ASML.AS,2025-08-28,650.0498,EUR,YAHOO
ASML.AS,2025-08-29,632.4648,EUR,YAHOO
ASML.AS,2025-09-01,631.9681,EUR,YAHOO
ASML.AS,2025-09-02,613.1909,EUR,YAHOO
ASML.AS,2025-09-03,621.2382,EUR,YAHOO
ASML.AS,2025-09-04,643.3933,EUR,YAHOO
ASML.AS,2025-09-05,655.9115,EUR,YAHOO
ASML.AS,2025-09-08,672.205,EUR,YAHOO
ASML.AS,2025-09-09,678.7622,EUR,YAHOO
ASML.AS,2025-09-10,675.7816,EUR,YAHOO
ASML.AS,2025-09-11,681.5439,EUR,YAHOO
ASML.AS,2025-09-12,685.3193,EUR,YAHOO
ASML.AS,2025-09-15,724.662,EUR,YAHOO
ASML.AS,2025-09-16,728.1393,EUR,YAHOO
ASML.AS,2025-09-17,732.2126,EUR,YAHOO
ASML.AS,2025-09-18,788.8425,EUR,YAHOO
ASML.AS,2025-09-19,788.5443,EUR,YAHOO
ASML.AS,2025-09-22,805.5333,EUR,YAHOO
ASML.AS,2025-09-23,814.4749,EUR,YAHOO
ASML.AS,2025-09-24,802.7515,EUR,YAHOO
ASML.AS,2025-09-25,806.4275,EUR,YAHOO
ASML.AS,2025-09-26,807.5203,EUR,YAHOO
ASML.AS,2025-09-29,820.1378,EUR,YAHOO
ASML.AS,2025-09-30,822.7209,EUR,YAHOO
ASML.AS,2025-10-01,835.9345,EUR,YAHOO
ASML.AS,2025-10-02,871.8994,EUR,YAHOO
ASML.AS,2025-10-03,874.3831,EUR,YAHOO
ASML.AS,2025-10-06,891.4714,EUR,YAHOO
ASML.AS,2025-10-07,869.1176,EUR,YAHOO
ASML.AS,2025-10-08,846.267,EUR,YAHOO
ASML.AS,2025-10-09,844.28,EUR,YAHOO
ASML.AS,2025-10-10,808.6132,EUR,YAHOO
ASML.AS,2025-10-13,838.5176,EUR,YAHOO
ASML.AS,2025-10-14,841.1008,EUR,YAHOO
ASML.AS,2025-10-15,867.3293,EUR,YAHOO
ASML.AS,2025-10-16,871.7007,EUR,YAHOO
ASML.AS,2025-10-17,870.0118,EUR,YAHOO
ASML.AS,2025-10-20,893.1603,EUR,YAHOO
ASML.AS,2025-10-21,884.0201,EUR,YAHOO
ASML.AS,2025-10-22,864.4481,EUR,YAHOO
ASML.AS,2025-10-23,881.9338,EUR,YAHOO
ASML.AS,2025-10-24,888.5903,EUR,YAHOO
ASML.AS,2025-10-27,902.2012,EUR,YAHOO
ASML.AS,2025-10-28,903.097,EUR,YAHOO
ASML.AS,2025-10-29,915.0402,EUR,YAHOO
ASML.AS,2025-10-30,933.0542,EUR,YAHOO
ASML.AS,2025-10-31,913.7462,EUR,YAHOO
ASML.AS,2025-11-03,922.1064,EUR,YAHOO
ASML.AS,2025-11-04,913.6467,EUR,YAHOO
ASML.AS,2025-11-05,902.3008,EUR,YAHOO
ASML.AS,2025-11-06,891.0544,EUR,YAHOO
ASML.AS,2025-11-07,866.6705,EUR,YAHOO
ASML.AS,2025-11-10,882.4952,EUR,YAHOO
ASML.AS,2025-11-11,882.6943,EUR,YAHOO
ASML.AS,2025-11-12,887.571,EUR,YAHOO
ASML.AS,2025-11-13,877.3198,EUR,YAHOO
ASML.AS,2025-11-14,869.9549,EUR,YAHOO
ASML.AS,2025-11-17,872.244,EUR,YAHOO
ASML.AS,2025-11-18,861.4952,EUR,YAHOO
ASML.AS,2025-11-19,882.3956,EUR,YAHOO
ASML.AS,2025-11-20,885.5804,EUR,YAHOO
ASML.AS,2025-11-21,830.045,EUR,YAHOO
ASML.AS,2025-11-24,854.7275,EUR,YAHOO
ASML.AS,2025-11-25,856.2203,EUR,YAHOO
ASML.AS,2025-11-26,904.988,EUR,YAHOO
ASML.AS,2025-11-27,892.9454,EUR,YAHOO
ASML.AS,2025-11-28,899.116,EUR,YAHOO
ASML.AS,2025-12-01,922.3055,EUR,YAHOO
ASML.AS,2025-12-02,934.6466,EUR,YAHOO
ASML.AS,2025-12-03,958.8315,EUR,YAHOO
ASML.AS,2025-12-04,952.7603,EUR,YAHOO
ASML.AS,2025-12-05,947.0873,EUR,YAHOO
ASML.AS,2025-12-08,958.6323,EUR,YAHOO
ASML.AS,2025-12-09,948.3812,EUR,YAHOO
ASML.AS,2025-12-10,941.5139,EUR,YAHOO
ASML.AS,2025-12-11,936.4381,EUR,YAHOO
ASML.AS,2025-12-12,920.9121,EUR,YAHOO
ASML.AS,2025-12-15,926.5851,EUR,YAHOO
ASML.AS,2025-12-16,904.2913,EUR,YAHOO
ASML.AS,2025-12-17,869.8553,EUR,YAHOO
ASML.AS,2025-12-18,888.4667,EUR,YAHOO
ASML.AS,2025-12-19,897.3245,EUR,YAHOO
ASML.AS,2025-12-22,891.751,EUR,YAHOO
ASML.AS,2025-12-23,898.9169,EUR,YAHOO
ASML.AS,2025-12-24,894.7368,EUR,YAHOO
ASML.AS,2025-12-29,902.4998,EUR,YAHOO
ASML.AS,2025-12-30,914.0449,EUR,YAHOO
ASML.AS,2025-12-31,917.0306,EUR,YAHOO
ASML.AS,2026-01-02,981.6229,EUR,YAHOO
ASML.AS,2026-01-05,1048.2054,EUR,YAHOO
ASML.AS,2026-01-06,1055.9685,EUR,YAHOO
ASML.AS,2026-01-07,1046.8124,EUR,YAHOO
ASML.AS,2026-01-08,1008.1963,EUR,YAHOO
ASML.AS,2026-01-09,1076.4709,EUR,YAHOO
ASML.AS,2026-01-12,1081.2482,EUR,YAHOO
ASML.AS,2026-01-13,1097.3713,EUR,YAHOO
ASML.AS,2026-01-14,1079.0586,EUR,YAHOO
ASML.AS,2026-01-15,1143.9495,EUR,YAHOO
ASML.AS,2026-01-16,1161.665,EUR,YAHOO
ASML.AS,2026-01-19,1115.0869,EUR,YAHOO
ASML.AS,2026-01-20,1134.594,EUR,YAHOO
ASML.AS,2026-01-21,1149.3237,EUR,YAHOO
ASML.AS,2026-01-22,1170.8214,EUR,YAHOO
ASML.AS,2026-01-23,1172.6128,EUR,YAHOO
ASML.AS,2026-01-26,1172.4138,EUR,YAHOO
ASML.AS,2026-01-27,1211.8259,EUR,YAHOO
ASML.AS,2026-01-28,1188.7361,EUR,YAHOO
ASML.AS,2026-01-29,1186.3473,EUR,YAHOO
ASML.AS,2026-01-30,1209.8354,EUR,YAHOO
ASML.AS,2026-02-02,1218.9918,EUR,YAHOO
ASML.AS,2026-02-03,1184.755,EUR,YAHOO
ASML.AS,2026-02-04,1135.1912,EUR,YAHOO
ASML.AS,2026-02-05,1144.1484,EUR,YAHOO
ASML.AS,2026-02-06,1188.1389,EUR,YAHOO
ASML.AS,2026-02-09,1200.696,EUR,YAHOO
ASML.AS,2026-02-10,1188.9362,EUR,YAHOO
ASML.AS,2026-02-11,1203.6858,EUR,YAHOO
ASML.AS,2026-02-12,1175.7811,EUR,YAHOO
ASML.AS,2026-02-13,1186.345,EUR,YAHOO
ASML.AS,2026-02-16,1190.9293,EUR,YAHOO
ASML.AS,2026-02-17,1195.115,EUR,YAHOO
ASML.AS,2026-02-18,1240.5597,EUR,YAHOO
ASML.AS,2026-02-19,1233.9821,EUR,YAHOO
ASML.AS,2026-02-20,1251.3229,EUR,YAHOO
ASML.AS,2026-02-23,1244.9446,EUR,YAHOO
ASML.AS,2026-02-24,1259.0964,EUR,YAHOO
ASML.AS,2026-02-25,1284.0112,EUR,YAHOO
ASML.AS,2026-02-26,1228.2019,EUR,YAHOO
ASML.AS,2026-02-27,1229.1985,EUR,YAHOO
ASML.AS,2026-03-02,1206.277,EUR,YAHOO
ASML.AS,2026-03-03,1157.8424,EUR,YAHOO
ASML.AS,2026-03-04,1195.713,EUR,YAHOO
ASML.AS,2026-03-05,1181.9601,EUR,YAHOO
ASML.AS,2026-03-06,1143.0928,EUR,YAHOO
ASML.AS,2026-03-09,1143.6908,EUR,YAHOO
ASML.AS,2026-03-10,1195.9124,EUR,YAHOO
ASML.AS,2026-03-11,1194.7164,EUR,YAHOO
ASML.AS,2026-03-12,1176.3792,EUR,YAHOO
ASML.AS,2026-03-13,1175.5817,EUR,YAHOO
ASML.AS,2026-03-16,1193.3212,EUR,YAHOO
ASML.AS,2026-03-17,1189.7335,EUR,YAHOO
ASML.AS,2026-03-18,1186.9429,EUR,YAHOO
ASML.AS,2026-03-19,1164.6193,EUR,YAHOO
ASML.AS,2026-03-20,1124.3568,EUR,YAHOO
ASML.AS,2026-03-23,1171.3961,EUR,YAHOO
ASML.AS,2026-03-24,1197.5068,EUR,YAHOO
ASML.AS,2026-03-25,1207.4728,EUR,YAHOO
ASML.AS,2026-03-26,1161.8289,EUR,YAHOO
ASML.AS,2026-03-27,1142.4949,EUR,YAHOO
ASML.AS,2026-03-30,1108.212,EUR,YAHOO
ASML.AS,2026-03-31,1115.3875,EUR,YAHOO
ASML.AS,2026-04-01,1183.5546,EUR,YAHOO
ASML.AS,2026-04-02,1157.045,EUR,YAHOO
ASML.AS,2026-04-07,1110.0059,EUR,YAHOO
ASML.AS,2026-04-08,1208.4694,EUR,YAHOO
ASML.AS,2026-04-09,1230.5939,EUR,YAHOO
ASML.AS,2026-04-10,1265.6738,EUR,YAHOO
ASML.AS,2026-04-13,1255.5087,EUR,YAHOO
ASML.AS,2026-04-14,1279.8254,EUR,YAHOO
ASML.AS,2026-04-15,1225.8101,EUR,YAHOO
ASML.AS,2026-04-16,1218.4353,EUR,YAHOO
ASML.AS,2026-04-17,1239.7623,EUR,YAHOO
ASML.AS,2026-04-20,1240.7589,EUR,YAHOO
ASML.AS,2026-04-21,1232.7863,EUR,YAHOO
ASML.AS,2026-04-22,1245.5426,EUR,YAHOO
ASML.AS,2026-04-23,1219.6312,EUR,YAHOO
ASML.AS,2026-04-24,1248.0969,EUR,YAHOO
ASML.AS,2026-04-27,1211.1415,EUR,YAHOO
ASML.AS,2026-04-28,1170.3906,EUR,YAHOO
ASML.AS,2026-04-29,1191.1655,EUR,YAHOO
ASML.AS,2026-04-30,1220.9297,EUR,YAHOO
ASML.AS,2026-05-04,1185.9718,EUR,YAHOO
ASML.AS,2026-05-05,1227.5217,EUR,YAHOO
ASML.AS,2026-05-06,1303.4303,EUR,YAHOO
ASML.AS,2026-05-07,1298.4363,EUR,YAHOO
ASML.AS,2026-05-08,1317.813,EUR,YAHOO
ASML.AS,2026-05-11,1304.0295,EUR,YAHOO
ASML.AS,2026-05-12,1264.2775,EUR,YAHOO
ASML.AS,2026-05-13,1325.4038,EUR,YAHOO
ASML.AS,2026-05-14,1365.3557,EUR,YAHOO
ASML.AS,2026-05-15,1305.0283,EUR,YAHOO
ASML.AS,2026-05-18,1262.8792,EUR,YAHOO
ASML.AS,2026-05-19,1247.4977,EUR,YAHOO
ASML.AS,2026-05-20,1331.3966,EUR,YAHOO
ASML.AS,2026-05-21,1343.5819,EUR,YAHOO
ASML.AS,2026-05-22,1407.3052,EUR,YAHOO
ASML.AS,2026-05-25,1428.8793,EUR,YAHOO
ASML.AS,2026-05-26,1388.1284,EUR,YAHOO
ASML.AS,2026-05-27,1374.7445,EUR,YAHOO
ASML.AS,2026-05-28,1389.3269,EUR,YAHOO
ASML.AS,2026-05-29,1383.1344,EUR,YAHOO
ASML.AS,2026-06-01,1392.3232,EUR,YAHOO
ASML.AS,2026-06-02,1460.0417,EUR,YAHOO
ASML.AS,2026-06-03,1483.4136,EUR,YAHOO
ASML.AS,2026-06-04,1496.1981,EUR,YAHOO
ASML.AS,2026-06-05,1460.4412,EUR,YAHOO
ASML.AS,2026-06-08,1512.7782,EUR,YAHOO
ASML.AS,2026-06-09,1506.5857,EUR,YAHOO
ASML.AS,2026-06-10,1505.3871,EUR,YAHOO
ASML.AS,2026-06-11,1574.1044,EUR,YAHOO
ASML.AS,2026-06-12,1627.6399,EUR,YAHOO
ASML.AS,2026-06-15,1620.2488,EUR,YAHOO
ASML.AS,2026-06-16,1589.286,EUR,YAHOO
ASML.AS,2026-06-17,1654.4077,EUR,YAHOO
ASML.AS,2026-06-18,1673.9841,EUR,YAHOO
ASML.AS,2026-06-19,1655.806,EUR,YAHOO
ASML.AS,2026-06-22,1653.8085,EUR,YAHOO
ASML.AS,2026-06-23,1558.9227,EUR,YAHOO
ASML.AS,2026-06-24,1551.9312,EUR,YAHOO
ASML.AS,2026-06-25,1592.0826,EUR,YAHOO
ASML.AS,2026-06-26,1576.3016,EUR,YAHOO
ASML.AS,2026-06-29,1610.061,EUR,YAHOO
ASML.AS,2026-06-30,1719.3295,EUR,YAHOO
ASML.AS,2026-07-01,1639.6254,EUR,YAHOO
ASML.AS,2026-07-02,1575.9022,EUR,YAHOO
ASML.AS,2026-07-03,1632.4341,EUR,YAHOO
ASML.AS,2026-07-06,1626.4414,EUR,YAHOO
ASML.AS,2026-07-07,1507.984,EUR,YAHOO
ASML.AS,2026-07-08,1527.1609,EUR,YAHOO
ASML.AS,2026-07-09,1600.8722,EUR,YAHOO
ASML.AS,2026-07-10,1567.1128,EUR,YAHOO
ASML.AS,2026-07-13,1538.9468,EUR,YAHOO
ASML.AS,2026-07-14,1553.9287,EUR,YAHOO
ASML.AS,2026-07-15,1547.5364,EUR,YAHOO
ASML.AS,2026-07-16,1596.4774,EUR,YAHOO
ASML.AS,2026-07-17,1535.1512,EUR,YAHOO
ASML.AS,2026-07-20,1518.9708,EUR,YAHOO
ASML.AS,2026-07-21,1591.4834,EUR,YAHOO
ASML.AS,2026-07-22,1587.688,EUR,YAHOO
ASML.AS,2026-07-23,1577.3004,EUR,YAHOO
ASML.AS,2026-07-24,1561.12,EUR,YAHOO
ASML.AS,2026-07-27,1429.8,EUR,YAHOO
ASML.AS,2026-07-28,1388.4,EUR,YAHOO
ASML.AS,2026-07-29,1362.2,EUR,YAHOO
ASML.AS,2026-07-30,1440.0,EUR,YAHOO
ASML.AS,2026-07-31,1434.2,EUR,YAHOO
ASML.AS,2026-08-03,1419.6,EUR,YAHOO
ASML.AS,2026-08-04,1472.6,EUR,YAHOO
ASML.AS,2026-08-05,1465.8,EUR,YAHOO
ASML.AS,2026-08-06,1494.0,EUR,YAHOO
ASML.AS,2026-08-07,1499.0,EUR,YAHOO
ASML.AS,2026-08-10,1513.8,EUR,YAHOO
ASML.AS,2026-08-11,1554.0,EUR,YAHOO
ASML.AS,2026-08-12,1567.0,EUR,YAHOO
ASML.AS,2026-08-13,1609.4,EUR,YAHOO
ASML.AS,2026-08-14,1579.6,EUR,YAHOO
ASML.AS,2026-08-17,1621.2,EUR,YAHOO
ASML.AS,2026-08-18,1541.8,EUR,YAHOO
ASML.AS,2026-08-19,1507.6,EUR,YAHOO
ASML.AS,2026-08-20,1505.4,EUR,YAHOO
ASML.AS,2026-08-21,1506.0,EUR,YAHOO
ASML.AS,2026-08-24,1489.8,EUR,YAHOO
ASML.AS,2026-08-25,1501.0,EUR,YAHOO
ASML.AS,2026-08-26,1497.6,EUR,YAHOO
ASML.AS,2026-08-27,1486.4,EUR,YAHOO
ASML.AS,2026-08-28,1494.4,EUR,YAHOO
ASML.AS,2026-08-31,1451.8,EUR,YAHOO
ASML.AS,2026-09-01,1435.4,EUR,YAHOO
ASML.AS,2026-09-02,1445.8,EUR,YAHOO
ASML.AS,2026-09-03,1423.4,EUR,YAHOO
ASML.AS,2026-09-04,1467.4,EUR,YAHOO
ASML.AS,2026-09-08,1518.0,EUR,YAHOO
ASML.AS,2026-09-09,1497.6,EUR,YAHOO
ASML.AS,2026-09-10,1474.2,EUR,YAHOO
ASML.AS,2026-09-11,1478.4,EUR,YAHOO
BND,2023-09-14,63.3342,USD,YAHOO
BND,2023-09-15,63.2092,USD,YAHOO
BND,2023-09-18,63.2717,USD,YAHOO
BND,2023-09-19,63.1378,USD,YAHOO
BND,2023-09-20,63.0574,USD,YAHOO
BND,2023-09-21,62.6645,USD,YAHOO
BND,2023-09-22,62.9235,USD,YAHOO
BND,2023-09-25,62.4592,USD,YAHOO
BND,2023-09-26,62.3966,USD,YAHOO
BND,2023-09-27,62.1734,USD,YAHOO
BND,2023-09-28,62.3342,USD,YAHOO
BND,2023-09-29,62.3074,USD,YAHOO
BND,2023-10-02,61.8794,USD,YAHOO
BND,2023-10-03,61.378,USD,YAHOO
BND,2023-10-04,61.7809,USD,YAHOO
BND,2023-10-05,61.8257,USD,YAHOO
BND,2023-10-06,61.5839,USD,YAHOO
BND,2023-10-09,62.2107,USD,YAHOO
BND,2023-10-10,62.148,USD,YAHOO
BND,2023-10-11,62.4345,USD,YAHOO
BND,2023-10-12,61.8973,USD,YAHOO
BND,2023-10-13,62.1838,USD,YAHOO
BND,2023-10-16,61.8615,USD,YAHOO
BND,2023-10-17,61.4586,USD,YAHOO
BND,2023-10-18,61.1899,USD,YAHOO
BND,2023-10-19,60.9213,USD,YAHOO
BND,2023-10-20,61.1452,USD,YAHOO
BND,2023-10-23,61.378,USD,YAHOO
BND,2023-10-24,61.5839,USD,YAHOO
BND,2023-10-25,61.1183,USD,YAHOO
BND,2023-10-26,61.5302,USD,YAHOO
BND,2023-10-27,61.5302,USD,YAHOO
BND,2023-10-30,61.378,USD,YAHOO
BND,2023-10-31,61.3601,USD,YAHOO
BND,2023-11-01,61.9555,USD,YAHOO
BND,2023-11-02,62.3147,USD,YAHOO
BND,2023-11-03,62.6829,USD,YAHOO
BND,2023-11-06,62.4135,USD,YAHOO
BND,2023-11-07,62.7278,USD,YAHOO
BND,2023-11-08,62.9253,USD,YAHOO
BND,2023-11-09,62.4584,USD,YAHOO
BND,2023-11-10,62.5751,USD,YAHOO
BND,2023-11-13,62.5572,USD,YAHOO
BND,2023-11-14,63.3205,USD,YAHOO
BND,2023-11-15,62.9702,USD,YAHOO
BND,2023-11-16,63.3474,USD,YAHOO
BND,2023-11-17,63.4372,USD,YAHOO
BND,2023-11-20,63.527,USD,YAHOO
BND,2023-11-21,63.6168,USD,YAHOO
BND,2023-11-22,63.6707,USD,YAHOO
BND,2023-11-24,63.3654,USD,YAHOO
BND,2023-11-27,63.7515,USD,YAHOO
BND,2023-11-28,64.0209,USD,YAHOO
BND,2023-11-29,64.3532,USD,YAHOO
BND,2023-11-30,64.1467,USD,YAHOO
BND,2023-12-01,64.6699,USD,YAHOO
BND,2023-12-04,64.4087,USD,YAHOO
BND,2023-12-05,64.823,USD,YAHOO
BND,2023-12-06,65.0121,USD,YAHOO
BND,2023-12-07,64.9941,USD,YAHOO
BND,2023-12-08,64.6789,USD,YAHOO
BND,2023-12-11,64.6879,USD,YAHOO
BND,2023-12-12,64.877,USD,YAHOO
BND,2023-12-13,65.7056,USD,YAHOO
BND,2023-12-14,66.2009,USD,YAHOO
BND,2023-12-15,66.1018,USD,YAHOO
BND,2023-12-18,65.9667,USD,YAHOO
BND,2023-12-19,66.0928,USD,YAHOO
BND,2023-12-20,66.3089,USD,YAHOO
BND,2023-12-21,66.2999,USD,YAHOO
BND,2023-12-22,66.2557,USD,YAHOO
BND,2023-12-26,66.3189,USD,YAHOO
BND,2023-12-27,66.7434,USD,YAHOO
BND,2023-12-28,66.5808,USD,YAHOO
BND,2023-12-29,66.4273,USD,YAHOO
BND,2024-01-02,66.1473,USD,YAHOO
BND,2024-01-03,66.2015,USD,YAHOO
BND,2024-01-04,65.9034,USD,YAHOO
BND,2024-01-05,65.7048,USD,YAHOO
BND,2024-01-08,65.9938,USD,YAHOO
BND,2024-01-09,65.9847,USD,YAHOO
BND,2024-01-10,65.8673,USD,YAHOO
BND,2024-01-11,66.2105,USD,YAHOO
BND,2024-01-12,66.346,USD,YAHOO
BND,2024-01-16,65.8763,USD,YAHOO
BND,2024-01-17,65.7228,USD,YAHOO
BND,2024-01-18,65.6325,USD,YAHOO
BND,2024-01-19,65.6325,USD,YAHOO
BND,2024-01-22,65.7409,USD,YAHOO
BND,2024-01-23,65.5873,USD,YAHOO
BND,2024-01-24,65.4519,USD,YAHOO
BND,2024-01-25,65.759,USD,YAHOO
BND,2024-01-26,65.6596,USD,YAHOO
BND,2024-01-29,65.9215,USD,YAHOO
BND,2024-01-30,66.0389,USD,YAHOO
BND,2024-01-31,66.3189,USD,YAHOO
BND,2024-02-01,66.7193,USD,YAHOO
BND,2024-02-02,66.1214,USD,YAHOO
BND,2024-02-05,65.5961,USD,YAHOO
BND,2024-02-06,65.9041,USD,YAHOO
BND,2024-02-07,65.7772,USD,YAHOO
BND,2024-02-08,65.6052,USD,YAHOO
BND,2024-02-09,65.5508,USD,YAHOO
BND,2024-02-12,65.5689,USD,YAHOO
BND,2024-02-13,64.9983,USD,YAHOO
BND,2024-02-14,65.2429,USD,YAHOO
BND,2024-02-15,65.424,USD,YAHOO
BND,2024-02-16,65.2157,USD,YAHOO
BND,2024-02-20,65.2972,USD,YAHOO
BND,2024-02-21,65.116,USD,YAHOO
BND,2024-02-22,65.1432,USD,YAHOO
BND,2024-02-23,65.3787,USD,YAHOO
BND,2024-02-26,65.261,USD,YAHOO
BND,2024-02-27,65.1613,USD,YAHOO
BND,2024-02-28,65.3062,USD,YAHOO
BND,2024-02-29,65.4149,USD,YAHOO
BND,2024-03-01,65.6892,USD,YAHOO
BND,2024-03-04,65.5348,USD,YAHOO
BND,2024-03-05,65.8891,USD,YAHOO
BND,2024-03-06,66.0071,USD,YAHOO
BND,2024-03-07,66.1161,USD,YAHOO
BND,2024-03-08,66.1797,USD,YAHOO
BND,2024-03-11,66.1525,USD,YAHOO
BND,2024-03-12,65.9527,USD,YAHOO
BND,2024-03-13,65.8437,USD,YAHOO
BND,2024-03-14,65.4531,USD,YAHOO
BND,2024-03-15,65.4167,USD,YAHOO
BND,2024-03-18,65.335,USD,YAHOO
BND,2024-03-19,65.5076,USD,YAHOO
BND,2024-03-20,65.6256,USD,YAHOO
BND,2024-03-21,65.6802,USD,YAHOO
BND,2024-03-22,65.8982,USD,YAHOO
BND,2024-03-25,65.771,USD,YAHOO
BND,2024-03-26,65.8255,USD,YAHOO
BND,2024-03-27,66.0526,USD,YAHOO
BND,2024-03-28,65.9708,USD,YAHOO
BND,2024-04-01,65.5208,USD,YAHOO
BND,2024-04-02,65.4479,USD,YAHOO
BND,2024-04-03,65.4934,USD,YAHOO
BND,2024-04-04,65.6301,USD,YAHOO
BND,2024-04-05,65.3021,USD,YAHOO
BND,2024-04-08,65.2475,USD,YAHOO
BND,2024-04-09,65.4843,USD,YAHOO
BND,2024-04-10,64.7191,USD,YAHOO
BND,2024-04-11,64.7191,USD,YAHOO
BND,2024-04-12,64.8649,USD,YAHOO
BND,2024-04-15,64.4367,USD,YAHOO
BND,2024-04-16,64.2727,USD,YAHOO
BND,2024-04-17,64.5824,USD,YAHOO
BND,2024-04-18,64.4093,USD,YAHOO
BND,2024-04-19,64.4913,USD,YAHOO
BND,2024-04-22,64.5187,USD,YAHOO
BND,2024-04-23,64.6371,USD,YAHOO
BND,2024-04-24,64.4731,USD,YAHOO
BND,2024-04-25,64.2909,USD,YAHOO
BND,2024-04-26,64.4367,USD,YAHOO
BND,2024-04-29,64.628,USD,YAHOO
BND,2024-04-30,64.382,USD,YAHOO
BND,2024-05-01,64.6141,USD,YAHOO
BND,2024-05-02,64.87,USD,YAHOO
BND,2024-05-03,65.1989,USD,YAHOO
BND,2024-05-06,65.2629,USD,YAHOO
BND,2024-05-07,65.3908,USD,YAHOO
BND,2024-05-08,65.2355,USD,YAHOO
BND,2024-05-09,65.4091,USD,YAHOO
BND,2024-05-10,65.2263,USD,YAHOO
BND,2024-05-13,65.2812,USD,YAHOO
BND,2024-05-14,65.4731,USD,YAHOO
BND,2024-05-15,65.8934,USD,YAHOO
BND,2024-05-16,65.7838,USD,YAHOO
BND,2024-05-17,65.6193,USD,YAHOO
BND,2024-05-20,65.5553,USD,YAHOO
BND,2024-05-21,65.6924,USD,YAHOO
BND,2024-05-22,65.6102,USD,YAHOO
BND,2024-05-23,65.4182,USD,YAHOO
BND,2024-05-24,65.4913,USD,YAHOO
BND,2024-05-28,65.1806,USD,YAHOO
BND,2024-05-29,64.9431,USD,YAHOO
BND,2024-05-30,65.2263,USD,YAHOO
BND,2024-05-31,65.4639,USD,YAHOO
BND,2024-06-03,65.8297,USD,YAHOO
BND,2024-06-04,66.0771,USD,YAHOO
BND,2024-06-05,66.2605,USD,YAHOO
BND,2024-06-06,66.2696,USD,YAHOO
BND,2024-06-07,65.738,USD,YAHOO
BND,2024-06-10,65.6372,USD,YAHOO
BND,2024-06-11,65.903,USD,YAHOO
BND,2024-06-12,66.2054,USD,YAHOO
BND,2024-06-13,66.4988,USD,YAHOO
BND,2024-06-14,66.5996,USD,YAHOO
BND,2024-06-17,66.3521,USD,YAHOO
BND,2024-06-18,66.5813,USD,YAHOO
BND,2024-06-20,66.4529,USD,YAHOO
BND,2024-06-21,66.4713,USD,YAHOO
BND,2024-06-24,66.5079,USD,YAHOO
BND,2024-06-25,66.5446,USD,YAHOO
BND,2024-06-26,66.233,USD,YAHOO
BND,2024-06-27,66.3521,USD,YAHOO
BND,2024-06-28,66.0405,USD,YAHOO
BND,2024-07-01,65.692,USD,YAHOO
BND,2024-07-02,65.8851,USD,YAHOO
BND,2024-07-03,66.262,USD,YAHOO
BND,2024-07-05,66.5655,USD,YAHOO
BND,2024-07-08,66.5655,USD,YAHOO
BND,2024-07-09,66.5379,USD,YAHOO
BND,2024-07-10,66.593,USD,YAHOO
BND,2024-07-11,66.924,USD,YAHOO
BND,2024-07-12,67.0987,USD,YAHOO
BND,2024-07-15,66.8873,USD,YAHOO
BND,2024-07-16,67.1447,USD,YAHOO
BND,2024-07-17,67.209,USD,YAHOO
BND,2024-07-18,67.0343,USD,YAHOO
BND,2024-07-19,66.8597,USD,YAHOO
BND,2024-07-22,66.8321,USD,YAHOO
BND,2024-07-23,66.8413,USD,YAHOO
BND,2024-07-24,66.6482,USD,YAHOO
BND,2024-07-25,66.7953,USD,YAHOO
BND,2024-07-26,67.0619,USD,YAHOO
BND,2024-07-29,67.1447,USD,YAHOO
BND,2024-07-30,67.2274,USD,YAHOO
BND,2024-07-31,67.5952,USD,YAHOO
BND,2024-08-01,67.8479,USD,YAHOO
BND,2024-08-02,68.6226,USD,YAHOO
BND,2024-08-05,68.558,USD,YAHOO
BND,2024-08-06,68.1338,USD,YAHOO
BND,2024-08-07,67.9678,USD,YAHOO
BND,2024-08-08,67.8663,USD,YAHOO
BND,2024-08-09,68.1061,USD,YAHOO
BND,2024-08-12,68.226,USD,YAHOO
BND,2024-08-13,68.4842,USD,YAHOO
BND,2024-08-14,68.6133,USD,YAHOO
BND,2024-08-15,68.3274,USD,YAHOO
BND,2024-08-16,68.475,USD,YAHOO
BND,2024-08-19,68.558,USD,YAHOO
BND,2024-08-20,68.7609,USD,YAHOO
BND,2024-08-21,68.9084,USD,YAHOO
BND,2024-08-22,68.6318,USD,YAHOO
BND,2024-08-23,68.9361,USD,YAHOO
BND,2024-08-26,68.8624,USD,YAHOO
BND,2024-08-27,68.8624,USD,YAHOO
BND,2024-08-28,68.8162,USD,YAHOO
BND,2024-08-29,68.7147,USD,YAHOO
BND,2024-08-30,68.5764,USD,YAHOO
BND,2024-09-03,68.8688,USD,YAHOO
BND,2024-09-04,69.174,USD,YAHOO
BND,2024-09-05,69.3405,USD,YAHOO
BND,2024-09-06,69.4238,USD,YAHOO
BND,2024-09-09,69.5163,USD,YAHOO
BND,2024-09-10,69.7475,USD,YAHOO
BND,2024-09-11,69.7105,USD,YAHOO
BND,2024-09-12,69.6365,USD,YAHOO
BND,2024-09-13,69.7845,USD,YAHOO
BND,2024-09-16,69.9695,USD,YAHOO
BND,2024-09-17,69.877,USD,YAHOO
BND,2024-09-18,69.6643,USD,YAHOO
BND,2024-09-19,69.6643,USD,YAHOO
BND,2024-09-20,69.655,USD,YAHOO
BND,2024-09-23,69.6088,USD,YAHOO
BND,2024-09-24,69.692,USD,YAHOO
BND,2024-09-25,69.433,USD,YAHOO
BND,2024-09-26,69.433,USD,YAHOO
BND,2024-09-27,69.6365,USD,YAHOO
BND,2024-09-30,69.4793,USD,YAHOO
BND,2024-10-01,69.6843,USD,YAHOO
BND,2024-10-02,69.5544,USD,YAHOO
BND,2024-10-03,69.2483,USD,YAHOO
BND,2024-10-04,68.7937,USD,YAHOO
BND,2024-10-07,68.5896,USD,YAHOO
BND,2024-10-08,68.6916,USD,YAHOO
BND,2024-10-09,68.506,USD,YAHOO
BND,2024-10-10,68.4782,USD,YAHOO
BND,2024-10-11,68.4875,USD,YAHOO
BND,2024-10-14,68.4411,USD,YAHOO
BND,2024-10-15,68.7101,USD,YAHOO
BND,2024-10-16,68.8029,USD,YAHOO
BND,2024-10-17,68.4689,USD,YAHOO
BND,2024-10-18,68.506,USD,YAHOO
BND,2024-10-21,68.0422,USD,YAHOO
BND,2024-10-22,68.07,USD,YAHOO
BND,2024-10-23,67.903,USD,YAHOO
BND,2024-10-24,68.0143,USD,YAHOO
BND,2024-10-25,67.8752,USD,YAHOO
BND,2024-10-28,67.7917,USD,YAHOO
BND,2024-10-29,67.8473,USD,YAHOO
BND,2024-10-30,67.7824,USD,YAHOO
BND,2024-10-31,67.7731,USD,YAHOO
BND,2024-11-01,67.5107,USD,YAHOO
BND,2024-11-04,67.7806,USD,YAHOO
BND,2024-11-05,67.9481,USD,YAHOO
BND,2024-11-06,67.3897,USD,YAHOO
BND,2024-11-07,67.8922,USD,YAHOO
BND,2024-11-08,68.0225,USD,YAHOO
BND,2024-11-11,67.8922,USD,YAHOO
BND,2024-11-12,67.4827,USD,YAHOO
BND,2024-11-13,67.4548,USD,YAHOO
BND,2024-11-14,67.4362,USD,YAHOO
BND,2024-11-15,67.4548,USD,YAHOO
BND,2024-11-18,67.52,USD,YAHOO
BND,2024-11-19,67.641,USD,YAHOO
BND,2024-11-20,67.5665,USD,YAHOO
BND,2024-11-21,67.5293,USD,YAHOO
BND,2024-11-22,67.5572,USD,YAHOO
BND,2024-11-25,68.1807,USD,YAHOO
BND,2024-11-26,68.0598,USD,YAHOO
BND,2024-11-27,68.2459,USD,YAHOO
BND,2024-11-29,68.4972,USD,YAHOO
BND,2024-12-02,68.5373,USD,YAHOO
BND,2024-12-03,68.3786,USD,YAHOO
BND,2024-12-04,68.612,USD,YAHOO
BND,2024-12-05,68.6213,USD,YAHOO
BND,2024-12-06,68.808,USD,YAHOO
BND,2024-12-09,68.6027,USD,YAHOO
BND,2024-12-10,68.528,USD,YAHOO
BND,2024-12-11,68.3786,USD,YAHOO
BND,2024-12-12,68.1079,USD,YAHOO
BND,2024-12-13,67.8372,USD,YAHOO
BND,2024-12-16,67.9119,USD,YAHOO
BND,2024-12-17,67.9212,USD,YAHOO
BND,2024-12-18,67.3891,USD,YAHOO
BND,2024-12-19,67.2024,USD,YAHOO
BND,2024-12-20,67.4078,USD,YAHOO
BND,2024-12-23,67.1931,USD,YAHOO
BND,2024-12-24,67.2895,USD,YAHOO
BND,2024-12-26,67.3364,USD,YAHOO
BND,2024-12-27,67.1959,USD,YAHOO
BND,2024-12-30,67.4581,USD,YAHOO
BND,2024-12-31,67.3457,USD,YAHOO
BND,2025-01-02,67.3738,USD,YAHOO
BND,2025-01-03,67.2895,USD,YAHOO
BND,2025-01-06,67.224,USD,YAHOO
BND,2025-01-07,66.9899,USD,YAHOO
BND,2025-01-08,67.0648,USD,YAHOO
BND,2025-01-10,66.7182,USD,YAHOO
BND,2025-01-13,66.6527,USD,YAHOO
BND,2025-01-14,66.6995,USD,YAHOO
BND,2025-01-15,67.2333,USD,YAHOO
BND,2025-01-16,67.3645,USD,YAHOO
BND,2025-01-17,67.3832,USD,YAHOO
BND,2025-01-21,67.5799,USD,YAHOO
BND,2025-01-22,67.4394,USD,YAHOO
BND,2025-01-23,67.3364,USD,YAHOO
BND,2025-01-24,67.4675,USD,YAHOO
BND,2025-01-27,67.8234,USD,YAHOO
BND,2025-01-28,67.7859,USD,YAHOO
BND,2025-01-29,67.7484,USD,YAHOO
BND,2025-01-30,67.8421,USD,YAHOO
BND,2025-01-31,67.7484,USD,YAHOO
BND,2025-02-03,67.8095,USD,YAHOO
BND,2025-02-04,67.9035,USD,YAHOO
BND,2025-02-05,68.2511,USD,YAHOO
BND,2025-02-06,68.1759,USD,YAHOO
BND,2025-02-07,67.9692,USD,YAHOO
BND,2025-02-10,67.988,USD,YAHOO
BND,2025-02-11,67.8753,USD,YAHOO
BND,2025-02-12,67.5276,USD,YAHOO
BND,2025-02-13,67.9317,USD,YAHOO
BND,2025-02-14,68.1478,USD,YAHOO
BND,2025-02-18,67.8941,USD,YAHOO
BND,2025-02-19,67.988,USD,YAHOO
BND,2025-02-20,68.0726,USD,YAHOO
BND,2025-02-21,68.3733,USD,YAHOO
BND,2025-02-24,68.4672,USD,YAHOO
BND,2025-02-25,68.8994,USD,YAHOO
BND,2025-02-26,69.0028,USD,YAHOO
BND,2025-02-27,68.9182,USD,YAHOO
BND,2025-02-28,69.2095,USD,YAHOO
BND,2025-03-03,69.3688,USD,YAHOO
BND,2025-03-04,69.1709,USD,YAHOO
BND,2025-03-05,68.9258,USD,YAHOO
BND,2025-03-06,68.8693,USD,YAHOO
BND,2025-03-07,68.7939,USD,YAHOO
BND,2025-03-10,69.1143,USD,YAHOO
BND,2025-03-11,68.8504,USD,YAHOO
BND,2025-03-12,68.7091,USD,YAHOO
BND,2025-03-13,68.9164,USD,YAHOO
BND,2025-03-14,68.7468,USD,YAHOO
BND,2025-03-17,68.841,USD,YAHOO
BND,2025-03-18,68.9164,USD,YAHOO
BND,2025-03-19,69.1237,USD,YAHOO
BND,2025-03-20,,USD,YAHOO
BND,2025-03-21,69.0955,USD,YAHOO
BND,2025-03-24,68.7939,USD,YAHOO
BND,2025-03-25,68.8787,USD,YAHOO
BND,2025-03-26,68.7279,USD,YAHOO
BND,2025-03-27,68.6997,USD,YAHOO
BND,2025-03-28,69.0955,USD,YAHOO
BND,2025-03-31,69.218,USD,YAHOO
BND,2025-04-01,69.4354,USD,YAHOO
BND,2025-04-02,69.3787,USD,YAHOO
BND,2025-04-03,69.738,USD,YAHOO
BND,2025-04-04,69.7947,USD,YAHOO
BND,2025-04-07,68.9532,USD,YAHOO
BND,2025-04-08,68.5562,USD,YAHOO
BND,2025-04-09,68.7169,USD,YAHOO
BND,2025-04-10,68.1685,USD,YAHOO
BND,2025-04-11,68.0928,USD,YAHOO
BND,2025-04-14,68.4805,USD,YAHOO
BND,2025-04-15,68.6507,USD,YAHOO
BND,2025-04-16,68.8398,USD,YAHOO
BND,2025-04-17,68.6885,USD,YAHOO
BND,2025-04-21,68.3103,USD,YAHOO
BND,2025-04-22,68.4332,USD,YAHOO
BND,2025-04-23,68.575,USD,YAHOO
BND,2025-04-24,68.9627,USD,YAHOO
BND,2025-04-25,69.1896,USD,YAHOO
BND,2025-04-28,69.3598,USD,YAHOO
BND,2025-04-29,69.5394,USD,YAHOO
BND,2025-04-30,69.4921,USD,YAHOO
BND,2025-05-01,69.2986,USD,YAHOO
BND,2025-05-02,68.9572,USD,YAHOO
BND,2025-05-05,68.8623,USD,YAHOO
BND,2025-05-06,69.0141,USD,YAHOO
BND,2025-05-07,69.1469,USD,YAHOO
BND,2025-05-08,68.777,USD,YAHOO
BND,2025-05-09,68.8339,USD,YAHOO
BND,2025-05-12,68.5968,USD,YAHOO
BND,2025-05-13,68.5683,USD,YAHOO
BND,2025-05-14,68.3312,USD,YAHOO
BND,2025-05-15,68.7011,USD,YAHOO
BND,2025-05-16,68.7485,USD,YAHOO
BND,2025-05-19,68.7296,USD,YAHOO
BND,2025-05-20,68.6062,USD,YAHOO
BND,2025-05-21,68.1794,USD,YAHOO
BND,2025-05-22,68.3691,USD,YAHOO
BND,2025-05-23,68.4734,USD,YAHOO
BND,2025-05-27,68.796,USD,YAHOO
BND,2025-05-28,68.6442,USD,YAHOO
BND,2025-05-29,68.8908,USD,YAHOO
BND,2025-05-30,69.0236,USD,YAHOO
BND,2025-06-02,68.8713,USD,YAHOO
BND,2025-06-03,68.7952,USD,YAHOO
BND,2025-06-04,69.2234,USD,YAHOO
BND,2025-06-05,69.0902,USD,YAHOO
BND,2025-06-06,68.7191,USD,YAHOO
BND,2025-06-09,68.8237,USD,YAHOO
BND,2025-06-10,68.957,USD,YAHOO
BND,2025-06-11,69.1759,USD,YAHOO
BND,2025-06-12,69.4328,USD,YAHOO
BND,2025-06-13,69.1854,USD,YAHOO
BND,2025-06-16,69.0521,USD,YAHOO
BND,2025-06-17,69.271,USD,YAHOO
BND,2025-06-18,69.3091,USD,YAHOO
BND,2025-06-20,69.3567,USD,YAHOO
BND,2025-06-23,69.528,USD,YAHOO
BND,2025-06-24,69.7373,USD,YAHOO
BND,2025-06-25,69.7564,USD,YAHOO
BND,2025-06-26,69.9562,USD,YAHOO
BND,2025-06-27,69.7944,USD,YAHOO
BND,2025-06-30,70.0704,USD,YAHOO
BND,2025-07-01,70.0179,USD,YAHOO
BND,2025-07-02,69.9415,USD,YAHOO
BND,2025-07-03,69.7697,USD,YAHOO
BND,2025-07-07,69.5406,USD,YAHOO
BND,2025-07-08,69.5024,USD,YAHOO
BND,2025-07-09,69.7792,USD,YAHOO
BND,2025-07-10,69.7888,USD,YAHOO
BND,2025-07-11,69.5024,USD,YAHOO
BND,2025-07-14,69.4928,USD,YAHOO
BND,2025-07-15,69.2828,USD,YAHOO
BND,2025-07-16,69.4164,USD,YAHOO
BND,2025-07-17,69.4355,USD,YAHOO
BND,2025-07-18,69.5501,USD,YAHOO
BND,2025-07-21,69.7506,USD,YAHOO
BND,2025-07-22,69.8652,USD,YAHOO
BND,2025-07-23,69.7219,USD,YAHOO
BND,2025-07-24,69.636,USD,YAHOO
BND,2025-07-25,69.8079,USD,YAHOO
BND,2025-07-28,69.6933,USD,YAHOO
BND,2025-07-29,70.0561,USD,YAHOO
BND,2025-07-30,69.8747,USD,YAHOO
BND,2025-07-31,69.8842,USD,YAHOO
BND,2025-08-01,70.4896,USD,YAHOO
BND,2025-08-04,70.5375,USD,YAHOO
BND,2025-08-05,70.5663,USD,YAHOO
BND,2025-08-06,70.5088,USD,YAHOO
BND,2025-08-07,70.48,USD,YAHOO
BND,2025-08-08,70.3268,USD,YAHOO
BND,2025-08-11,70.3747,USD,YAHOO
BND,2025-08-12,70.3842,USD,YAHOO
BND,2025-08-13,70.6429,USD,YAHOO
BND,2025-08-14,70.4417,USD,YAHOO
BND,2025-08-15,70.3459,USD,YAHOO
BND,2025-08-18,70.2693,USD,YAHOO
BND,2025-08-19,70.4034,USD,YAHOO
BND,2025-08-20,70.4513,USD,YAHOO
BND,2025-08-21,70.2789,USD,YAHOO
BND,2025-08-22,70.6333,USD,YAHOO
BND,2025-08-25,70.5375,USD,YAHOO
BND,2025-08-26,70.6237,USD,YAHOO
BND,2025-08-27,70.6908,USD,YAHOO
BND,2025-08-28,70.777,USD,YAHOO
BND,2025-08-29,70.6908,USD,YAHOO
BND,2025-09-02,70.5399,USD,YAHOO
BND,2025-09-03,70.7705,USD,YAHOO
BND,2025-09-04,71.0396,USD,YAHOO
BND,2025-09-05,71.376,USD,YAHOO
BND,2025-09-08,71.6066,USD,YAHOO
BND,2025-09-09,71.4721,USD,YAHOO
BND,2025-09-10,71.597,USD,YAHOO
BND,2025-09-11,71.7508,USD,YAHOO
BND,2025-09-12,71.6643,USD,YAHOO
BND,2025-09-15,71.7989,USD,YAHOO
BND,2025-09-16,71.8084,USD,YAHOO
BND,2025-09-17,71.6835,USD,YAHOO
BND,2025-09-18,71.5009,USD,YAHOO
BND,2025-09-19,71.5297,USD,YAHOO
BND,2025-09-22,71.3952,USD,YAHOO
BND,2025-09-23,71.5394,USD,YAHOO
BND,2025-09-24,71.3952,USD,YAHOO
BND,2025-09-25,71.3183,USD,YAHOO
BND,2025-09-26,71.3183,USD,YAHOO
BND,2025-09-29,71.5009,USD,YAHOO
BND,2025-09-30,71.4721,USD,YAHOO
BND,2025-10-01,71.6524,USD,YAHOO
BND,2025-10-02,71.7295,USD,YAHOO
BND,2025-10-03,71.6427,USD,YAHOO
BND,2025-10-06,71.4788,USD,YAHOO
BND,2025-10-07,71.6138,USD,YAHOO
BND,2025-10-08,71.6138,USD,YAHOO
BND,2025-10-09,71.5656,USD,YAHOO
BND,2025-10-10,71.8452,USD,YAHOO
BND,2025-10-13,71.9609,USD,YAHOO
BND,2025-10-14,72.0669,USD,YAHOO
BND,2025-10-15,72.0187,USD,YAHOO
BND,2025-10-16,72.2887,USD,YAHOO
BND,2025-10-17,72.1923,USD,YAHOO
BND,2025-10-20,72.2887,USD,YAHOO
BND,2025-10-21,72.3755,USD,YAHOO
BND,2025-10-22,72.3755,USD,YAHOO
BND,2025-10-23,72.2308,USD,YAHOO
BND,2025-10-24,72.3272,USD,YAHOO
BND,2025-10-27,72.3658,USD,YAHOO
BND,2025-10-28,72.4044,USD,YAHOO
BND,2025-10-29,72.0477,USD,YAHOO
BND,2025-10-30,71.9223,USD,YAHOO
BND,2025-10-31,71.9031,USD,YAHOO
BND,2025-11-03,71.8198,USD,YAHOO
BND,2025-11-04,71.8586,USD,YAHOO
BND,2025-11-05,71.6554,USD,YAHOO
BND,2025-11-06,71.9359,USD,YAHOO
BND,2025-11-07,71.8972,USD,YAHOO
BND,2025-11-10,71.8779,USD,YAHOO
BND,2025-11-11,72.081,USD,YAHOO
BND,2025-11-12,72.052,USD,YAHOO
BND,2025-11-13,71.8392,USD,YAHOO
BND,2025-11-14,71.7328,USD,YAHOO
BND,2025-11-17,71.7715,USD,YAHOO
BND,2025-11-18,71.8295,USD,YAHOO
BND,2025-11-19,71.8005,USD,YAHOO
BND,2025-11-20,71.9069,USD,YAHOO
BND,2025-11-21,72.081,USD,YAHOO
BND,2025-11-24,72.2068,USD,YAHOO
BND,2025-11-25,72.3712,USD,YAHOO
BND,2025-11-26,72.4486,USD,YAHOO
BND,2025-11-28,72.3325,USD,YAHOO
BND,2025-12-01,72.0501,USD,YAHOO
BND,2025-12-02,72.1181,USD,YAHOO
BND,2025-12-03,72.2248,USD,YAHOO
BND,2025-12-04,72.089,USD,YAHOO
BND,2025-12-05,72.0016,USD,YAHOO
BND,2025-12-08,71.8949,USD,YAHOO
BND,2025-12-09,71.8464,USD,YAHOO
BND,2025-12-10,72.0598,USD,YAHOO
BND,2025-12-11,72.0598,USD,YAHOO
BND,2025-12-12,71.8367,USD,YAHOO
BND,2025-12-15,71.924,USD,YAHOO
BND,2025-12-16,72.0598,USD,YAHOO
BND,2025-12-17,72.0404,USD,YAHOO
BND,2025-12-18,72.1933,USD,YAHOO
BND,2025-12-19,72.0862,USD,YAHOO
BND,2025-12-22,72.0667,USD,YAHOO
BND,2025-12-23,72.057,USD,YAHOO
BND,2025-12-24,72.2322,USD,YAHOO
BND,2025-12-26,72.2322,USD,YAHOO
BND,2025-12-29,72.3393,USD,YAHOO
BND,2025-12-30,72.3101,USD,YAHOO
BND,2025-12-31,72.1154,USD,YAHOO
BND,2026-01-02,72.0862,USD,YAHOO
BND,2026-01-05,72.2225,USD,YAHOO
BND,2026-01-06,72.2225,USD,YAHOO
BND,2026-01-07,72.3004,USD,YAHOO
BND,2026-01-08,72.1738,USD,YAHOO
BND,2026-01-09,72.3296,USD,YAHOO
BND,2026-01-12,72.2615,USD,YAHOO
BND,2026-01-13,72.3198,USD,YAHOO
BND,2026-01-14,72.4659,USD,YAHOO
BND,2026-01-15,72.3588,USD,YAHOO
BND,2026-01-16,72.242,USD,YAHOO
BND,2026-01-20,71.9791,USD,YAHOO
BND,2026-01-21,72.1836,USD,YAHOO
BND,2026-01-22,72.2128,USD,YAHOO
BND,2026-01-23,72.2906,USD,YAHOO
BND,2026-01-26,72.3783,USD,YAHOO
BND,2026-01-27,72.3198,USD,YAHOO
BND,2026-01-28,72.2906,USD,YAHOO
BND,2026-01-29,72.3004,USD,YAHOO
BND,2026-01-30,72.2712,USD,YAHOO
BND,2026-02-02,72.1979,USD,YAHOO
BND,2026-02-03,72.2175,USD,YAHOO
BND,2026-02-04,72.1881,USD,YAHOO
BND,2026-02-05,72.5007,USD,YAHOO
BND,2026-02-06,72.5105,USD,YAHOO
BND,2026-02-09,72.53,USD,YAHOO
BND,2026-02-10,72.7449,USD,YAHOO
BND,2026-02-11,72.5984,USD,YAHOO
BND,2026-02-12,72.9305,USD,YAHOO
BND,2026-02-13,73.1454,USD,YAHOO
BND,2026-02-17,73.1357,USD,YAHOO
BND,2026-02-18,73.0575,USD,YAHOO
BND,2026-02-19,73.0868,USD,YAHOO
BND,2026-02-20,73.0771,USD,YAHOO
BND,2026-02-23,73.2334,USD,YAHOO
BND,2026-02-24,73.1943,USD,YAHOO
BND,2026-02-25,73.1748,USD,YAHOO
BND,2026-02-26,73.2822,USD,YAHOO
BND,2026-02-27,73.4287,USD,YAHOO
BND,2026-03-02,73.1328,USD,YAHOO
BND,2026-03-03,73.0544,USD,YAHOO
BND,2026-03-04,73.0054,USD,YAHOO
BND,2026-03-05,72.8389,USD,YAHOO
BND,2026-03-06,72.7409,USD,YAHOO
BND,2026-03-09,72.9467,USD,YAHOO
BND,2026-03-10,72.7213,USD,YAHOO
BND,2026-03-11,72.398,USD,YAHOO
BND,2026-03-12,72.1334,USD,YAHOO
BND,2026-03-13,72.0648,USD,YAHOO
BND,2026-03-16,72.3392,USD,YAHOO
BND,2026-03-17,72.4862,USD,YAHOO
BND,2026-03-18,72.1922,USD,YAHOO
BND,2026-03-19,72.2706,USD,YAHOO
BND,2026-03-20,71.6925,USD,YAHOO
BND,2026-03-23,71.9668,USD,YAHOO
BND,2026-03-24,71.7807,USD,YAHOO
BND,2026-03-25,72.055,USD,YAHOO
BND,2026-03-26,71.6337,USD,YAHOO
BND,2026-03-27,71.6337,USD,YAHOO
BND,2026-03-30,71.9963,USD,YAHOO
BND,2026-03-31,72.153,USD,YAHOO
BND,2026-04-01,72.1825,USD,YAHOO
BND,2026-04-02,72.3398,USD,YAHOO
BND,2026-04-06,72.2317,USD,YAHOO
BND,2026-04-07,72.3398,USD,YAHOO
BND,2026-04-08,72.4775,USD,YAHOO
BND,2026-04-09,72.507,USD,YAHOO
BND,2026-04-10,72.3988,USD,YAHOO
BND,2026-04-13,72.5561,USD,YAHOO
BND,2026-04-14,72.7331,USD,YAHOO
BND,2026-04-15,72.6348,USD,YAHOO
BND,2026-04-16,72.5266,USD,YAHOO
BND,2026-04-17,72.8117,USD,YAHOO
BND,2026-04-20,72.7626,USD,YAHOO
BND,2026-04-21,72.5364,USD,YAHOO
BND,2026-04-22,72.6151,USD,YAHOO
BND,2026-04-23,72.4873,USD,YAHOO
BND,2026-04-24,72.6151,USD,YAHOO
BND,2026-04-27,72.4971,USD,YAHOO
BND,2026-04-28,72.4775,USD,YAHOO
BND,2026-04-29,72.153,USD,YAHOO
BND,2026-04-30,72.2612,USD,YAHOO
BND,2026-05-01,72.3618,USD,YAHOO
BND,2026-05-04,72.1152,USD,YAHOO
BND,2026-05-05,72.2434,USD,YAHOO
BND,2026-05-06,72.5492,USD,YAHOO
BND,2026-05-07,72.3618,USD,YAHOO
BND,2026-05-08,72.5492,USD,YAHOO
BND,2026-05-11,72.3716,USD,YAHOO
BND,2026-05-12,72.1546,USD,YAHOO
BND,2026-05-13,72.1842,USD,YAHOO
BND,2026-05-14,72.1645,USD,YAHOO
BND,2026-05-15,71.7502,USD,YAHOO
BND,2026-05-18,71.7009,USD,YAHOO
BND,2026-05-19,71.4642,USD,YAHOO
BND,2026-05-20,71.8587,USD,YAHOO
BND,2026-05-21,71.9376,USD,YAHOO
BND,2026-05-22,72.0067,USD,YAHOO
BND,2026-05-26,72.2138,USD,YAHOO
BND,2026-05-27,72.2829,USD,YAHOO
BND,2026-05-28,72.421,USD,YAHOO
BND,2026-05-29,72.4604,USD,YAHOO
BND,2026-06-01,72.4278,USD,YAHOO
BND,2026-06-02,72.4475,USD,YAHOO
BND,2026-06-03,72.309,USD,YAHOO
BND,2026-06-04,72.408,USD,YAHOO
BND,2026-06-05,72.0814,USD,YAHOO
BND,2026-06-08,72.0616,USD,YAHOO
BND,2026-06-09,72.2199,USD,YAHOO
BND,2026-06-10,72.1605,USD,YAHOO
BND,2026-06-11,72.5762,USD,YAHOO
BND,2026-06-12,72.4871,USD,YAHOO
BND,2026-06-15,72.5465,USD,YAHOO
BND,2026-06-16,72.6554,USD,YAHOO
BND,2026-06-17,72.3882,USD,YAHOO
BND,2026-06-18,72.5861,USD,YAHOO
BND,2026-06-22,72.3882,USD,YAHOO
BND,2026-06-23,72.4673,USD,YAHOO
BND,2026-06-24,72.7939,USD,YAHOO
BND,2026-06-25,72.8434,USD,YAHOO
BND,2026-06-26,72.9127,USD,YAHOO
BND,2026-06-29,72.9523,USD,YAHOO
BND,2026-06-30,72.6554,USD,YAHOO
BND,2026-07-01,72.5501,USD,YAHOO
BND,2026-07-02,72.5998,USD,YAHOO
BND,2026-07-06,72.6296,USD,YAHOO
BND,2026-07-07,72.3416,USD,YAHOO
BND,2026-07-08,72.1926,USD,YAHOO
BND,2026-07-09,72.3217,USD,YAHOO
BND,2026-07-10,72.2621,USD,YAHOO
BND,2026-07-13,71.994,USD,YAHOO
BND,2026-07-14,72.1926,USD,YAHOO
BND,2026-07-15,72.3118,USD,YAHOO
BND,2026-07-16,72.3019,USD,YAHOO
BND,2026-07-17,72.3515,USD,YAHOO
BND,2026-07-20,72.1728,USD,YAHOO
BND,2026-07-21,72.0139,USD,YAHOO
BND,2026-07-22,71.8947,USD,YAHOO
BND,2026-07-23,71.7458,USD,YAHOO
BND,2026-07-24,71.8054,USD,YAHOO
BND,2026-07-27,71.9543,USD,YAHOO
BND,2026-07-28,72.1331,USD,YAHOO
BND,2026-07-29,71.8749,USD,YAHOO
BND,2026-07-30,71.9146,USD,YAHOO
BND,2026-07-31,71.7259,USD,YAHOO
BND,2026-08-03,71.8973,USD,YAHOO
BND,2026-08-04,72.1863,USD,YAHOO
BND,2026-08-05,72.2062,USD,YAHOO
BND,2026-08-06,71.997,USD,YAHOO
BND,2026-08-07,72.1464,USD,YAHOO
BND,2026-08-10,71.8973,USD,YAHOO
BND,2026-08-11,71.9571,USD,YAHOO
BND,2026-08-12,72.0269,USD,YAHOO
BND,2026-08-13,72.2262,USD,YAHOO
BND,2026-08-14,72.0568,USD,YAHOO
BND,2026-08-17,71.9073,USD,YAHOO
BND,2026-08-18,71.9671,USD,YAHOO
BND,2026-08-19,72.3059,USD,YAHOO
BND,2026-08-20,72.0866,USD,YAHOO
BND,2026-08-21,71.977,USD,YAHOO
BND,2026-08-24,72.1165,USD,YAHOO
BND,2026-08-25,72.4155,USD,YAHOO
BND,2026-08-26,72.3258,USD,YAHOO
BND,2026-08-27,72.2859,USD,YAHOO
BND,2026-08-28,72.0568,USD,YAHOO
BND,2026-08-31,71.987,USD,YAHOO
BND,2026-09-01,71.79,USD,YAHOO
BND,2026-09-02,71.83,USD,YAHOO
BND,2026-09-03,71.93,USD,YAHOO
BND,2026-09-04,71.95,USD,YAHOO
BND,2026-09-08,71.89,USD,YAHOO
BND,2026-09-09,71.73,USD,YAHOO
BND,2026-09-10,71.27,USD,YAHOO
BND,2026-09-11,71.22,USD,YAHOO
GLD,2023-09-14,177.17,USD,YAHOO
GLD,2023-09-15,178.34,USD,YAHOO
GLD,2023-09-18,179.39,USD,YAHOO
GLD,2023-09-19,179.22,USD,YAHOO
GLD,2023-09-20,179.35,USD,YAHOO
GLD,2023-09-21,178.05,USD,YAHOO
GLD,2023-09-22,178.62,USD,YAHOO
GLD,2023-09-25,177.7,USD,YAHOO
GLD,2023-09-26,176.28,USD,YAHOO
GLD,2023-09-27,174.1,USD,YAHOO
GLD,2023-09-28,173.23,USD,YAHOO
GLD,2023-09-29,171.45,USD,YAHOO
GLD,2023-10-02,169.65,USD,YAHOO
GLD,2023-10-03,169.16,USD,YAHOO
GLD,2023-10-04,169.14,USD,YAHOO
GLD,2023-10-05,168.83,USD,YAHOO
GLD,2023-10-06,169.7,USD,YAHOO
GLD,2023-10-09,172.82,USD,YAHOO
GLD,2023-10-10,172.53,USD,YAHOO
GLD,2023-10-11,173.79,USD,YAHOO
GLD,2023-10-12,173.26,USD,YAHOO
GLD,2023-10-13,178.83,USD,YAHOO
GLD,2023-10-16,177.96,USD,YAHOO
GLD,2023-10-17,178.29,USD,YAHOO
GLD,2023-10-18,180.87,USD,YAHOO
GLD,2023-10-19,183.09,USD,YAHOO
GLD,2023-10-20,183.59,USD,YAHOO
GLD,2023-10-23,182.97,USD,YAHOO
GLD,2023-10-24,182.95,USD,YAHOO
GLD,2023-10-25,183.72,USD,YAHOO
GLD,2023-10-26,184.01,USD,YAHOO
GLD,2023-10-27,186.15,USD,YAHOO
GLD,2023-10-30,185.1,USD,YAHOO
GLD,2023-10-31,184.09,USD,YAHOO
GLD,2023-11-01,183.51,USD,YAHOO
GLD,2023-11-02,184.12,USD,YAHOO
GLD,2023-11-03,184.79,USD,YAHOO
GLD,2023-11-06,183.35,USD,YAHOO
GLD,2023-11-07,182.59,USD,YAHOO
GLD,2023-11-08,180.77,USD,YAHOO
GLD,2023-11-09,181.49,USD,YAHOO
GLD,2023-11-10,179.51,USD,YAHOO
GLD,2023-11-13,180.51,USD,YAHOO
GLD,2023-11-14,182.12,USD,YAHOO
GLD,2023-11-15,181.64,USD,YAHOO
GLD,2023-11-16,183.69,USD,YAHOO
GLD,2023-11-17,183.67,USD,YAHOO
GLD,2023-11-20,183.37,USD,YAHOO
GLD,2023-11-21,185.35,USD,YAHOO
GLD,2023-11-22,184.56,USD,YAHOO
GLD,2023-11-24,185.52,USD,YAHOO
GLD,2023-11-27,186.77,USD,YAHOO
GLD,2023-11-28,189.26,USD,YAHOO
GLD,2023-11-29,189.54,USD,YAHOO
GLD,2023-11-30,188.75,USD,YAHOO
GLD,2023-12-01,192.01,USD,YAHOO
GLD,2023-12-04,187.86,USD,YAHOO
GLD,2023-12-05,187.15,USD,YAHOO
GLD,2023-12-06,187.84,USD,YAHOO
GLD,2023-12-07,188.15,USD,YAHOO
GLD,2023-12-08,185.64,USD,YAHOO
GLD,2023-12-11,183.59,USD,YAHOO
GLD,2023-12-12,183.49,USD,YAHOO
GLD,2023-12-13,187.63,USD,YAHOO
GLD,2023-12-14,188.73,USD,YAHOO
GLD,2023-12-15,187.0,USD,YAHOO
GLD,2023-12-18,187.85,USD,YAHOO
GLD,2023-12-19,189.13,USD,YAHOO
GLD,2023-12-20,188.1,USD,YAHOO
GLD,2023-12-21,189.43,USD,YAHOO
GLD,2023-12-22,190.27,USD,YAHOO
GLD,2023-12-26,191.72,USD,YAHOO
GLD,2023-12-27,192.59,USD,YAHOO
GLD,2023-12-28,191.47,USD,YAHOO
GLD,2023-12-29,191.17,USD,YAHOO
GLD,2024-01-02,190.72,USD,YAHOO
GLD,2024-01-03,189.13,USD,YAHOO
GLD,2024-01-04,189.32,USD,YAHOO
GLD,2024-01-05,189.35,USD,YAHOO
GLD,2024-01-08,187.87,USD,YAHOO
GLD,2024-01-09,187.93,USD,YAHOO
GLD,2024-01-10,187.5,USD,YAHOO
GLD,2024-01-11,187.87,USD,YAHOO
GLD,2024-01-12,189.71,USD,YAHOO
GLD,2024-01-16,187.91,USD,YAHOO
GLD,2024-01-17,185.84,USD,YAHOO
GLD,2024-01-18,187.37,USD,YAHOO
GLD,2024-01-19,187.93,USD,YAHOO
GLD,2024-01-22,187.22,USD,YAHOO
GLD,2024-01-23,187.95,USD,YAHOO
GLD,2024-01-24,186.4,USD,YAHOO
GLD,2024-01-25,187.14,USD,YAHOO
GLD,2024-01-26,187.01,USD,YAHOO
GLD,2024-01-29,188.33,USD,YAHOO
GLD,2024-01-30,188.59,USD,YAHOO
GLD,2024-01-31,188.45,USD,YAHOO
GLD,2024-02-01,190.41,USD,YAHOO
GLD,2024-02-02,188.61,USD,YAHOO
GLD,2024-02-05,187.57,USD,YAHOO
GLD,2024-02-06,188.55,USD,YAHOO
GLD,2024-02-07,188.5,USD,YAHOO
GLD,2024-02-08,188.33,USD,YAHOO
GLD,2024-02-09,187.6,USD,YAHOO
GLD,2024-02-12,187.11,USD,YAHOO
GLD,2024-02-13,184.53,USD,YAHOO
GLD,2024-02-14,184.42,USD,YAHOO
GLD,2024-02-15,185.66,USD,YAHOO
GLD,2024-02-16,186.34,USD,YAHOO
GLD,2024-02-20,187.47,USD,YAHOO
GLD,2024-02-21,187.48,USD,YAHOO
GLD,2024-02-22,187.56,USD,YAHOO
GLD,2024-02-23,188.62,USD,YAHOO
GLD,2024-02-26,188.2,USD,YAHOO
GLD,2024-02-27,188.0,USD,YAHOO
GLD,2024-02-28,188.34,USD,YAHOO
GLD,2024-02-29,189.31,USD,YAHOO
GLD,2024-03-01,192.89,USD,YAHOO
GLD,2024-03-04,196.01,USD,YAHOO
GLD,2024-03-05,197.19,USD,YAHOO
GLD,2024-03-06,198.81,USD,YAHOO
GLD,2024-03-07,199.94,USD,YAHOO
GLD,2024-03-08,201.63,USD,YAHOO
GLD,2024-03-11,202.0,USD,YAHOO
GLD,2024-03-12,199.79,USD,YAHOO
GLD,2024-03-13,201.19,USD,YAHOO
GLD,2024-03-14,200.35,USD,YAHOO
GLD,2024-03-15,199.71,USD,YAHOO
GLD,2024-03-18,200.03,USD,YAHOO
GLD,2024-03-19,199.8,USD,YAHOO
GLD,2024-03-20,202.18,USD,YAHOO
GLD,2024-03-21,201.97,USD,YAHOO
GLD,2024-03-22,200.35,USD,YAHOO
GLD,2024-03-25,200.99,USD,YAHOO
GLD,2024-03-26,201.64,USD,YAHOO
GLD,2024-03-27,203.1,USD,YAHOO
GLD,2024-03-28,205.72,USD,YAHOO
GLD,2024-04-01,207.82,USD,YAHOO
GLD,2024-04-02,210.89,USD,YAHOO
GLD,2024-04-03,212.74,USD,YAHOO
GLD,2024-04-04,211.52,USD,YAHOO
GLD,2024-04-05,215.14,USD,YAHOO
GLD,2024-04-08,216.48,USD,YAHOO
GLD,2024-04-09,217.67,USD,YAHOO
GLD,2024-04-10,215.61,USD,YAHOO
GLD,2024-04-11,219.8,USD,YAHOO
GLD,2024-04-12,216.89,USD,YAHOO
GLD,2024-04-15,220.95,USD,YAHOO
GLD,2024-04-16,221.22,USD,YAHOO
GLD,2024-04-17,219.59,USD,YAHOO
GLD,2024-04-18,220.34,USD,YAHOO
GLD,2024-04-19,221.03,USD,YAHOO
GLD,2024-04-22,215.57,USD,YAHOO
GLD,2024-04-23,215.04,USD,YAHOO
GLD,2024-04-24,214.64,USD,YAHOO
GLD,2024-04-25,215.92,USD,YAHOO
GLD,2024-04-26,216.62,USD,YAHOO
GLD,2024-04-29,216.18,USD,YAHOO
GLD,2024-04-30,211.87,USD,YAHOO
GLD,2024-05-01,213.79,USD,YAHOO
GLD,2024-05-02,213.13,USD,YAHOO
GLD,2024-05-03,212.96,USD,YAHOO
GLD,2024-05-06,215.2,USD,YAHOO
GLD,2024-05-07,214.21,USD,YAHOO
GLD,2024-05-08,213.58,USD,YAHOO
GLD,2024-05-09,216.95,USD,YAHOO
GLD,2024-05-10,218.71,USD,YAHOO
GLD,2024-05-13,216.26,USD,YAHOO
GLD,2024-05-14,218.09,USD,YAHOO
GLD,2024-05-15,220.89,USD,YAHOO
GLD,2024-05-16,220.03,USD,YAHOO
GLD,2024-05-17,223.66,USD,YAHOO
GLD,2024-05-20,224.56,USD,YAHOO
GLD,2024-05-21,224.23,USD,YAHOO
GLD,2024-05-22,220.11,USD,YAHOO
GLD,2024-05-23,215.72,USD,YAHOO
GLD,2024-05-24,215.92,USD,YAHOO
GLD,2024-05-28,218.19,USD,YAHOO
GLD,2024-05-29,216.16,USD,YAHOO
GLD,2024-05-30,216.57,USD,YAHOO
GLD,2024-05-31,215.3,USD,YAHOO
GLD,2024-06-03,217.22,USD,YAHOO
GLD,2024-06-04,215.27,USD,YAHOO
GLD,2024-06-05,217.82,USD,YAHOO
GLD,2024-06-06,219.43,USD,YAHOO
GLD,2024-06-07,211.6,USD,YAHOO
GLD,2024-06-10,213.54,USD,YAHOO
GLD,2024-06-11,214.15,USD,YAHOO
GLD,2024-06-12,214.72,USD,YAHOO
GLD,2024-06-13,212.97,USD,YAHOO
GLD,2024-06-14,215.73,USD,YAHOO
GLD,2024-06-17,214.61,USD,YAHOO
GLD,2024-06-18,215.47,USD,YAHOO
GLD,2024-06-20,218.16,USD,YAHOO
GLD,2024-06-21,214.78,USD,YAHOO
GLD,2024-06-24,215.63,USD,YAHOO
GLD,2024-06-25,214.56,USD,YAHOO
GLD,2024-06-26,212.58,USD,YAHOO
GLD,2024-06-27,214.99,USD,YAHOO
GLD,2024-06-28,215.01,USD,YAHOO
GLD,2024-07-01,215.57,USD,YAHOO
GLD,2024-07-02,215.56,USD,YAHOO
GLD,2024-07-03,217.99,USD,YAHOO
GLD,2024-07-05,220.93,USD,YAHOO
GLD,2024-07-08,218.19,USD,YAHOO
GLD,2024-07-09,218.56,USD,YAHOO
GLD,2024-07-10,219.36,USD,YAHOO
GLD,2024-07-11,223.25,USD,YAHOO
GLD,2024-07-12,223.11,USD,YAHOO
GLD,2024-07-15,223.83,USD,YAHOO
GLD,2024-07-16,228.29,USD,YAHOO
GLD,2024-07-17,227.23,USD,YAHOO
GLD,2024-07-18,225.78,USD,YAHOO
GLD,2024-07-19,221.73,USD,YAHOO
GLD,2024-07-22,221.8,USD,YAHOO
GLD,2024-07-23,222.58,USD,YAHOO
GLD,2024-07-24,221.8,USD,YAHOO
GLD,2024-07-25,218.33,USD,YAHOO
GLD,2024-07-26,220.63,USD,YAHOO
GLD,2024-07-29,220.32,USD,YAHOO
GLD,2024-07-30,222.52,USD,YAHOO
GLD,2024-07-31,226.55,USD,YAHOO
GLD,2024-08-01,225.77,USD,YAHOO
GLD,2024-08-02,225.34,USD,YAHOO
GLD,2024-08-05,222.48,USD,YAHOO
GLD,2024-08-06,220.7,USD,YAHOO
GLD,2024-08-07,220.55,USD,YAHOO
GLD,2024-08-08,224.01,USD,YAHOO
GLD,2024-08-09,224.56,USD,YAHOO
GLD,2024-08-12,228.41,USD,YAHOO
GLD,2024-08-13,228.06,USD,YAHOO
GLD,2024-08-14,226.2,USD,YAHOO
GLD,2024-08-15,226.91,USD,YAHOO
GLD,2024-08-16,231.99,USD,YAHOO
GLD,2024-08-19,231.61,USD,YAHOO
GLD,2024-08-20,232.46,USD,YAHOO
GLD,2024-08-21,232.15,USD,YAHOO
GLD,2024-08-22,229.37,USD,YAHOO
GLD,2024-08-23,232.02,USD,YAHOO
GLD,2024-08-26,232.76,USD,YAHOO
GLD,2024-08-27,233.39,USD,YAHOO
GLD,2024-08-28,231.75,USD,YAHOO
GLD,2024-08-29,232.95,USD,YAHOO
GLD,2024-08-30,231.29,USD,YAHOO
GLD,2024-09-03,230.29,USD,YAHOO
GLD,2024-09-04,230.43,USD,YAHOO
GLD,2024-09-05,232.35,USD,YAHOO
GLD,2024-09-06,230.63,USD,YAHOO
GLD,2024-09-09,231.6,USD,YAHOO
GLD,2024-09-10,232.62,USD,YAHOO
GLD,2024-09-11,232.25,USD,YAHOO
GLD,2024-09-12,236.33,USD,YAHOO
GLD,2024-09-13,238.68,USD,YAHOO
GLD,2024-09-16,238.66,USD,YAHOO
GLD,2024-09-17,237.34,USD,YAHOO
GLD,2024-09-18,235.51,USD,YAHOO
GLD,2024-09-19,239.17,USD,YAHOO
GLD,2024-09-20,242.21,USD,YAHOO
GLD,2024-09-23,242.68,USD,YAHOO
GLD,2024-09-24,246.07,USD,YAHOO
GLD,2024-09-25,245.73,USD,YAHOO
GLD,2024-09-26,246.98,USD,YAHOO
GLD,2024-09-27,245.02,USD,YAHOO
GLD,2024-09-30,243.06,USD,YAHOO
GLD,2024-10-01,245.61,USD,YAHOO
GLD,2024-10-02,245.66,USD,YAHOO
GLD,2024-10-03,245.49,USD,YAHOO
GLD,2024-10-04,245.0,USD,YAHOO
GLD,2024-10-07,244.17,USD,YAHOO
GLD,2024-10-08,242.37,USD,YAHOO
GLD,2024-10-09,241.05,USD,YAHOO
GLD,2024-10-10,242.82,USD,YAHOO
GLD,2024-10-11,245.47,USD,YAHOO
GLD,2024-10-14,245.07,USD,YAHOO
GLD,2024-10-15,245.92,USD,YAHOO
GLD,2024-10-16,247.15,USD,YAHOO
GLD,2024-10-17,248.63,USD,YAHOO
GLD,2024-10-18,251.27,USD,YAHOO
GLD,2024-10-21,251.22,USD,YAHOO
GLD,2024-10-22,253.93,USD,YAHOO
GLD,2024-10-23,250.87,USD,YAHOO
GLD,2024-10-24,252.8,USD,YAHOO
GLD,2024-10-25,253.32,USD,YAHOO
GLD,2024-10-28,253.33,USD,YAHOO
GLD,2024-10-29,256.09,USD,YAHOO
GLD,2024-10-30,257.5,USD,YAHOO
GLD,2024-10-31,253.51,USD,YAHOO
GLD,2024-11-01,252.47,USD,YAHOO
GLD,2024-11-04,252.83,USD,YAHOO
GLD,2024-11-05,253.4,USD,YAHOO
GLD,2024-11-06,245.7,USD,YAHOO
GLD,2024-11-07,249.65,USD,YAHOO
GLD,2024-11-08,247.96,USD,YAHOO
GLD,2024-11-11,242.14,USD,YAHOO
GLD,2024-11-12,240.05,USD,YAHOO
GLD,2024-11-13,237.63,USD,YAHOO
GLD,2024-11-14,237.01,USD,YAHOO
GLD,2024-11-15,236.59,USD,YAHOO
GLD,2024-11-18,241.09,USD,YAHOO
GLD,2024-11-19,243.25,USD,YAHOO
GLD,2024-11-20,244.62,USD,YAHOO
GLD,2024-11-21,246.66,USD,YAHOO
GLD,2024-11-22,249.84,USD,YAHOO
GLD,2024-11-25,242.48,USD,YAHOO
GLD,2024-11-26,242.95,USD,YAHOO
GLD,2024-11-27,243.49,USD,YAHOO
GLD,2024-11-29,245.59,USD,YAHOO
GLD,2024-12-02,243.44,USD,YAHOO
GLD,2024-12-03,243.93,USD,YAHOO
GLD,2024-12-04,244.67,USD,YAHOO
GLD,2024-12-05,242.86,USD,YAHOO
GLD,2024-12-06,242.95,USD,YAHOO
GLD,2024-12-09,245.36,USD,YAHOO
GLD,2024-12-10,248.59,USD,YAHOO
GLD,2024-12-11,250.96,USD,YAHOO
GLD,2024-12-12,247.28,USD,YAHOO
GLD,2024-12-13,244.29,USD,YAHOO
GLD,2024-12-16,244.88,USD,YAHOO
GLD,2024-12-17,243.94,USD,YAHOO
GLD,2024-12-18,239.26,USD,YAHOO
GLD,2024-12-19,239.6,USD,YAHOO
GLD,2024-12-20,242.1,USD,YAHOO
GLD,2024-12-23,240.96,USD,YAHOO
GLD,2024-12-24,241.44,USD,YAHOO
GLD,2024-12-26,243.07,USD,YAHOO
GLD,2024-12-27,241.4,USD,YAHOO
GLD,2024-12-30,240.63,USD,YAHOO
GLD,2024-12-31,242.13,USD,YAHOO
GLD,2025-01-02,245.42,USD,YAHOO
GLD,2025-01-03,243.49,USD,YAHOO
GLD,2025-01-06,243.19,USD,YAHOO
GLD,2025-01-07,244.56,USD,YAHOO
GLD,2025-01-08,245.86,USD,YAHOO
GLD,2025-01-10,248.21,USD,YAHOO
GLD,2025-01-13,245.74,USD,YAHOO
GLD,2025-01-14,247.03,USD,YAHOO
GLD,2025-01-15,248.88,USD,YAHOO
GLD,2025-01-16,250.6,USD,YAHOO
GLD,2025-01-17,249.27,USD,YAHOO
GLD,2025-01-21,253.13,USD,YAHOO
GLD,2025-01-22,254.43,USD,YAHOO
GLD,2025-01-23,254.07,USD,YAHOO
GLD,2025-01-24,255.65,USD,YAHOO
GLD,2025-01-27,252.99,USD,YAHOO
GLD,2025-01-28,255.18,USD,YAHOO
GLD,2025-01-29,254.2,USD,YAHOO
GLD,2025-01-30,258.05,USD,YAHOO
GLD,2025-01-31,258.56,USD,YAHOO
GLD,2025-02-03,259.94,USD,YAHOO
GLD,2025-02-04,262.5,USD,YAHOO
GLD,2025-02-05,264.13,USD,YAHOO
GLD,2025-02-06,263.43,USD,YAHOO
GLD,2025-02-07,263.9,USD,YAHOO
GLD,2025-02-10,268.37,USD,YAHOO
GLD,2025-02-11,267.39,USD,YAHOO
GLD,2025-02-12,267.67,USD,YAHOO
GLD,2025-02-13,270.31,USD,YAHOO
GLD,2025-02-14,266.29,USD,YAHOO
GLD,2025-02-18,270.7,USD,YAHOO
GLD,2025-02-19,270.85,USD,YAHOO
GLD,2025-02-20,270.99,USD,YAHOO
GLD,2025-02-21,270.74,USD,YAHOO
GLD,2025-02-24,272.21,USD,YAHOO
GLD,2025-02-25,268.62,USD,YAHOO
GLD,2025-02-26,269.03,USD,YAHOO
GLD,2025-02-27,264.93,USD,YAHOO
GLD,2025-02-28,263.27,USD,YAHOO
GLD,2025-03-03,266.74,USD,YAHOO
GLD,2025-03-04,269.06,USD,YAHOO
GLD,2025-03-05,269.62,USD,YAHOO
GLD,2025-03-06,268.25,USD,YAHOO
GLD,2025-03-07,268.39,USD,YAHOO
GLD,2025-03-10,266.04,USD,YAHOO
GLD,2025-03-11,269.16,USD,YAHOO
GLD,2025-03-12,270.33,USD,YAHOO
GLD,2025-03-13,275.13,USD,YAHOO
GLD,2025-03-14,275.24,USD,YAHOO
GLD,2025-03-17,276.73,USD,YAHOO
GLD,2025-03-18,279.96,USD,YAHOO
GLD,2025-03-19,281.11,USD,YAHOO
GLD,2025-03-20,280.75,USD,YAHOO
GLD,2025-03-21,278.49,USD,YAHOO
GLD,2025-03-24,277.25,USD,YAHOO
GLD,2025-03-25,278.47,USD,YAHOO
GLD,2025-03-26,278.24,USD,YAHOO
GLD,2025-03-27,281.97,USD,YAHOO
GLD,2025-03-28,284.06,USD,YAHOO
GLD,2025-03-31,288.14,USD,YAHOO
GLD,2025-04-01,287.57,USD,YAHOO
GLD,2025-04-02,288.16,USD,YAHOO
GLD,2025-04-03,286.42,USD,YAHOO
GLD,2025-04-04,279.72,USD,YAHOO
GLD,2025-04-07,273.71,USD,YAHOO
GLD,2025-04-08,275.2,USD,YAHOO
GLD,2025-04-09,285.38,USD,YAHOO
GLD,2025-04-10,292.35,USD,YAHOO
GLD,2025-04-11,297.93,USD,YAHOO
GLD,2025-04-14,296.23,USD,YAHOO
GLD,2025-04-15,297.78,USD,YAHOO
GLD,2025-04-16,307.47,USD,YAHOO
GLD,2025-04-17,306.12,USD,YAHOO
GLD,2025-04-21,315.59,USD,YAHOO
GLD,2025-04-22,311.11,USD,YAHOO
GLD,2025-04-23,303.65,USD,YAHOO
GLD,2025-04-24,308.07,USD,YAHOO
GLD,2025-04-25,304.73,USD,YAHOO
GLD,2025-04-28,309.07,USD,YAHOO
GLD,2025-04-29,306.06,USD,YAHOO
GLD,2025-04-30,303.77,USD,YAHOO
GLD,2025-05-01,297.46,USD,YAHOO
GLD,2025-05-02,297.98,USD,YAHOO
GLD,2025-05-05,306.88,USD,YAHOO
GLD,2025-05-06,315.48,USD,YAHOO
GLD,2025-05-07,310.75,USD,YAHOO
GLD,2025-05-08,304.63,USD,YAHOO
GLD,2025-05-09,306.84,USD,YAHOO
GLD,2025-05-12,298.19,USD,YAHOO
GLD,2025-05-13,299.46,USD,YAHOO
GLD,2025-05-14,293.16,USD,YAHOO
GLD,2025-05-15,297.84,USD,YAHOO
GLD,2025-05-16,294.24,USD,YAHOO
GLD,2025-05-19,298.03,USD,YAHOO
GLD,2025-05-20,303.58,USD,YAHOO
GLD,2025-05-21,305.82,USD,YAHOO
GLD,2025-05-22,303.11,USD,YAHOO
GLD,2025-05-23,309.75,USD,YAHOO
GLD,2025-05-27,304.5,USD,YAHOO
GLD,2025-05-28,303.81,USD,YAHOO
GLD,2025-05-29,305.61,USD,YAHOO
GLD,2025-05-30,303.6,USD,YAHOO
GLD,2025-06-02,311.67,USD,YAHOO
GLD,2025-06-03,308.91,USD,YAHOO
GLD,2025-06-04,310.9,USD,YAHOO
GLD,2025-06-05,309.33,USD,YAHOO
GLD,2025-06-06,305.18,USD,YAHOO
GLD,2025-06-09,306.62,USD,YAHOO
GLD,2025-06-10,306.71,USD,YAHOO
GLD,2025-06-11,308.37,USD,YAHOO
GLD,2025-06-12,312.2,USD,YAHOO
GLD,2025-06-13,316.29,USD,YAHOO
GLD,2025-06-16,311.78,USD,YAHOO
GLD,2025-06-17,311.94,USD,YAHOO
GLD,2025-06-18,310.26,USD,YAHOO
GLD,2025-06-20,310.13,USD,YAHOO
GLD,2025-06-23,311.08,USD,YAHOO
GLD,2025-06-24,306.19,USD,YAHOO
GLD,2025-06-25,307.12,USD,YAHOO
GLD,2025-06-26,306.78,USD,YAHOO
GLD,2025-06-27,301.22,USD,YAHOO
GLD,2025-06-30,304.83,USD,YAHOO
GLD,2025-07-01,307.55,USD,YAHOO
GLD,2025-07-02,309.25,USD,YAHOO
GLD,2025-07-03,307.14,USD,YAHOO
GLD,2025-07-07,307.37,USD,YAHOO
GLD,2025-07-08,304.16,USD,YAHOO
GLD,2025-07-09,305.52,USD,YAHOO
GLD,2025-07-10,306.2,USD,YAHOO
GLD,2025-07-11,309.14,USD,YAHOO
GLD,2025-07-14,308.01,USD,YAHOO
GLD,2025-07-15,306.73,USD,YAHOO
GLD,2025-07-16,308.26,USD,YAHOO
GLD,2025-07-17,307.59,USD,YAHOO
GLD,2025-07-18,308.39,USD,YAHOO
GLD,2025-07-21,313.13,USD,YAHOO
GLD,2025-07-22,316.1,USD,YAHOO
GLD,2025-07-23,312.18,USD,YAHOO
GLD,2025-07-24,310.27,USD,YAHOO
GLD,2025-07-25,307.4,USD,YAHOO
GLD,2025-07-28,305.41,USD,YAHOO
GLD,2025-07-29,306.25,USD,YAHOO
GLD,2025-07-30,300.96,USD,YAHOO
GLD,2025-07-31,302.96,USD,YAHOO
GLD,2025-08-01,309.11,USD,YAHOO
GLD,2025-08-04,310.91,USD,YAHOO
GLD,2025-08-05,311.16,USD,YAHOO
GLD,2025-08-06,310.5,USD,YAHOO
GLD,2025-08-07,313.12,USD,YAHOO
GLD,2025-08-08,313.05,USD,YAHOO
GLD,2025-08-11,308.55,USD,YAHOO
GLD,2025-08-12,308.27,USD,YAHOO
GLD,2025-08-13,309.21,USD,YAHOO
GLD,2025-08-14,307.25,USD,YAHOO
GLD,2025-08-15,307.43,USD,YAHOO
GLD,2025-08-18,306.95,USD,YAHOO
GLD,2025-08-19,305.27,USD,YAHOO
GLD,2025-08-20,308.36,USD,YAHOO
GLD,2025-08-21,307.29,USD,YAHOO
GLD,2025-08-22,310.58,USD,YAHOO
GLD,2025-08-25,309.83,USD,YAHOO
GLD,2025-08-26,312.08,USD,YAHOO
GLD,2025-08-27,312.71,USD,YAHOO
GLD,2025-08-28,315.03,USD,YAHOO
GLD,2025-08-29,318.07,USD,YAHOO
GLD,2025-09-02,325.59,USD,YAHOO
GLD,2025-09-03,328.14,USD,YAHOO
GLD,2025-09-04,326.69,USD,YAHOO
GLD,2025-09-05,331.05,USD,YAHOO
GLD,2025-09-08,334.82,USD,YAHOO
GLD,2025-09-09,334.06,USD,YAHOO
GLD,2025-09-10,335.26,USD,YAHOO
GLD,2025-09-11,334.76,USD,YAHOO
GLD,2025-09-12,335.42,USD,YAHOO
GLD,2025-09-15,338.91,USD,YAHOO
GLD,2025-09-16,339.59,USD,YAHOO
GLD,2025-09-17,336.97,USD,YAHOO
GLD,2025-09-18,335.62,USD,YAHOO
GLD,2025-09-19,339.18,USD,YAHOO
GLD,2025-09-22,345.05,USD,YAHOO
GLD,2025-09-23,346.46,USD,YAHOO
GLD,2025-09-24,343.32,USD,YAHOO
GLD,2025-09-25,344.75,USD,YAHOO
GLD,2025-09-26,346.74,USD,YAHOO
GLD,2025-09-29,352.46,USD,YAHOO
GLD,2025-09-30,355.47,USD,YAHOO
GLD,2025-10-01,356.03,USD,YAHOO
GLD,2025-10-02,354.79,USD,YAHOO
GLD,2025-10-03,357.64,USD,YAHOO
GLD,2025-10-06,364.38,USD,YAHOO
GLD,2025-10-07,366.26,USD,YAHOO
GLD,2025-10-08,372.3,USD,YAHOO
GLD,2025-10-09,365.43,USD,YAHOO
GLD,2025-10-10,369.12,USD,YAHOO
GLD,2025-10-13,378.09,USD,YAHOO
GLD,2025-10-14,380.79,USD,YAHOO
GLD,2025-10-15,387.39,USD,YAHOO
GLD,2025-10-16,396.45,USD,YAHOO
GLD,2025-10-17,388.99,USD,YAHOO
GLD,2025-10-20,403.15,USD,YAHOO
GLD,2025-10-21,377.24,USD,YAHOO
GLD,2025-10-22,377.28,USD,YAHOO
GLD,2025-10-23,378.79,USD,YAHOO
GLD,2025-10-24,377.52,USD,YAHOO
GLD,2025-10-27,367.01,USD,YAHOO
GLD,2025-10-28,364.38,USD,YAHOO
GLD,2025-10-29,363.0,USD,YAHOO
GLD,2025-10-30,370.13,USD,YAHOO
GLD,2025-10-31,368.12,USD,YAHOO
GLD,2025-11-03,368.78,USD,YAHOO
GLD,2025-11-04,362.32,USD,YAHOO
GLD,2025-11-05,366.51,USD,YAHOO
GLD,2025-11-06,366.07,USD,YAHOO
GLD,2025-11-07,368.31,USD,YAHOO
GLD,2025-11-10,378.38,USD,YAHOO
GLD,2025-11-11,379.87,USD,YAHOO
GLD,2025-11-12,385.99,USD,YAHOO
GLD,2025-11-13,382.87,USD,YAHOO
GLD,2025-11-14,375.96,USD,YAHOO
GLD,2025-11-17,371.65,USD,YAHOO
GLD,2025-11-18,374.35,USD,YAHOO
GLD,2025-11-19,374.96,USD,YAHOO
GLD,2025-11-20,374.85,USD,YAHOO
GLD,2025-11-21,374.27,USD,YAHOO
GLD,2025-11-24,380.2,USD,YAHOO
GLD,2025-11-25,380.08,USD,YAHOO
GLD,2025-11-26,383.12,USD,YAHOO
GLD,2025-11-28,387.88,USD,YAHOO
GLD,2025-12-01,389.75,USD,YAHOO
GLD,2025-12-02,387.24,USD,YAHOO
GLD,2025-12-03,386.88,USD,YAHOO
GLD,2025-12-04,387.13,USD,YAHOO
GLD,2025-12-05,386.44,USD,YAHOO
GLD,2025-12-08,385.42,USD,YAHOO
GLD,2025-12-09,387.4,USD,YAHOO
GLD,2025-12-10,389.05,USD,YAHOO
GLD,2025-12-11,393.24,USD,YAHOO
GLD,2025-12-12,395.44,USD,YAHOO
GLD,2025-12-15,395.8,USD,YAHOO
GLD,2025-12-16,395.89,USD,YAHOO
GLD,2025-12-17,399.29,USD,YAHOO
GLD,2025-12-18,398.57,USD,YAHOO
GLD,2025-12-19,399.02,USD,YAHOO
GLD,2025-12-22,408.23,USD,YAHOO
GLD,2025-12-23,413.64,USD,YAHOO
GLD,2025-12-24,411.93,USD,YAHOO
GLD,2025-12-26,416.74,USD,YAHOO
GLD,2025-12-29,398.6,USD,YAHOO
GLD,2025-12-30,398.89,USD,YAHOO
GLD,2025-12-31,396.31,USD,YAHOO
GLD,2026-01-02,398.28,USD,YAHOO
GLD,2026-01-05,408.76,USD,YAHOO
GLD,2026-01-06,413.18,USD,YAHOO
GLD,2026-01-07,409.23,USD,YAHOO
GLD,2026-01-08,411.49,USD,YAHOO
GLD,2026-01-09,414.47,USD,YAHOO
GLD,2026-01-12,422.23,USD,YAHOO
GLD,2026-01-13,421.63,USD,YAHOO
GLD,2026-01-14,425.94,USD,YAHOO
GLD,2026-01-15,423.33,USD,YAHOO
GLD,2026-01-16,421.29,USD,YAHOO
GLD,2026-01-20,437.23,USD,YAHOO
GLD,2026-01-21,443.6,USD,YAHOO
GLD,2026-01-22,451.79,USD,YAHOO
GLD,2026-01-23,458.0,USD,YAHOO
GLD,2026-01-26,464.7,USD,YAHOO
GLD,2026-01-27,476.1,USD,YAHOO
GLD,2026-01-28,494.56,USD,YAHOO
GLD,2026-01-29,495.9,USD,YAHOO
GLD,2026-01-30,444.95,USD,YAHOO
GLD,2026-02-02,427.13,USD,YAHOO
GLD,2026-02-03,454.29,USD,YAHOO
GLD,2026-02-04,453.97,USD,YAHOO
GLD,2026-02-05,441.88,USD,YAHOO
GLD,2026-02-06,455.46,USD,YAHOO
GLD,2026-02-09,467.03,USD,YAHOO
GLD,2026-02-10,462.4,USD,YAHOO
GLD,2026-02-11,467.63,USD,YAHOO
GLD,2026-02-12,451.39,USD,YAHOO
GLD,2026-02-13,462.62,USD,YAHOO
GLD,2026-02-17,448.2,USD,YAHOO
GLD,2026-02-18,458.28,USD,YAHOO
GLD,2026-02-19,459.56,USD,YAHOO
GLD,2026-02-20,468.62,USD,YAHOO
GLD,2026-02-23,481.28,USD,YAHOO
GLD,2026-02-24,474.61,USD,YAHOO
GLD,2026-02-25,473.42,USD,YAHOO
GLD,2026-02-26,477.48,USD,YAHOO
GLD,2026-02-27,483.75,USD,YAHOO
GLD,2026-03-02,490.0,USD,YAHOO
GLD,2026-03-03,468.14,USD,YAHOO
GLD,2026-03-04,471.8,USD,YAHOO
GLD,2026-03-05,466.13,USD,YAHOO
GLD,2026-03-06,473.51,USD,YAHOO
GLD,2026-03-09,472.53,USD,YAHOO
GLD,2026-03-10,477.86,USD,YAHOO
GLD,2026-03-11,476.24,USD,YAHOO
GLD,2026-03-12,466.88,USD,YAHOO
GLD,2026-03-13,460.84,USD,YAHOO
GLD,2026-03-16,460.43,USD,YAHOO
GLD,2026-03-17,459.27,USD,YAHOO
GLD,2026-03-18,444.74,USD,YAHOO
GLD,2026-03-19,426.41,USD,YAHOO
GLD,2026-03-20,413.38,USD,YAHOO
GLD,2026-03-23,404.04,USD,YAHOO
GLD,2026-03-24,404.13,USD,YAHOO
GLD,2026-03-25,416.29,USD,YAHOO
GLD,2026-03-26,400.64,USD,YAHOO
GLD,2026-03-27,414.7,USD,YAHOO
GLD,2026-03-30,414.58,USD,YAHOO
GLD,2026-03-31,430.29,USD,YAHOO
GLD,2026-04-01,437.82,USD,YAHOO
GLD,2026-04-02,429.41,USD,YAHOO
GLD,2026-04-06,427.65,USD,YAHOO
GLD,2026-04-07,431.81,USD,YAHOO
GLD,2026-04-08,434.53,USD,YAHOO
GLD,2026-04-09,437.91,USD,YAHOO
GLD,2026-04-10,437.13,USD,YAHOO
GLD,2026-04-13,435.36,USD,YAHOO
GLD,2026-04-14,445.09,USD,YAHOO
GLD,2026-04-15,440.46,USD,YAHOO
GLD,2026-04-16,440.08,USD,YAHOO
GLD,2026-04-17,445.93,USD,YAHOO
GLD,2026-04-20,442.09,USD,YAHOO
GLD,2026-04-21,429.57,USD,YAHOO
GLD,2026-04-22,435.26,USD,YAHOO
GLD,2026-04-23,431.04,USD,YAHOO
GLD,2026-04-24,433.25,USD,YAHOO
GLD,2026-04-27,429.89,USD,YAHOO
GLD,2026-04-28,421.91,USD,YAHOO
GLD,2026-04-29,417.41,USD,YAHOO
GLD,2026-04-30,423.66,USD,YAHOO
GLD,2026-05-01,423.18,USD,YAHOO
GLD,2026-05-04,414.71,USD,YAHOO
GLD,2026-05-05,418.27,USD,YAHOO
GLD,2026-05-06,430.96,USD,YAHOO
GLD,2026-05-07,431.68,USD,YAHOO
GLD,2026-05-08,433.77,USD,YAHOO
GLD,2026-05-11,434.65,USD,YAHOO
GLD,2026-05-12,432.93,USD,YAHOO
GLD,2026-05-13,430.5,USD,YAHOO
GLD,2026-05-14,427.21,USD,YAHOO
GLD,2026-05-15,417.29,USD,YAHOO
GLD,2026-05-18,418.43,USD,YAHOO
GLD,2026-05-19,411.5,USD,YAHOO
GLD,2026-05-20,417.4,USD,YAHOO
GLD,2026-05-21,416.99,USD,YAHOO
GLD,2026-05-22,413.82,USD,YAHOO
GLD,2026-05-26,414.0,USD,YAHOO
GLD,2026-05-27,408.49,USD,YAHOO
GLD,2026-05-28,412.77,USD,YAHOO
GLD,2026-05-29,417.12,USD,YAHOO
GLD,2026-06-01,411.26,USD,YAHOO
GLD,2026-06-02,411.95,USD,YAHOO
GLD,2026-06-03,407.87,USD,YAHOO
GLD,2026-06-04,411.27,USD,YAHOO
GLD,2026-06-05,396.24,USD,YAHOO
GLD,2026-06-08,397.27,USD,YAHOO
GLD,2026-06-09,390.78,USD,YAHOO
GLD,2026-06-10,374.58,USD,YAHOO
GLD,2026-06-11,386.32,USD,YAHOO
GLD,2026-06-12,386.54,USD,YAHOO
GLD,2026-06-15,396.55,USD,YAHOO
GLD,2026-06-16,397.63,USD,YAHOO
GLD,2026-06-17,388.6,USD,YAHOO
GLD,2026-06-18,387.12,USD,YAHOO
GLD,2026-06-22,384.59,USD,YAHOO
GLD,2026-06-23,377.32,USD,YAHOO
GLD,2026-06-24,365.92,USD,YAHOO
GLD,2026-06-25,369.46,USD,YAHOO
GLD,2026-06-26,373.63,USD,YAHOO
GLD,2026-06-29,368.58,USD,YAHOO
GLD,2026-06-30,368.38,USD,YAHOO
GLD,2026-07-01,370.6,USD,YAHOO
GLD,2026-07-02,378.13,USD,YAHOO
GLD,2026-07-06,382.13,USD,YAHOO
GLD,2026-07-07,377.49,USD,YAHOO
GLD,2026-07-08,374.45,USD,YAHOO
GLD,2026-07-09,378.18,USD,YAHOO
GLD,2026-07-10,377.01,USD,YAHOO
GLD,2026-07-13,367.13,USD,YAHOO
GLD,2026-07-14,372.15,USD,YAHOO
GLD,2026-07-15,372.35,USD,YAHOO
GLD,2026-07-16,364.96,USD,YAHOO
GLD,2026-07-17,368.41,USD,YAHOO
GLD,2026-07-20,367.6,USD,YAHOO
GLD,2026-07-21,374.81,USD,YAHOO
GLD,2026-07-22,379.12,USD,YAHOO
GLD,2026-07-23,371.52,USD,YAHOO
GLD,2026-07-24,371.9,USD,YAHOO
GLD,2026-07-27,374.63,USD,YAHOO
GLD,2026-07-28,369.37,USD,YAHOO
GLD,2026-07-29,371.08,USD,YAHOO
GLD,2026-07-30,377.16,USD,YAHOO
GLD,2026-07-31,371.54,USD,YAHOO
GLD,2026-08-03,371.71,USD,YAHOO
GLD,2026-08-04,374.16,USD,YAHOO
GLD,2026-08-05,389.64,USD,YAHOO
GLD,2026-08-06,389.67,USD,YAHOO
GLD,2026-08-07,398.47,USD,YAHOO
GLD,2026-08-10,402.54,USD,YAHOO
GLD,2026-08-11,400.96,USD,YAHOO
GLD,2026-08-12,404.92,USD,YAHOO
GLD,2026-08-13,398.96,USD,YAHOO
GLD,2026-08-14,401.48,USD,YAHOO
GLD,2026-08-17,405.49,USD,YAHOO
GLD,2026-08-18,398.55,USD,YAHOO
GLD,2026-08-19,413.84,USD,YAHOO
GLD,2026-08-20,415.26,USD,YAHOO
GLD,2026-08-21,423.36,USD,YAHOO
GLD,2026-08-24,426.69,USD,YAHOO
GLD,2026-08-25,428.07,USD,YAHOO
GLD,2026-08-26,421.32,USD,YAHOO
GLD,2026-08-27,422.6,USD,YAHOO
GLD,2026-08-28,408.89,USD,YAHOO
GLD,2026-08-31,408.42,USD,YAHOO
GLD,2026-09-01,396.75,USD,YAHOO
GLD,2026-09-02,402.78,USD,YAHOO
GLD,2026-09-03,410.22,USD,YAHOO
GLD,2026-09-04,406.77,USD,YAHOO
GLD,2026-09-08,399.72,USD,YAHOO
GLD,2026-09-09,403.35,USD,YAHOO
GLD,2026-09-10,396.36,USD,YAHOO
GLD,2026-09-11,398.77,USD,YAHOO
IWDA.AS,2023-09-14,79.655,EUR,YAHOO
IWDA.AS,2023-09-15,79.29,EUR,YAHOO
IWDA.AS,2023-09-18,78.91,EUR,YAHOO
IWDA.AS,2023-09-19,78.55,EUR,YAHOO
IWDA.AS,2023-09-20,78.775,EUR,YAHOO
IWDA.AS,2023-09-21,77.52,EUR,YAHOO
IWDA.AS,2023-09-22,77.49,EUR,YAHOO
IWDA.AS,2023-09-25,77.45,EUR,YAHOO
IWDA.AS,2023-09-26,76.83,EUR,YAHOO
IWDA.AS,2023-09-27,77.04,EUR,YAHOO
IWDA.AS,2023-09-28,77.16,EUR,YAHOO
IWDA.AS,2023-09-29,77.29,EUR,YAHOO
IWDA.AS,2023-10-02,77.205,EUR,YAHOO
IWDA.AS,2023-10-03,76.25,EUR,YAHOO
IWDA.AS,2023-10-04,76.0,EUR,YAHOO
IWDA.AS,2023-10-05,75.965,EUR,YAHOO
IWDA.AS,2023-10-06,76.44,EUR,YAHOO
IWDA.AS,2023-10-09,76.955,EUR,YAHOO
IWDA.AS,2023-10-10,78.035,EUR,YAHOO
IWDA.AS,2023-10-11,77.705,EUR,YAHOO
IWDA.AS,2023-10-12,78.32,EUR,YAHOO
IWDA.AS,2023-10-13,77.835,EUR,YAHOO
IWDA.AS,2023-10-16,78.2,EUR,YAHOO
IWDA.AS,2023-10-17,77.98,EUR,YAHOO
IWDA.AS,2023-10-18,77.575,EUR,YAHOO
IWDA.AS,2023-10-19,76.72,EUR,YAHOO
IWDA.AS,2023-10-20,75.355,EUR,YAHOO
IWDA.AS,2023-10-23,75.06,EUR,YAHOO
IWDA.AS,2023-10-24,75.485,EUR,YAHOO
IWDA.AS,2023-10-25,75.16,EUR,YAHOO
IWDA.AS,2023-10-26,74.555,EUR,YAHOO
IWDA.AS,2023-10-27,73.9,EUR,YAHOO
IWDA.AS,2023-10-30,73.99,EUR,YAHOO
IWDA.AS,2023-10-31,74.675,EUR,YAHOO
IWDA.AS,2023-11-01,75.485,EUR,YAHOO
IWDA.AS,2023-11-02,76.59,EUR,YAHOO
IWDA.AS,2023-11-03,76.975,EUR,YAHOO
IWDA.AS,2023-11-06,76.77,EUR,YAHOO
IWDA.AS,2023-11-07,77.22,EUR,YAHOO
IWDA.AS,2023-11-08,76.955,EUR,YAHOO
IWDA.AS,2023-11-09,77.295,EUR,YAHOO
IWDA.AS,2023-11-10,77.11,EUR,YAHOO
IWDA.AS,2023-11-13,77.65,EUR,YAHOO
IWDA.AS,2023-11-14,78.16,EUR,YAHOO
IWDA.AS,2023-11-15,78.44,EUR,YAHOO
IWDA.AS,2023-11-16,77.99,EUR,YAHOO
IWDA.AS,2023-11-17,78.27,EUR,YAHOO
IWDA.AS,2023-11-20,78.34,EUR,YAHOO
IWDA.AS,2023-11-21,78.375,EUR,YAHOO
IWDA.AS,2023-11-22,79.03,EUR,YAHOO
IWDA.AS,2023-11-23,78.99,EUR,YAHOO
IWDA.AS,2023-11-24,78.84,EUR,YAHOO
IWDA.AS,2023-11-27,78.7,EUR,YAHOO
IWDA.AS,2023-11-28,78.55,EUR,YAHOO
IWDA.AS,2023-11-29,78.605,EUR,YAHOO
IWDA.AS,2023-11-30,78.97,EUR,YAHOO
IWDA.AS,2023-12-01,79.85,EUR,YAHOO
IWDA.AS,2023-12-04,79.76,EUR,YAHOO
IWDA.AS,2023-12-05,80.16,EUR,YAHOO
IWDA.AS,2023-12-06,80.28,EUR,YAHOO
IWDA.AS,2023-12-07,80.375,EUR,YAHOO
IWDA.AS,2023-12-08,80.875,EUR,YAHOO
IWDA.AS,2023-12-11,81.16,EUR,YAHOO
IWDA.AS,2023-12-12,81.14,EUR,YAHOO
IWDA.AS,2023-12-13,81.435,EUR,YAHOO
IWDA.AS,2023-12-14,81.405,EUR,YAHOO
IWDA.AS,2023-12-15,81.975,EUR,YAHOO
IWDA.AS,2023-12-18,82.01,EUR,YAHOO
IWDA.AS,2023-12-19,82.095,EUR,YAHOO
IWDA.AS,2023-12-20,82.35,EUR,YAHOO
IWDA.AS,2023-12-21,81.73,EUR,YAHOO
IWDA.AS,2023-12-22,82.04,EUR,YAHOO
IWDA.AS,2023-12-27,81.76,EUR,YAHOO
IWDA.AS,2023-12-28,82.055,EUR,YAHOO
IWDA.AS,2023-12-29,81.87,EUR,YAHOO
IWDA.AS,2024-01-02,82.215,EUR,YAHOO
IWDA.AS,2024-01-03,81.83,EUR,YAHOO
IWDA.AS,2024-01-04,81.785,EUR,YAHOO
IWDA.AS,2024-01-05,81.63,EUR,YAHOO
IWDA.AS,2024-01-08,81.8,EUR,YAHOO
IWDA.AS,2024-01-09,82.415,EUR,YAHOO
IWDA.AS,2024-01-10,82.405,EUR,YAHOO
IWDA.AS,2024-01-11,82.115,EUR,YAHOO
IWDA.AS,2024-01-12,82.685,EUR,YAHOO
IWDA.AS,2024-01-15,82.745,EUR,YAHOO
IWDA.AS,2024-01-16,82.945,EUR,YAHOO
IWDA.AS,2024-01-17,82.4,EUR,YAHOO
IWDA.AS,2024-01-18,82.73,EUR,YAHOO
IWDA.AS,2024-01-19,83.005,EUR,YAHOO
IWDA.AS,2024-01-22,83.945,EUR,YAHOO
IWDA.AS,2024-01-23,84.055,EUR,YAHOO
IWDA.AS,2024-01-24,84.505,EUR,YAHOO
IWDA.AS,2024-01-25,84.86,EUR,YAHOO
IWDA.AS,2024-01-26,84.97,EUR,YAHOO
IWDA.AS,2024-01-29,85.3,EUR,YAHOO
IWDA.AS,2024-01-30,85.545,EUR,YAHOO
IWDA.AS,2024-01-31,85.015,EUR,YAHOO
IWDA.AS,2024-02-01,84.695,EUR,YAHOO
IWDA.AS,2024-02-02,86.03,EUR,YAHOO
IWDA.AS,2024-02-05,86.175,EUR,YAHOO
IWDA.AS,2024-02-06,86.37,EUR,YAHOO
IWDA.AS,2024-02-07,86.73,EUR,YAHOO
IWDA.AS,2024-02-08,86.79,EUR,YAHOO
IWDA.AS,2024-02-09,86.935,EUR,YAHOO
IWDA.AS,2024-02-12,87.65,EUR,YAHOO
IWDA.AS,2024-02-13,86.8,EUR,YAHOO
IWDA.AS,2024-02-14,86.925,EUR,YAHOO
IWDA.AS,2024-02-15,87.34,EUR,YAHOO
IWDA.AS,2024-02-16,87.735,EUR,YAHOO
IWDA.AS,2024-02-19,87.525,EUR,YAHOO
IWDA.AS,2024-02-20,86.68,EUR,YAHOO
IWDA.AS,2024-02-21,86.585,EUR,YAHOO
IWDA.AS,2024-02-22,88.05,EUR,YAHOO
IWDA.AS,2024-02-23,88.385,EUR,YAHOO
IWDA.AS,2024-02-26,88.06,EUR,YAHOO
IWDA.AS,2024-02-27,87.93,EUR,YAHOO
IWDA.AS,2024-02-28,87.98,EUR,YAHOO
IWDA.AS,2024-02-29,88.18,EUR,YAHOO
IWDA.AS,2024-03-01,88.8,EUR,YAHOO
IWDA.AS,2024-03-04,88.79,EUR,YAHOO
IWDA.AS,2024-03-05,88.185,EUR,YAHOO
IWDA.AS,2024-03-06,88.47,EUR,YAHOO
IWDA.AS,2024-03-07,88.865,EUR,YAHOO
IWDA.AS,2024-03-08,88.93,EUR,YAHOO
IWDA.AS,2024-03-11,88.325,EUR,YAHOO
IWDA.AS,2024-03-12,89.075,EUR,YAHOO
IWDA.AS,2024-03-13,89.075,EUR,YAHOO
IWDA.AS,2024-03-14,89.13,EUR,YAHOO
IWDA.AS,2024-03-15,88.595,EUR,YAHOO
IWDA.AS,2024-03-18,89.395,EUR,YAHOO
IWDA.AS,2024-03-19,89.515,EUR,YAHOO
IWDA.AS,2024-03-20,89.72,EUR,YAHOO
IWDA.AS,2024-03-21,91.02,EUR,YAHOO
IWDA.AS,2024-03-22,90.975,EUR,YAHOO
IWDA.AS,2024-03-25,90.7,EUR,YAHOO
IWDA.AS,2024-03-26,90.905,EUR,YAHOO
IWDA.AS,2024-03-27,90.865,EUR,YAHOO
IWDA.AS,2024-03-28,91.445,EUR,YAHOO
IWDA.AS,2024-04-02,90.685,EUR,YAHOO
IWDA.AS,2024-04-03,90.765,EUR,YAHOO
IWDA.AS,2024-04-04,90.845,EUR,YAHOO
IWDA.AS,2024-04-05,90.2,EUR,YAHOO
IWDA.AS,2024-04-08,90.38,EUR,YAHOO
IWDA.AS,2024-04-09,89.855,EUR,YAHOO
IWDA.AS,2024-04-10,90.275,EUR,YAHOO
IWDA.AS,2024-04-11,90.4,EUR,YAHOO
IWDA.AS,2024-04-12,90.85,EUR,YAHOO
IWDA.AS,2024-04-15,90.645,EUR,YAHOO
IWDA.AS,2024-04-16,89.23,EUR,YAHOO
IWDA.AS,2024-04-17,88.76,EUR,YAHOO
IWDA.AS,2024-04-18,88.97,EUR,YAHOO
IWDA.AS,2024-04-19,88.1,EUR,YAHOO
IWDA.AS,2024-04-22,88.275,EUR,YAHOO
IWDA.AS,2024-04-23,89.24,EUR,YAHOO
IWDA.AS,2024-04-24,89.28,EUR,YAHOO
IWDA.AS,2024-04-25,88.2,EUR,YAHOO
IWDA.AS,2024-04-26,89.785,EUR,YAHOO
IWDA.AS,2024-04-29,89.815,EUR,YAHOO
IWDA.AS,2024-04-30,89.575,EUR,YAHOO
IWDA.AS,2024-05-02,88.915,EUR,YAHOO
IWDA.AS,2024-05-03,89.64,EUR,YAHOO
IWDA.AS,2024-05-06,90.32,EUR,YAHOO
IWDA.AS,2024-05-07,90.94,EUR,YAHOO
IWDA.AS,2024-05-08,90.945,EUR,YAHOO
IWDA.AS,2024-05-09,91.14,EUR,YAHOO
IWDA.AS,2024-05-10,91.445,EUR,YAHOO
IWDA.AS,2024-05-13,91.3,EUR,YAHOO
IWDA.AS,2024-05-14,91.25,EUR,YAHOO
IWDA.AS,2024-05-15,91.915,EUR,YAHOO
IWDA.AS,2024-05-16,92.29,EUR,YAHOO
IWDA.AS,2024-05-17,92.0,EUR,YAHOO
IWDA.AS,2024-05-20,92.52,EUR,YAHOO
IWDA.AS,2024-05-21,92.31,EUR,YAHOO
IWDA.AS,2024-05-22,92.345,EUR,YAHOO
IWDA.AS,2024-05-23,92.37,EUR,YAHOO
IWDA.AS,2024-05-24,92.03,EUR,YAHOO
IWDA.AS,2024-05-27,92.25,EUR,YAHOO
IWDA.AS,2024-05-28,91.88,EUR,YAHOO
IWDA.AS,2024-05-29,91.525,EUR,YAHOO
IWDA.AS,2024-05-30,91.27,EUR,YAHOO
IWDA.AS,2024-05-31,90.67,EUR,YAHOO
IWDA.AS,2024-06-03,91.345,EUR,YAHOO
IWDA.AS,2024-06-04,91.17,EUR,YAHOO
IWDA.AS,2024-06-05,92.26,EUR,YAHOO
IWDA.AS,2024-06-06,92.6,EUR,YAHOO
IWDA.AS,2024-06-07,93.06,EUR,YAHOO
IWDA.AS,2024-06-10,93.45,EUR,YAHOO
IWDA.AS,2024-06-11,93.315,EUR,YAHOO
IWDA.AS,2024-06-12,93.775,EUR,YAHOO
IWDA.AS,2024-06-13,93.77,EUR,YAHOO
IWDA.AS,2024-06-14,94.03,EUR,YAHOO
IWDA.AS,2024-06-17,94.085,EUR,YAHOO
IWDA.AS,2024-06-18,94.595,EUR,YAHOO
IWDA.AS,2024-06-19,94.725,EUR,YAHOO
IWDA.AS,2024-06-20,95.12,EUR,YAHOO
IWDA.AS,2024-06-21,94.75,EUR,YAHOO
IWDA.AS,2024-06-24,94.95,EUR,YAHOO
IWDA.AS,2024-06-25,94.88,EUR,YAHOO
IWDA.AS,2024-06-26,94.835,EUR,YAHOO
IWDA.AS,2024-06-27,94.83,EUR,YAHOO
IWDA.AS,2024-06-28,95.19,EUR,YAHOO
IWDA.AS,2024-07-01,94.635,EUR,YAHOO
IWDA.AS,2024-07-02,94.785,EUR,YAHOO
IWDA.AS,2024-07-03,95.085,EUR,YAHOO
IWDA.AS,2024-07-04,95.3,EUR,YAHOO
IWDA.AS,2024-07-05,95.335,EUR,YAHOO
IWDA.AS,2024-07-08,95.505,EUR,YAHOO
IWDA.AS,2024-07-09,95.66,EUR,YAHOO
IWDA.AS,2024-07-10,96.03,EUR,YAHOO
IWDA.AS,2024-07-11,95.86,EUR,YAHOO
IWDA.AS,2024-07-12,96.34,EUR,YAHOO
IWDA.AS,2024-07-15,96.34,EUR,YAHOO
IWDA.AS,2024-07-16,96.485,EUR,YAHOO
IWDA.AS,2024-07-17,95.475,EUR,YAHOO
IWDA.AS,2024-07-18,94.925,EUR,YAHOO
IWDA.AS,2024-07-19,94.37,EUR,YAHOO
IWDA.AS,2024-07-22,94.81,EUR,YAHOO
IWDA.AS,2024-07-23,95.71,EUR,YAHOO
IWDA.AS,2024-07-24,94.05,EUR,YAHOO
IWDA.AS,2024-07-25,93.56,EUR,YAHOO
IWDA.AS,2024-07-26,93.745,EUR,YAHOO
IWDA.AS,2024-07-29,93.92,EUR,YAHOO
IWDA.AS,2024-07-30,93.995,EUR,YAHOO
IWDA.AS,2024-07-31,95.39,EUR,YAHOO
IWDA.AS,2024-08-01,94.455,EUR,YAHOO
IWDA.AS,2024-08-02,90.665,EUR,YAHOO
IWDA.AS,2024-08-05,88.625,EUR,YAHOO
IWDA.AS,2024-08-06,89.415,EUR,YAHOO
IWDA.AS,2024-08-07,90.66,EUR,YAHOO
IWDA.AS,2024-08-08,90.66,EUR,YAHOO
IWDA.AS,2024-08-09,91.025,EUR,YAHOO
IWDA.AS,2024-08-12,91.175,EUR,YAHOO
IWDA.AS,2024-08-13,92.07,EUR,YAHOO
IWDA.AS,2024-08-14,92.3,EUR,YAHOO
IWDA.AS,2024-08-15,93.925,EUR,YAHOO
IWDA.AS,2024-08-16,94.035,EUR,YAHOO
IWDA.AS,2024-08-19,94.31,EUR,YAHOO
IWDA.AS,2024-08-20,94.1,EUR,YAHOO
IWDA.AS,2024-08-21,94.19,EUR,YAHOO
IWDA.AS,2024-08-22,94.345,EUR,YAHOO
IWDA.AS,2024-08-23,94.375,EUR,YAHOO
IWDA.AS,2024-08-26,94.31,EUR,YAHOO
IWDA.AS,2024-08-27,94.37,EUR,YAHOO
IWDA.AS,2024-08-28,94.34,EUR,YAHOO
IWDA.AS,2024-08-29,95.405,EUR,YAHOO
IWDA.AS,2024-08-30,95.08,EUR,YAHOO
IWDA.AS,2024-09-02,95.67,EUR,YAHOO
IWDA.AS,2024-09-03,94.735,EUR,YAHOO
IWDA.AS,2024-09-04,93.62,EUR,YAHOO
IWDA.AS,2024-09-05,92.975,EUR,YAHOO
IWDA.AS,2024-09-06,91.825,EUR,YAHOO
IWDA.AS,2024-09-09,92.855,EUR,YAHOO
IWDA.AS,2024-09-10,93.03,EUR,YAHOO
IWDA.AS,2024-09-11,92.57,EUR,YAHOO
IWDA.AS,2024-09-12,94.295,EUR,YAHOO
IWDA.AS,2024-09-13,94.985,EUR,YAHOO
IWDA.AS,2024-09-16,94.58,EUR,YAHOO
IWDA.AS,2024-09-17,95.14,EUR,YAHOO
IWDA.AS,2024-09-18,94.655,EUR,YAHOO
IWDA.AS,2024-09-19,95.985,EUR,YAHOO
IWDA.AS,2024-09-20,95.375,EUR,YAHOO
IWDA.AS,2024-09-23,96.005,EUR,YAHOO
IWDA.AS,2024-09-24,96.04,EUR,YAHOO
IWDA.AS,2024-09-25,96.08,EUR,YAHOO
IWDA.AS,2024-09-26,96.32,EUR,YAHOO
IWDA.AS,2024-09-27,96.665,EUR,YAHOO
IWDA.AS,2024-09-30,96.365,EUR,YAHOO
IWDA.AS,2024-10-01,96.555,EUR,YAHOO
IWDA.AS,2024-10-02,96.92,EUR,YAHOO
IWDA.AS,2024-10-03,96.69,EUR,YAHOO
IWDA.AS,2024-10-04,97.29,EUR,YAHOO
IWDA.AS,2024-10-07,97.59,EUR,YAHOO
IWDA.AS,2024-10-08,97.54,EUR,YAHOO
IWDA.AS,2024-10-09,98.255,EUR,YAHOO
IWDA.AS,2024-10-10,98.47,EUR,YAHOO
IWDA.AS,2024-10-11,98.83,EUR,YAHOO
IWDA.AS,2024-10-14,99.625,EUR,YAHOO
IWDA.AS,2024-10-15,99.385,EUR,YAHOO
IWDA.AS,2024-10-16,99.385,EUR,YAHOO
IWDA.AS,2024-10-17,100.235,EUR,YAHOO
IWDA.AS,2024-10-18,100.125,EUR,YAHOO
IWDA.AS,2024-10-21,99.715,EUR,YAHOO
IWDA.AS,2024-10-22,99.86,EUR,YAHOO
IWDA.AS,2024-10-23,99.495,EUR,YAHOO
IWDA.AS,2024-10-24,99.39,EUR,YAHOO
IWDA.AS,2024-10-25,99.73,EUR,YAHOO
IWDA.AS,2024-10-28,99.66,EUR,YAHOO
IWDA.AS,2024-10-29,99.77,EUR,YAHOO
IWDA.AS,2024-10-30,99.29,EUR,YAHOO
IWDA.AS,2024-10-31,97.55,EUR,YAHOO
IWDA.AS,2024-11-01,98.31,EUR,YAHOO
IWDA.AS,2024-11-04,97.475,EUR,YAHOO
IWDA.AS,2024-11-05,97.99,EUR,YAHOO
IWDA.AS,2024-11-06,100.99,EUR,YAHOO
IWDA.AS,2024-11-07,101.65,EUR,YAHOO
IWDA.AS,2024-11-08,102.35,EUR,YAHOO
IWDA.AS,2024-11-11,103.495,EUR,YAHOO
IWDA.AS,2024-11-12,103.115,EUR,YAHOO
IWDA.AS,2024-11-13,103.485,EUR,YAHOO
IWDA.AS,2024-11-14,103.425,EUR,YAHOO
IWDA.AS,2024-11-15,102.14,EUR,YAHOO
IWDA.AS,2024-11-18,102.405,EUR,YAHOO
IWDA.AS,2024-11-19,102.28,EUR,YAHOO
IWDA.AS,2024-11-20,102.36,EUR,YAHOO
IWDA.AS,2024-11-21,103.745,EUR,YAHOO
IWDA.AS,2024-11-22,104.88,EUR,YAHOO
IWDA.AS,2024-11-25,104.685,EUR,YAHOO
IWDA.AS,2024-11-26,104.805,EUR,YAHOO
IWDA.AS,2024-11-27,103.935,EUR,YAHOO
IWDA.AS,2024-11-28,104.435,EUR,YAHOO
IWDA.AS,2024-11-29,104.83,EUR,YAHOO
IWDA.AS,2024-12-02,105.7,EUR,YAHOO
IWDA.AS,2024-12-03,105.63,EUR,YAHOO
IWDA.AS,2024-12-04,105.955,EUR,YAHOO
IWDA.AS,2024-12-05,105.865,EUR,YAHOO
IWDA.AS,2024-12-06,105.89,EUR,YAHOO
IWDA.AS,2024-12-09,105.55,EUR,YAHOO
IWDA.AS,2024-12-10,105.71,EUR,YAHOO
IWDA.AS,2024-12-11,106.345,EUR,YAHOO
IWDA.AS,2024-12-12,106.145,EUR,YAHOO
IWDA.AS,2024-12-13,105.635,EUR,YAHOO
IWDA.AS,2024-12-16,105.775,EUR,YAHOO
IWDA.AS,2024-12-17,105.49,EUR,YAHOO
IWDA.AS,2024-12-18,105.685,EUR,YAHOO
IWDA.AS,2024-12-19,104.02,EUR,YAHOO
IWDA.AS,2024-12-20,104.17,EUR,YAHOO
IWDA.AS,2024-12-23,103.975,EUR,YAHOO
IWDA.AS,2024-12-24,104.86,EUR,YAHOO
IWDA.AS,2024-12-27,104.49,EUR,YAHOO
IWDA.AS,2024-12-30,103.935,EUR,YAHOO
IWDA.AS,2024-12-31,104.16,EUR,YAHOO
IWDA.AS,2025-01-02,105.3,EUR,YAHOO
IWDA.AS,2025-01-03,105.09,EUR,YAHOO
IWDA.AS,2025-01-06,105.775,EUR,YAHOO
IWDA.AS,2025-01-07,105.05,EUR,YAHOO
IWDA.AS,2025-01-08,105.08,EUR,YAHOO
IWDA.AS,2025-01-09,105.15,EUR,YAHOO
IWDA.AS,2025-01-10,104.14,EUR,YAHOO
IWDA.AS,2025-01-13,103.97,EUR,YAHOO
IWDA.AS,2025-01-14,103.83,EUR,YAHOO
IWDA.AS,2025-01-15,105.46,EUR,YAHOO
IWDA.AS,2025-01-16,105.77,EUR,YAHOO
IWDA.AS,2025-01-17,106.715,EUR,YAHOO
IWDA.AS,2025-01-20,106.18,EUR,YAHOO
IWDA.AS,2025-01-21,106.26,EUR,YAHOO
IWDA.AS,2025-01-22,107.19,EUR,YAHOO
IWDA.AS,2025-01-23,107.33,EUR,YAHOO
IWDA.AS,2025-01-24,106.86,EUR,YAHOO
IWDA.AS,2025-01-27,105.105,EUR,YAHOO
IWDA.AS,2025-01-28,106.485,EUR,YAHOO
IWDA.AS,2025-01-29,106.82,EUR,YAHOO
IWDA.AS,2025-01-30,107.08,EUR,YAHOO
IWDA.AS,2025-01-31,108.18,EUR,YAHOO
IWDA.AS,2025-02-03,107.245,EUR,YAHOO
IWDA.AS,2025-02-04,107.205,EUR,YAHOO
IWDA.AS,2025-02-05,106.915,EUR,YAHOO
IWDA.AS,2025-02-06,108.125,EUR,YAHOO
IWDA.AS,2025-02-07,107.92,EUR,YAHOO
IWDA.AS,2025-02-10,108.515,EUR,YAHOO
IWDA.AS,2025-02-11,108.275,EUR,YAHOO
IWDA.AS,2025-02-12,107.56,EUR,YAHOO
IWDA.AS,2025-02-13,108.125,EUR,YAHOO
IWDA.AS,2025-02-14,107.875,EUR,YAHOO
IWDA.AS,2025-02-17,108.41,EUR,YAHOO
IWDA.AS,2025-02-18,108.45,EUR,YAHOO
IWDA.AS,2025-02-19,108.82,EUR,YAHOO
IWDA.AS,2025-02-20,107.78,EUR,YAHOO
IWDA.AS,2025-02-21,107.825,EUR,YAHOO
IWDA.AS,2025-02-24,106.63,EUR,YAHOO
IWDA.AS,2025-02-25,105.0,EUR,YAHOO
IWDA.AS,2025-02-26,106.385,EUR,YAHOO
IWDA.AS,2025-02-27,106.575,EUR,YAHOO
IWDA.AS,2025-02-28,105.445,EUR,YAHOO
IWDA.AS,2025-03-03,105.75,EUR,YAHOO
IWDA.AS,2025-03-04,102.21,EUR,YAHOO
IWDA.AS,2025-03-05,100.745,EUR,YAHOO
IWDA.AS,2025-03-06,101.045,EUR,YAHOO
IWDA.AS,2025-03-07,99.17,EUR,YAHOO
IWDA.AS,2025-03-10,98.43,EUR,YAHOO
IWDA.AS,2025-03-11,96.39,EUR,YAHOO
IWDA.AS,2025-03-12,97.395,EUR,YAHOO
IWDA.AS,2025-03-13,96.725,EUR,YAHOO
IWDA.AS,2025-03-14,97.815,EUR,YAHOO
IWDA.AS,2025-03-17,98.25,EUR,YAHOO
IWDA.AS,2025-03-18,97.865,EUR,YAHOO
IWDA.AS,2025-03-19,98.865,EUR,YAHOO
IWDA.AS,2025-03-20,99.185,EUR,YAHOO
IWDA.AS,2025-03-21,98.98,EUR,YAHOO
IWDA.AS,2025-03-24,100.685,EUR,YAHOO
IWDA.AS,2025-03-25,100.84,EUR,YAHOO
IWDA.AS,2025-03-26,100.35,EUR,YAHOO
IWDA.AS,2025-03-27,99.945,EUR,YAHOO
IWDA.AS,2025-03-28,97.825,EUR,YAHOO
IWDA.AS,2025-03-31,97.125,EUR,YAHOO
IWDA.AS,2025-04-01,98.38,EUR,YAHOO
IWDA.AS,2025-04-02,98.315,EUR,YAHOO
IWDA.AS,2025-04-03,93.52,EUR,YAHOO
IWDA.AS,2025-04-04,89.115,EUR,YAHOO
IWDA.AS,2025-04-07,86.5,EUR,YAHOO
IWDA.AS,2025-04-08,89.45,EUR,YAHOO
IWDA.AS,2025-04-09,85.325,EUR,YAHOO
IWDA.AS,2025-04-10,88.705,EUR,YAHOO
IWDA.AS,2025-04-11,87.805,EUR,YAHOO
IWDA.AS,2025-04-14,90.34,EUR,YAHOO
IWDA.AS,2025-04-15,91.23,EUR,YAHOO
IWDA.AS,2025-04-16,90.125,EUR,YAHOO
IWDA.AS,2025-04-17,89.27,EUR,YAHOO
IWDA.AS,2025-04-22,88.53,EUR,YAHOO
IWDA.AS,2025-04-23,91.255,EUR,YAHOO
IWDA.AS,2025-04-24,91.915,EUR,YAHOO
IWDA.AS,2025-04-25,92.41,EUR,YAHOO
IWDA.AS,2025-04-28,92.555,EUR,YAHOO
IWDA.AS,2025-04-29,92.99,EUR,YAHOO
IWDA.AS,2025-04-30,93.33,EUR,YAHOO
IWDA.AS,2025-05-02,95.615,EUR,YAHOO
IWDA.AS,2025-05-05,95.755,EUR,YAHOO
IWDA.AS,2025-05-06,95.29,EUR,YAHOO
IWDA.AS,2025-05-07,94.795,EUR,YAHOO
IWDA.AS,2025-05-08,96.355,EUR,YAHOO
IWDA.AS,2025-05-09,96.285,EUR,YAHOO
IWDA.AS,2025-05-12,99.45,EUR,YAHOO
IWDA.AS,2025-05-13,100.11,EUR,YAHOO
IWDA.AS,2025-05-14,99.83,EUR,YAHOO
IWDA.AS,2025-05-15,100.215,EUR,YAHOO
IWDA.AS,2025-05-16,100.945,EUR,YAHOO
IWDA.AS,2025-05-19,100.355,EUR,YAHOO
IWDA.AS,2025-05-20,100.58,EUR,YAHOO
IWDA.AS,2025-05-21,99.835,EUR,YAHOO
IWDA.AS,2025-05-22,99.035,EUR,YAHOO
IWDA.AS,2025-05-23,97.995,EUR,YAHOO
IWDA.AS,2025-05-26,98.89,EUR,YAHOO
IWDA.AS,2025-05-27,99.63,EUR,YAHOO
IWDA.AS,2025-05-28,99.76,EUR,YAHOO
IWDA.AS,2025-05-29,99.27,EUR,YAHOO
IWDA.AS,2025-05-30,99.275,EUR,YAHOO
IWDA.AS,2025-06-02,98.8,EUR,YAHOO
IWDA.AS,2025-06-03,100.06,EUR,YAHOO
IWDA.AS,2025-06-04,100.06,EUR,YAHOO
IWDA.AS,2025-06-05,100.145,EUR,YAHOO
IWDA.AS,2025-06-06,100.53,EUR,YAHOO
IWDA.AS,2025-06-09,100.46,EUR,YAHOO
IWDA.AS,2025-06-10,100.515,EUR,YAHOO
IWDA.AS,2025-06-11,100.44,EUR,YAHOO
IWDA.AS,2025-06-12,99.575,EUR,YAHOO
IWDA.AS,2025-06-13,99.245,EUR,YAHOO
IWDA.AS,2025-06-16,99.6,EUR,YAHOO
IWDA.AS,2025-06-17,99.365,EUR,YAHOO
IWDA.AS,2025-06-18,99.335,EUR,YAHOO
IWDA.AS,2025-06-19,98.55,EUR,YAHOO
IWDA.AS,2025-06-20,98.825,EUR,YAHOO
IWDA.AS,2025-06-23,98.635,EUR,YAHOO
IWDA.AS,2025-06-24,99.555,EUR,YAHOO
IWDA.AS,2025-06-25,99.455,EUR,YAHOO
IWDA.AS,2025-06-26,99.525,EUR,YAHOO
IWDA.AS,2025-06-27,100.365,EUR,YAHOO
IWDA.AS,2025-06-30,100.145,EUR,YAHOO
IWDA.AS,2025-07-01,99.995,EUR,YAHOO
IWDA.AS,2025-07-02,100.2,EUR,YAHOO
IWDA.AS,2025-07-03,101.25,EUR,YAHOO
IWDA.AS,2025-07-04,100.55,EUR,YAHOO
IWDA.AS,2025-07-07,100.855,EUR,YAHOO
IWDA.AS,2025-07-08,100.84,EUR,YAHOO
IWDA.AS,2025-07-09,101.245,EUR,YAHOO
IWDA.AS,2025-07-10,101.935,EUR,YAHOO
IWDA.AS,2025-07-11,101.295,EUR,YAHOO
IWDA.AS,2025-07-14,101.45,EUR,YAHOO
IWDA.AS,2025-07-15,102.04,EUR,YAHOO
IWDA.AS,2025-07-16,100.61,EUR,YAHOO
IWDA.AS,2025-07-17,102.535,EUR,YAHOO
IWDA.AS,2025-07-18,102.185,EUR,YAHOO
IWDA.AS,2025-07-21,102.31,EUR,YAHOO
IWDA.AS,2025-07-22,101.63,EUR,YAHOO
IWDA.AS,2025-07-23,102.485,EUR,YAHOO
IWDA.AS,2025-07-24,102.715,EUR,YAHOO
IWDA.AS,2025-07-25,102.93,EUR,YAHOO
IWDA.AS,2025-07-28,103.805,EUR,YAHOO
IWDA.AS,2025-07-29,104.235,EUR,YAHOO
IWDA.AS,2025-07-30,104.695,EUR,YAHOO
IWDA.AS,2025-07-31,104.935,EUR,YAHOO
IWDA.AS,2025-08-01,101.83,EUR,YAHOO
IWDA.AS,2025-08-04,103.045,EUR,YAHOO
IWDA.AS,2025-08-05,102.8,EUR,YAHOO
IWDA.AS,2025-08-06,103.02,EUR,YAHOO
IWDA.AS,2025-08-07,103.245,EUR,YAHOO
IWDA.AS,2025-08-08,103.535,EUR,YAHOO
IWDA.AS,2025-08-11,104.16,EUR,YAHOO
IWDA.AS,2025-08-12,104.185,EUR,YAHOO
IWDA.AS,2025-08-13,104.31,EUR,YAHOO
IWDA.AS,2025-08-14,104.86,EUR,YAHOO
IWDA.AS,2025-08-15,104.575,EUR,YAHOO
IWDA.AS,2025-08-18,104.75,EUR,YAHOO
IWDA.AS,2025-08-19,104.735,EUR,YAHOO
IWDA.AS,2025-08-20,104.15,EUR,YAHOO
IWDA.AS,2025-08-21,104.55,EUR,YAHOO
IWDA.AS,2025-08-22,105.105,EUR,YAHOO
IWDA.AS,2025-08-25,105.005,EUR,YAHOO
IWDA.AS,2025-08-26,104.79,EUR,YAHOO
IWDA.AS,2025-08-27,105.625,EUR,YAHOO
IWDA.AS,2025-08-28,105.325,EUR,YAHOO
IWDA.AS,2025-08-29,104.59,EUR,YAHOO
IWDA.AS,2025-09-01,104.83,EUR,YAHOO
IWDA.AS,2025-09-02,103.69,EUR,YAHOO
IWDA.AS,2025-09-03,104.375,EUR,YAHOO
IWDA.AS,2025-09-04,105.27,EUR,YAHOO
IWDA.AS,2025-09-05,104.525,EUR,YAHOO
IWDA.AS,2025-09-08,105.2,EUR,YAHOO
IWDA.AS,2025-09-09,105.19,EUR,YAHOO
IWDA.AS,2025-09-10,105.775,EUR,YAHOO
IWDA.AS,2025-09-11,106.445,EUR,YAHOO
IWDA.AS,2025-09-12,106.49,EUR,YAHOO
IWDA.AS,2025-09-15,106.635,EUR,YAHOO
IWDA.AS,2025-09-16,105.74,EUR,YAHOO
IWDA.AS,2025-09-17,105.655,EUR,YAHOO
IWDA.AS,2025-09-18,106.81,EUR,YAHOO
IWDA.AS,2025-09-19,106.925,EUR,YAHOO
IWDA.AS,2025-09-22,107.175,EUR,YAHOO
IWDA.AS,2025-09-23,107.245,EUR,YAHOO
IWDA.AS,2025-09-24,107.11,EUR,YAHOO
IWDA.AS,2025-09-25,106.975,EUR,YAHOO
IWDA.AS,2025-09-26,107.05,EUR,YAHOO
IWDA.AS,2025-09-29,107.37,EUR,YAHOO
IWDA.AS,2025-09-30,107.22,EUR,YAHOO
IWDA.AS,2025-10-01,108.02,EUR,YAHOO
IWDA.AS,2025-10-02,108.4,EUR,YAHOO
IWDA.AS,2025-10-03,108.865,EUR,YAHOO
IWDA.AS,2025-10-06,109.24,EUR,YAHOO
IWDA.AS,2025-10-07,109.065,EUR,YAHOO
IWDA.AS,2025-10-08,109.995,EUR,YAHOO
IWDA.AS,2025-10-09,110.035,EUR,YAHOO
IWDA.AS,2025-10-10,107.915,EUR,YAHOO
IWDA.AS,2025-10-13,108.755,EUR,YAHOO
IWDA.AS,2025-10-14,108.21,EUR,YAHOO
IWDA.AS,2025-10-15,108.93,EUR,YAHOO
IWDA.AS,2025-10-16,108.75,EUR,YAHOO
IWDA.AS,2025-10-17,107.67,EUR,YAHOO
IWDA.AS,2025-10-20,109.505,EUR,YAHOO
IWDA.AS,2025-10-21,109.945,EUR,YAHOO
IWDA.AS,2025-10-22,109.325,EUR,YAHOO
IWDA.AS,2025-10-23,109.75,EUR,YAHOO
IWDA.AS,2025-10-24,110.585,EUR,YAHOO
IWDA.AS,2025-10-27,111.36,EUR,YAHOO
IWDA.AS,2025-10-28,111.57,EUR,YAHOO
IWDA.AS,2025-10-29,111.75,EUR,YAHOO
IWDA.AS,2025-10-30,111.915,EUR,YAHOO
IWDA.AS,2025-10-31,111.785,EUR,YAHOO
IWDA.AS,2025-11-03,111.95,EUR,YAHOO
IWDA.AS,2025-11-04,111.55,EUR,YAHOO
IWDA.AS,2025-11-05,111.74,EUR,YAHOO
IWDA.AS,2025-11-06,110.22,EUR,YAHOO
IWDA.AS,2025-11-07,108.765,EUR,YAHOO
IWDA.AS,2025-11-10,110.935,EUR,YAHOO
IWDA.AS,2025-11-11,111.34,EUR,YAHOO
IWDA.AS,2025-11-12,111.96,EUR,YAHOO
IWDA.AS,2025-11-13,110.515,EUR,YAHOO
IWDA.AS,2025-11-14,110.2,EUR,YAHOO
IWDA.AS,2025-11-17,109.75,EUR,YAHOO
IWDA.AS,2025-11-18,108.285,EUR,YAHOO
IWDA.AS,2025-11-19,108.58,EUR,YAHOO
IWDA.AS,2025-11-20,109.235,EUR,YAHOO
IWDA.AS,2025-11-21,108.105,EUR,YAHOO
IWDA.AS,2025-11-24,109.535,EUR,YAHOO
IWDA.AS,2025-11-25,109.825,EUR,YAHOO
IWDA.AS,2025-11-26,111.07,EUR,YAHOO
IWDA.AS,2025-11-27,110.995,EUR,YAHOO
IWDA.AS,2025-11-28,111.4,EUR,YAHOO
IWDA.AS,2025-12-01,110.97,EUR,YAHOO
IWDA.AS,2025-12-02,110.99,EUR,YAHOO
IWDA.AS,2025-12-03,111.035,EUR,YAHOO
IWDA.AS,2025-12-04,111.28,EUR,YAHOO
IWDA.AS,2025-12-05,111.695,EUR,YAHOO
IWDA.AS,2025-12-08,111.515,EUR,YAHOO
IWDA.AS,2025-12-09,111.635,EUR,YAHOO
IWDA.AS,2025-12-10,111.385,EUR,YAHOO
IWDA.AS,2025-12-11,110.975,EUR,YAHOO
IWDA.AS,2025-12-12,110.29,EUR,YAHOO
IWDA.AS,2025-12-15,110.495,EUR,YAHOO
IWDA.AS,2025-12-16,109.73,EUR,YAHOO
IWDA.AS,2025-12-17,109.285,EUR,YAHOO
IWDA.AS,2025-12-18,110.425,EUR,YAHOO
IWDA.AS,2025-12-19,110.95,EUR,YAHOO
IWDA.AS,2025-12-22,111.165,EUR,YAHOO
IWDA.AS,2025-12-23,111.4,EUR,YAHOO
IWDA.AS,2025-12-24,111.5,EUR,YAHOO
IWDA.AS,2025-12-29,111.565,EUR,YAHOO
IWDA.AS,2025-12-30,111.8,EUR,YAHOO
IWDA.AS,2025-12-31,111.53,EUR,YAHOO
IWDA.AS,2026-01-02,111.335,EUR,YAHOO
IWDA.AS,2026-01-05,112.74,EUR,YAHOO
IWDA.AS,2026-01-06,113.12,EUR,YAHOO
IWDA.AS,2026-01-07,113.455,EUR,YAHOO
IWDA.AS,2026-01-08,113.28,EUR,YAHOO
IWDA.AS,2026-01-09,114.21,EUR,YAHOO
IWDA.AS,2026-01-12,114.155,EUR,YAHOO
IWDA.AS,2026-01-13,114.325,EUR,YAHOO
IWDA.AS,2026-01-14,113.665,EUR,YAHOO
IWDA.AS,2026-01-15,114.93,EUR,YAHOO
IWDA.AS,2026-01-16,114.775,EUR,YAHOO
IWDA.AS,2026-01-19,113.12,EUR,YAHOO
IWDA.AS,2026-01-20,112.19,EUR,YAHOO
IWDA.AS,2026-01-21,112.29,EUR,YAHOO
IWDA.AS,2026-01-22,113.005,EUR,YAHOO
IWDA.AS,2026-01-23,112.78,EUR,YAHOO
IWDA.AS,2026-01-26,112.38,EUR,YAHOO
IWDA.AS,2026-01-27,112.2,EUR,YAHOO
IWDA.AS,2026-01-28,112.32,EUR,YAHOO
IWDA.AS,2026-01-29,111.4,EUR,YAHOO
IWDA.AS,2026-01-30,112.19,EUR,YAHOO
IWDA.AS,2026-02-02,113.435,EUR,YAHOO
IWDA.AS,2026-02-03,112.94,EUR,YAHOO
IWDA.AS,2026-02-04,112.63,EUR,YAHOO
IWDA.AS,2026-02-05,111.555,EUR,YAHOO
IWDA.AS,2026-02-06,112.63,EUR,YAHOO
IWDA.AS,2026-02-09,113.23,EUR,YAHOO
IWDA.AS,2026-02-10,113.425,EUR,YAHOO
IWDA.AS,2026-02-11,113.435,EUR,YAHOO
IWDA.AS,2026-02-12,112.345,EUR,YAHOO
IWDA.AS,2026-02-13,112.275,EUR,YAHOO
IWDA.AS,2026-02-16,111.985,EUR,YAHOO
IWDA.AS,2026-02-17,112.305,EUR,YAHOO
IWDA.AS,2026-02-18,113.535,EUR,YAHOO
IWDA.AS,2026-02-19,113.385,EUR,YAHOO
IWDA.AS,2026-02-20,113.67,EUR,YAHOO
IWDA.AS,2026-02-23,112.92,EUR,YAHOO
IWDA.AS,2026-02-24,113.375,EUR,YAHOO
IWDA.AS,2026-02-25,114.25,EUR,YAHOO
IWDA.AS,2026-02-26,114.03,EUR,YAHOO
IWDA.AS,2026-02-27,113.575,EUR,YAHOO
IWDA.AS,2026-03-02,113.83,EUR,YAHOO
IWDA.AS,2026-03-03,112.645,EUR,YAHOO
IWDA.AS,2026-03-04,113.855,EUR,YAHOO
IWDA.AS,2026-03-05,113.245,EUR,YAHOO
IWDA.AS,2026-03-09,111.44,EUR,YAHOO
IWDA.AS,2026-03-10,113.01,EUR,YAHOO
IWDA.AS,2026-03-11,112.6,EUR,YAHOO
IWDA.AS,2026-03-12,112.06,EUR,YAHOO
IWDA.AS,2026-03-13,111.905,EUR,YAHOO
IWDA.AS,2026-03-16,112.15,EUR,YAHOO
IWDA.AS,2026-03-17,112.4,EUR,YAHOO
IWDA.AS,2026-03-18,111.73,EUR,YAHOO
IWDA.AS,2026-03-19,109.85,EUR,YAHOO
IWDA.AS,2026-03-20,108.77,EUR,YAHOO
IWDA.AS,2026-03-23,109.185,EUR,YAHOO
IWDA.AS,2026-03-24,109.225,EUR,YAHOO
IWDA.AS,2026-03-25,110.15,EUR,YAHOO
IWDA.AS,2026-03-26,108.99,EUR,YAHOO
IWDA.AS,2026-03-27,107.515,EUR,YAHOO
IWDA.AS,2026-03-30,108.235,EUR,YAHOO
IWDA.AS,2026-03-31,108.055,EUR,YAHOO
IWDA.AS,2026-04-01,110.34,EUR,YAHOO
IWDA.AS,2026-04-02,110.365,EUR,YAHOO
IWDA.AS,2026-04-07,109.705,EUR,YAHOO
IWDA.AS,2026-04-08,112.505,EUR,YAHOO
IWDA.AS,2026-04-09,112.675,EUR,YAHOO
IWDA.AS,2026-04-10,112.98,EUR,YAHOO
IWDA.AS,2026-04-13,112.945,EUR,YAHOO
IWDA.AS,2026-04-14,114.2,EUR,YAHOO
IWDA.AS,2026-04-15,114.635,EUR,YAHOO
IWDA.AS,2026-04-16,115.315,EUR,YAHOO
IWDA.AS,2026-04-17,116.675,EUR,YAHOO
IWDA.AS,2026-04-20,116.215,EUR,YAHOO
IWDA.AS,2026-04-21,116.1,EUR,YAHOO
IWDA.AS,2026-04-22,116.595,EUR,YAHOO
IWDA.AS,2026-04-23,116.985,EUR,YAHOO
IWDA.AS,2026-04-24,116.73,EUR,YAHOO
IWDA.AS,2026-04-27,116.605,EUR,YAHOO
IWDA.AS,2026-04-28,116.265,EUR,YAHOO
IWDA.AS,2026-04-29,116.305,EUR,YAHOO
IWDA.AS,2026-04-30,117.055,EUR,YAHOO
IWDA.AS,2026-05-04,117.36,EUR,YAHOO
IWDA.AS,2026-05-05,118.21,EUR,YAHOO
IWDA.AS,2026-05-06,119.58,EUR,YAHOO
IWDA.AS,2026-05-07,119.63,EUR,YAHOO
IWDA.AS,2026-05-08,119.51,EUR,YAHOO
IWDA.AS,2026-05-11,119.93,EUR,YAHOO
IWDA.AS,2026-05-12,119.16,EUR,YAHOO
IWDA.AS,2026-05-13,120.43,EUR,YAHOO
IWDA.AS,2026-05-14,121.99,EUR,YAHOO
IWDA.AS,2026-05-15,121.0,EUR,YAHOO
IWDA.AS,2026-05-18,120.39,EUR,YAHOO
IWDA.AS,2026-05-19,120.3,EUR,YAHOO
IWDA.AS,2026-05-20,121.38,EUR,YAHOO
IWDA.AS,2026-05-21,121.52,EUR,YAHOO
IWDA.AS,2026-05-22,122.83,EUR,YAHOO
IWDA.AS,2026-05-25,123.53,EUR,YAHOO
IWDA.AS,2026-05-26,123.11,EUR,YAHOO
IWDA.AS,2026-05-27,122.89,EUR,YAHOO
IWDA.AS,2026-05-28,123.17,EUR,YAHOO
IWDA.AS,2026-05-29,123.38,EUR,YAHOO
IWDA.AS,2026-06-01,123.73,EUR,YAHOO
IWDA.AS,2026-06-02,124.29,EUR,YAHOO
IWDA.AS,2026-06-03,123.91,EUR,YAHOO
IWDA.AS,2026-06-04,123.87,EUR,YAHOO
IWDA.AS,2026-06-05,123.33,EUR,YAHOO
IWDA.AS,2026-06-08,122.65,EUR,YAHOO
IWDA.AS,2026-06-09,120.85,EUR,YAHOO
IWDA.AS,2026-06-10,120.74,EUR,YAHOO
IWDA.AS,2026-06-11,120.89,EUR,YAHOO
IWDA.AS,2026-06-12,122.81,EUR,YAHOO
IWDA.AS,2026-06-15,124.24,EUR,YAHOO
IWDA.AS,2026-06-16,124.14,EUR,YAHOO
IWDA.AS,2026-06-17,124.21,EUR,YAHOO
IWDA.AS,2026-06-18,124.62,EUR,YAHOO
IWDA.AS,2026-06-19,124.82,EUR,YAHOO
IWDA.AS,2026-06-22,125.03,EUR,YAHOO
IWDA.AS,2026-06-23,123.99,EUR,YAHOO
IWDA.AS,2026-06-24,124.74,EUR,YAHOO
IWDA.AS,2026-06-25,124.09,EUR,YAHOO
IWDA.AS,2026-06-26,123.73,EUR,YAHOO
IWDA.AS,2026-06-29,123.87,EUR,YAHOO
IWDA.AS,2026-06-30,125.13,EUR,YAHOO
IWDA.AS,2026-07-01,125.86,EUR,YAHOO
IWDA.AS,2026-07-02,125.23,EUR,YAHOO
IWDA.AS,2026-07-03,125.74,EUR,YAHOO
IWDA.AS,2026-07-06,126.35,EUR,YAHOO
IWDA.AS,2026-07-07,125.4,EUR,YAHOO
IWDA.AS,2026-07-08,124.47,EUR,YAHOO
IWDA.AS,2026-07-09,125.72,EUR,YAHOO
IWDA.AS,2026-07-10,126.15,EUR,YAHOO
IWDA.AS,2026-07-13,126.33,EUR,YAHOO
IWDA.AS,2026-07-14,126.09,EUR,YAHOO
IWDA.AS,2026-07-15,126.29,EUR,YAHOO
IWDA.AS,2026-07-16,126.26,EUR,YAHOO
IWDA.AS,2026-07-17,124.85,EUR,YAHOO
IWDA.AS,2026-07-20,125.26,EUR,YAHOO
IWDA.AS,2026-07-21,125.75,EUR,YAHOO
IWDA.AS,2026-07-22,126.03,EUR,YAHOO
IWDA.AS,2026-07-23,124.4,EUR,YAHOO
IWDA.AS,2026-07-24,125.26,EUR,YAHOO
IWDA.AS,2026-07-27,124.75,EUR,YAHOO
IWDA.AS,2026-07-28,125.18,EUR,YAHOO
IWDA.AS,2026-07-29,124.33,EUR,YAHOO
IWDA.AS,2026-07-30,123.69,EUR,YAHOO
IWDA.AS,2026-07-31,124.23,EUR,YAHOO
IWDA.AS,2026-08-03,126.12,EUR,YAHOO
IWDA.AS,2026-08-04,127.8,EUR,YAHOO
IWDA.AS,2026-08-05,128.26,EUR,YAHOO
IWDA.AS,2026-08-06,128.12,EUR,YAHOO
IWDA.AS,2026-08-07,128.65,EUR,YAHOO
IWDA.AS,2026-08-10,128.75,EUR,YAHOO
IWDA.AS,2026-08-11,128.7,EUR,YAHOO
IWDA.AS,2026-08-12,128.8,EUR,YAHOO
IWDA.AS,2026-08-13,129.39,EUR,YAHOO
IWDA.AS,2026-08-14,128.84,EUR,YAHOO
IWDA.AS,2026-08-17,128.72,EUR,YAHOO
IWDA.AS,2026-08-18,127.42,EUR,YAHOO
IWDA.AS,2026-08-19,126.99,EUR,YAHOO
IWDA.AS,2026-08-20,126.18,EUR,YAHOO
IWDA.AS,2026-08-21,126.51,EUR,YAHOO
IWDA.AS,2026-08-24,126.23,EUR,YAHOO
IWDA.AS,2026-08-25,126.53,EUR,YAHOO
IWDA.AS,2026-08-26,126.67,EUR,YAHOO
IWDA.AS,2026-08-27,127.14,EUR,YAHOO
IWDA.AS,2026-08-28,128.22,EUR,YAHOO
IWDA.AS,2026-08-31,126.78,EUR,YAHOO
IWDA.AS,2026-09-01,126.58,EUR,YAHOO
IWDA.AS,2026-09-02,126.79,EUR,YAHOO
IWDA.AS,2026-09-03,127.88,EUR,YAHOO
IWDA.AS,2026-09-04,127.44,EUR,YAHOO
IWDA.AS,2026-09-07,127.33,EUR,YAHOO
IWDA.AS,2026-09-08,127.16,EUR,YAHOO
IWDA.AS,2026-09-09,126.05,EUR,YAHOO
IWDA.AS,2026-09-10,125.44,EUR,YAHOO
IWDA.AS,2026-09-11,126.64,EUR,YAHOO
JNJ,2023-09-14,150.3592,USD,YAHOO
JNJ,2023-09-15,148.2564,USD,YAHOO
JNJ,2023-09-18,149.193,USD,YAHOO
JNJ,2023-09-19,148.9451,USD,YAHOO
JNJ,2023-09-20,149.5971,USD,YAHOO
JNJ,2023-09-21,148.4492,USD,YAHOO
JNJ,2023-09-22,147.384,USD,YAHOO
JNJ,2023-09-25,147.1636,USD,YAHOO
JNJ,2023-09-26,146.025,USD,YAHOO
JNJ,2023-09-27,144.2711,USD,YAHOO
JNJ,2023-09-28,144.0598,USD,YAHOO
JNJ,2023-09-29,143.0222,USD,YAHOO
JNJ,2023-10-02,142.4712,USD,YAHOO
JNJ,2023-10-03,142.6457,USD,YAHOO
JNJ,2023-10-04,142.811,USD,YAHOO
JNJ,2023-10-05,144.2986,USD,YAHOO
JNJ,2023-10-06,144.7578,USD,YAHOO
JNJ,2023-10-09,145.5842,USD,YAHOO
JNJ,2023-10-10,145.4189,USD,YAHOO
JNJ,2023-10-11,143.417,USD,YAHOO
JNJ,2023-10-12,143.5548,USD,YAHOO
JNJ,2023-10-13,144.0323,USD,YAHOO
JNJ,2023-10-16,144.6567,USD,YAHOO
JNJ,2023-10-17,143.3344,USD,YAHOO
JNJ,2023-10-18,140.249,USD,YAHOO
JNJ,2023-10-19,139.8725,USD,YAHOO
JNJ,2023-10-20,140.4969,USD,YAHOO
JNJ,2023-10-23,139.0185,USD,YAHOO
JNJ,2023-10-24,138.8715,USD,YAHOO
JNJ,2023-10-25,139.1838,USD,YAHOO
JNJ,2023-10-26,136.8238,USD,YAHOO
JNJ,2023-10-27,133.7017,USD,YAHOO
JNJ,2023-10-30,135.0148,USD,YAHOO
JNJ,2023-10-31,136.2177,USD,YAHOO
JNJ,2023-11-01,136.5391,USD,YAHOO
JNJ,2023-11-02,137.9625,USD,YAHOO
JNJ,2023-11-03,138.9725,USD,YAHOO
JNJ,2023-11-06,139.3031,USD,YAHOO
JNJ,2023-11-07,138.5685,USD,YAHOO
JNJ,2023-11-08,138.0635,USD,YAHOO
JNJ,2023-11-09,135.3729,USD,YAHOO
JNJ,2023-11-10,135.2168,USD,YAHOO
JNJ,2023-11-13,135.5658,USD,YAHOO
JNJ,2023-11-14,135.5933,USD,YAHOO
JNJ,2023-11-15,136.6402,USD,YAHOO
JNJ,2023-11-16,137.8339,USD,YAHOO
JNJ,2023-11-17,137.5492,USD,YAHOO
JNJ,2023-11-20,138.7618,USD,YAHOO
JNJ,2023-11-21,139.8818,USD,YAHOO
JNJ,2023-11-22,139.6042,USD,YAHOO
JNJ,2023-11-24,141.1592,USD,YAHOO
JNJ,2023-11-27,140.0299,USD,YAHOO
JNJ,2023-11-28,140.3539,USD,YAHOO
JNJ,2023-11-29,140.7982,USD,YAHOO
JNJ,2023-11-30,143.1586,USD,YAHOO
JNJ,2023-12-01,146.602,USD,YAHOO
JNJ,2023-12-04,147.0648,USD,YAHOO
JNJ,2023-12-05,146.7593,USD,YAHOO
JNJ,2023-12-06,144.9728,USD,YAHOO
JNJ,2023-12-07,143.8435,USD,YAHOO
JNJ,2023-12-08,142.9364,USD,YAHOO
JNJ,2023-12-11,143.5288,USD,YAHOO
JNJ,2023-12-12,143.5381,USD,YAHOO
JNJ,2023-12-13,144.2045,USD,YAHOO
JNJ,2023-12-14,145.2042,USD,YAHOO
JNJ,2023-12-15,143.6214,USD,YAHOO
JNJ,2023-12-18,143.8806,USD,YAHOO
JNJ,2023-12-19,144.8247,USD,YAHOO
JNJ,2023-12-20,141.872,USD,YAHOO
JNJ,2023-12-21,143.3252,USD,YAHOO
JNJ,2023-12-22,143.8991,USD,YAHOO
JNJ,2023-12-26,144.5285,USD,YAHOO
JNJ,2023-12-27,144.7229,USD,YAHOO
JNJ,2023-12-28,144.9358,USD,YAHOO
JNJ,2023-12-29,145.0839,USD,YAHOO
JNJ,2024-01-02,148.0737,USD,YAHOO
JNJ,2024-01-03,148.9993,USD,YAHOO
JNJ,2024-01-04,148.6846,USD,YAHOO
JNJ,2024-01-05,149.1474,USD,YAHOO
JNJ,2024-01-08,149.5177,USD,YAHOO
JNJ,2024-01-09,149.6102,USD,YAHOO
JNJ,2024-01-10,149.8324,USD,YAHOO
JNJ,2024-01-11,149.166,USD,YAHOO
JNJ,2024-01-12,150.3137,USD,YAHOO
JNJ,2024-01-16,148.5828,USD,YAHOO
JNJ,2024-01-17,148.4995,USD,YAHOO
JNJ,2024-01-18,149.2215,USD,YAHOO
JNJ,2024-01-19,149.6565,USD,YAHOO
JNJ,2024-01-22,150.3878,USD,YAHOO
JNJ,2024-01-23,147.9256,USD,YAHOO
JNJ,2024-01-24,147.1388,USD,YAHOO
JNJ,2024-01-25,147.6942,USD,YAHOO
JNJ,2024-01-26,147.6387,USD,YAHOO
JNJ,2024-01-29,147.5091,USD,YAHOO
JNJ,2024-01-30,146.963,USD,YAHOO
JNJ,2024-01-31,147.0833,USD,YAHOO
JNJ,2024-02-01,146.5834,USD,YAHOO
JNJ,2024-02-02,144.9635,USD,YAHOO
JNJ,2024-02-05,144.2138,USD,YAHOO
JNJ,2024-02-06,146.3057,USD,YAHOO
JNJ,2024-02-07,146.2317,USD,YAHOO
JNJ,2024-02-08,144.7692,USD,YAHOO
JNJ,2024-02-09,145.1024,USD,YAHOO
JNJ,2024-02-12,146.1113,USD,YAHOO
JNJ,2024-02-13,144.834,USD,YAHOO
JNJ,2024-02-14,144.1583,USD,YAHOO
JNJ,2024-02-15,146.1761,USD,YAHOO
JNJ,2024-02-16,146.0083,USD,YAHOO
JNJ,2024-02-20,147.23,USD,YAHOO
JNJ,2024-02-21,147.9948,USD,YAHOO
JNJ,2024-02-22,149.6456,USD,YAHOO
JNJ,2024-02-23,150.942,USD,YAHOO
JNJ,2024-02-26,149.9628,USD,YAHOO
JNJ,2024-02-27,150.14,USD,YAHOO
JNJ,2024-02-28,150.6716,USD,YAHOO
JNJ,2024-02-29,150.513,USD,YAHOO
JNJ,2024-03-01,151.2032,USD,YAHOO
JNJ,2024-03-04,149.0767,USD,YAHOO
JNJ,2024-03-05,149.198,USD,YAHOO
JNJ,2024-03-06,148.6104,USD,YAHOO
JNJ,2024-03-07,148.172,USD,YAHOO
JNJ,2024-03-08,148.7783,USD,YAHOO
JNJ,2024-03-11,150.3731,USD,YAHOO
JNJ,2024-03-12,151.7814,USD,YAHOO
JNJ,2024-03-13,150.2519,USD,YAHOO
JNJ,2024-03-14,148.4892,USD,YAHOO
JNJ,2024-03-15,147.5285,USD,YAHOO
JNJ,2024-03-18,146.2041,USD,YAHOO
JNJ,2024-03-19,145.6912,USD,YAHOO
JNJ,2024-03-20,145.2715,USD,YAHOO
JNJ,2024-03-21,145.2621,USD,YAHOO
JNJ,2024-03-22,144.7772,USD,YAHOO
JNJ,2024-03-25,144.7678,USD,YAHOO
JNJ,2024-03-26,145.2808,USD,YAHOO
JNJ,2024-03-27,147.3233,USD,YAHOO
JNJ,2024-03-28,147.5379,USD,YAHOO
JNJ,2024-04-01,147.1554,USD,YAHOO
JNJ,2024-04-02,147.1088,USD,YAHOO
JNJ,2024-04-03,143.8725,USD,YAHOO
JNJ,2024-04-04,142.231,USD,YAHOO
JNJ,2024-04-05,142.1284,USD,YAHOO
JNJ,2024-04-08,141.3823,USD,YAHOO
JNJ,2024-04-09,142.0351,USD,YAHOO
JNJ,2024-04-10,140.0859,USD,YAHOO
JNJ,2024-04-11,138.7708,USD,YAHOO
JNJ,2024-04-12,137.5863,USD,YAHOO
JNJ,2024-04-15,137.6516,USD,YAHOO
JNJ,2024-04-16,134.7231,USD,YAHOO
JNJ,2024-04-17,135.0215,USD,YAHOO
JNJ,2024-04-18,135.9262,USD,YAHOO
JNJ,2024-04-19,137.9501,USD,YAHOO
JNJ,2024-04-22,139.0786,USD,YAHOO
JNJ,2024-04-23,139.489,USD,YAHOO
JNJ,2024-04-24,138.5283,USD,YAHOO
JNJ,2024-04-25,136.9335,USD,YAHOO
JNJ,2024-04-26,136.2993,USD,YAHOO
JNJ,2024-04-29,136.9335,USD,YAHOO
JNJ,2024-04-30,134.8536,USD,YAHOO
JNJ,2024-05-01,140.9999,USD,YAHOO
JNJ,2024-05-02,139.8247,USD,YAHOO
JNJ,2024-05-03,139.2185,USD,YAHOO
JNJ,2024-05-06,138.575,USD,YAHOO
JNJ,2024-05-07,138.7055,USD,YAHOO
JNJ,2024-05-08,138.92,USD,YAHOO
JNJ,2024-05-09,139.7594,USD,YAHOO
JNJ,2024-05-10,139.8154,USD,YAHOO
JNJ,2024-05-13,141.0372,USD,YAHOO
JNJ,2024-05-14,141.1864,USD,YAHOO
JNJ,2024-05-15,142.3895,USD,YAHOO
JNJ,2024-05-16,143.8911,USD,YAHOO
JNJ,2024-05-17,144.2269,USD,YAHOO
JNJ,2024-05-20,142.2243,USD,YAHOO
JNJ,2024-05-21,142.1961,USD,YAHOO
JNJ,2024-05-22,144.3209,USD,YAHOO
JNJ,2024-05-23,140.7481,USD,YAHOO
JNJ,2024-05-24,138.1814,USD,YAHOO
JNJ,2024-05-28,135.7463,USD,YAHOO
JNJ,2024-05-29,135.8027,USD,YAHOO
JNJ,2024-05-30,136.5924,USD,YAHOO
JNJ,2024-05-31,137.8993,USD,YAHOO
JNJ,2024-06-03,138.9053,USD,YAHOO
JNJ,2024-06-04,138.9618,USD,YAHOO
JNJ,2024-06-05,137.2412,USD,YAHOO
JNJ,2024-06-06,137.6643,USD,YAHOO
JNJ,2024-06-07,138.2848,USD,YAHOO
JNJ,2024-06-10,138.3318,USD,YAHOO
JNJ,2024-06-11,137.9839,USD,YAHOO
JNJ,2024-06-12,136.7147,USD,YAHOO
JNJ,2024-06-13,136.7523,USD,YAHOO
JNJ,2024-06-14,136.8369,USD,YAHOO
JNJ,2024-06-17,137.2224,USD,YAHOO
JNJ,2024-06-18,136.9403,USD,YAHOO
JNJ,2024-06-20,138.9429,USD,YAHOO
JNJ,2024-06-21,139.8549,USD,YAHOO
JNJ,2024-06-24,140.2028,USD,YAHOO
JNJ,2024-06-25,138.3882,USD,YAHOO
JNJ,2024-06-26,138.0404,USD,YAHOO
JNJ,2024-06-27,137.0814,USD,YAHOO
JNJ,2024-06-28,137.4198,USD,YAHOO
JNJ,2024-07-01,137.6831,USD,YAHOO
JNJ,2024-07-02,137.2976,USD,YAHOO
JNJ,2024-07-03,136.978,USD,YAHOO
JNJ,2024-07-05,137.7207,USD,YAHOO
JNJ,2024-07-08,136.7805,USD,YAHOO
JNJ,2024-07-09,138.2566,USD,YAHOO
JNJ,2024-07-10,140.4943,USD,YAHOO
JNJ,2024-07-11,140.7481,USD,YAHOO
JNJ,2024-07-12,140.9174,USD,YAHOO
JNJ,2024-07-15,140.3156,USD,YAHOO
JNJ,2024-07-16,141.9798,USD,YAHOO
JNJ,2024-07-17,147.2168,USD,YAHOO
JNJ,2024-07-18,146.1261,USD,YAHOO
JNJ,2024-07-19,145.4398,USD,YAHOO
JNJ,2024-07-22,145.0166,USD,YAHOO
JNJ,2024-07-23,143.2397,USD,YAHOO
JNJ,2024-07-24,146.9346,USD,YAHOO
JNJ,2024-07-25,150.0937,USD,YAHOO
JNJ,2024-07-26,151.034,USD,YAHOO
JNJ,2024-07-29,149.0783,USD,YAHOO
JNJ,2024-07-30,151.6827,USD,YAHOO
JNJ,2024-07-31,148.4108,USD,YAHOO
JNJ,2024-08-01,151.1468,USD,YAHOO
JNJ,2024-08-02,154.3246,USD,YAHOO
JNJ,2024-08-05,151.6075,USD,YAHOO
JNJ,2024-08-06,149.4638,USD,YAHOO
JNJ,2024-08-07,149.398,USD,YAHOO
JNJ,2024-08-08,150.6391,USD,YAHOO
JNJ,2024-08-09,151.0151,USD,YAHOO
JNJ,2024-08-12,150.3194,USD,YAHOO
JNJ,2024-08-13,148.9185,USD,YAHOO
JNJ,2024-08-14,149.0031,USD,YAHOO
JNJ,2024-08-15,149.5766,USD,YAHOO
JNJ,2024-08-16,149.8587,USD,YAHOO
JNJ,2024-08-19,150.0844,USD,YAHOO
JNJ,2024-08-20,150.5826,USD,YAHOO
JNJ,2024-08-21,151.7767,USD,YAHOO
JNJ,2024-08-22,152.6417,USD,YAHOO
JNJ,2024-08-23,154.3152,USD,YAHOO
JNJ,2024-08-26,154.7665,USD,YAHOO
JNJ,2024-08-27,154.3687,USD,YAHOO
JNJ,2024-08-28,155.2876,USD,YAHOO
JNJ,2024-08-29,155.5812,USD,YAHOO
JNJ,2024-08-30,157.1254,USD,YAHOO
JNJ,2024-09-03,158.357,USD,YAHOO
JNJ,2024-09-04,158.5464,USD,YAHOO
JNJ,2024-09-05,156.3012,USD,YAHOO
JNJ,2024-09-06,155.7234,USD,YAHOO
JNJ,2024-09-09,157.8359,USD,YAHOO
JNJ,2024-09-10,158.5654,USD,YAHOO
JNJ,2024-09-11,156.1402,USD,YAHOO
JNJ,2024-09-12,155.9697,USD,YAHOO
JNJ,2024-09-13,156.8033,USD,YAHOO
JNJ,2024-09-16,158.1959,USD,YAHOO
JNJ,2024-09-17,158.2717,USD,YAHOO
JNJ,2024-09-18,157.4001,USD,YAHOO
JNJ,2024-09-19,156.1402,USD,YAHOO
JNJ,2024-09-20,155.515,USD,YAHOO
JNJ,2024-09-23,154.6244,USD,YAHOO
JNJ,2024-09-24,154.2076,USD,YAHOO
JNJ,2024-09-25,152.1424,USD,YAHOO
JNJ,2024-09-26,152.8908,USD,YAHOO
JNJ,2024-09-27,152.9003,USD,YAHOO
JNJ,2024-09-30,153.5255,USD,YAHOO
JNJ,2024-10-01,153.4592,USD,YAHOO
JNJ,2024-10-02,152.6824,USD,YAHOO
JNJ,2024-10-03,152.0477,USD,YAHOO
JNJ,2024-10-04,151.8487,USD,YAHOO
JNJ,2024-10-07,151.1288,USD,YAHOO
JNJ,2024-10-08,151.2803,USD,YAHOO
JNJ,2024-10-09,152.1898,USD,YAHOO
JNJ,2024-10-10,152.0572,USD,YAHOO
JNJ,2024-10-11,152.9571,USD,YAHOO
JNJ,2024-10-14,153.0898,USD,YAHOO
JNJ,2024-10-15,155.4581,USD,YAHOO
JNJ,2024-10-16,155.6286,USD,YAHOO
JNJ,2024-10-17,155.8086,USD,YAHOO
JNJ,2024-10-18,156.4244,USD,YAHOO
JNJ,2024-10-21,154.255,USD,YAHOO
JNJ,2024-10-22,154.8423,USD,YAHOO
JNJ,2024-10-23,157.1254,USD,YAHOO
JNJ,2024-10-24,155.0507,USD,YAHOO
JNJ,2024-10-25,152.4077,USD,YAHOO
JNJ,2024-10-28,153.0898,USD,YAHOO
JNJ,2024-10-29,151.6593,USD,YAHOO
JNJ,2024-10-30,152.1519,USD,YAHOO
JNJ,2024-10-31,151.4414,USD,YAHOO
JNJ,2024-11-01,151.6972,USD,YAHOO
JNJ,2024-11-04,149.9067,USD,YAHOO
JNJ,2024-11-05,150.0109,USD,YAHOO
JNJ,2024-11-06,149.5656,USD,YAHOO
JNJ,2024-11-07,148.4762,USD,YAHOO
JNJ,2024-11-08,147.2826,USD,YAHOO
JNJ,2024-11-11,146.8752,USD,YAHOO
JNJ,2024-11-12,144.6016,USD,YAHOO
JNJ,2024-11-13,145.17,USD,YAHOO
JNJ,2024-11-14,143.8721,USD,YAHOO
JNJ,2024-11-15,145.89,USD,YAHOO
JNJ,2024-11-18,146.6194,USD,YAHOO
JNJ,2024-11-19,144.9426,USD,YAHOO
JNJ,2024-11-20,145.0469,USD,YAHOO
JNJ,2024-11-21,147.311,USD,YAHOO
JNJ,2024-11-22,146.9984,USD,YAHOO
JNJ,2024-11-25,147.5762,USD,YAHOO
JNJ,2024-11-26,147.5571,USD,YAHOO
JNJ,2024-11-27,148.3975,USD,YAHOO
JNJ,2024-11-29,148.0251,USD,YAHOO
JNJ,2024-12-02,147.8245,USD,YAHOO
JNJ,2024-12-03,145.4945,USD,YAHOO
JNJ,2024-12-04,143.6896,USD,YAHOO
JNJ,2024-12-05,142.7825,USD,YAHOO
JNJ,2024-12-06,142.5819,USD,YAHOO
JNJ,2024-12-09,142.8588,USD,YAHOO
JNJ,2024-12-10,142.5055,USD,YAHOO
JNJ,2024-12-11,140.0322,USD,YAHOO
JNJ,2024-12-12,139.6503,USD,YAHOO
JNJ,2024-12-13,140.0131,USD,YAHOO
JNJ,2024-12-16,137.368,USD,YAHOO
JNJ,2024-12-17,139.8126,USD,YAHOO
JNJ,2024-12-18,138.2274,USD,YAHOO
JNJ,2024-12-19,137.1101,USD,YAHOO
JNJ,2024-12-20,137.96,USD,YAHOO
JNJ,2024-12-23,138.724,USD,YAHOO
JNJ,2024-12-24,139.2778,USD,YAHOO
JNJ,2024-12-26,139.02,USD,YAHOO
JNJ,2024-12-27,138.5139,USD,YAHOO
JNJ,2024-12-30,136.881,USD,YAHOO
JNJ,2024-12-31,138.1032,USD,YAHOO
JNJ,2025-01-02,137.5303,USD,YAHOO
JNJ,2025-01-03,137.6926,USD,YAHOO
JNJ,2025-01-06,137.1865,USD,YAHOO
JNJ,2025-01-07,139.6407,USD,YAHOO
JNJ,2025-01-08,135.8592,USD,YAHOO
JNJ,2025-01-10,135.6586,USD,YAHOO
JNJ,2025-01-13,137.96,USD,YAHOO
JNJ,2025-01-14,138.2274,USD,YAHOO
JNJ,2025-01-15,138.4375,USD,YAHOO
JNJ,2025-01-16,141.1113,USD,YAHOO
JNJ,2025-01-17,140.4046,USD,YAHOO
JNJ,2025-01-21,141.4742,USD,YAHOO
JNJ,2025-01-22,138.724,USD,YAHOO
JNJ,2025-01-23,140.0322,USD,YAHOO
JNJ,2025-01-24,140.2041,USD,YAHOO
JNJ,2025-01-27,146.0006,USD,YAHOO
JNJ,2025-01-28,143.6037,USD,YAHOO
JNJ,2025-01-29,144.339,USD,YAHOO
JNJ,2025-01-30,145.9815,USD,YAHOO
JNJ,2025-01-31,145.2939,USD,YAHOO
JNJ,2025-02-03,145.0266,USD,YAHOO
JNJ,2025-02-04,146.5736,USD,YAHOO
JNJ,2025-02-05,147.7195,USD,YAHOO
JNJ,2025-02-06,146.5927,USD,YAHOO
JNJ,2025-02-07,146.2202,USD,YAHOO
JNJ,2025-02-10,147.2898,USD,YAHOO
JNJ,2025-02-11,149.0946,USD,YAHOO
JNJ,2025-02-12,148.2638,USD,YAHOO
JNJ,2025-02-13,150.1641,USD,YAHOO
JNJ,2025-02-14,149.1137,USD,YAHOO
JNJ,2025-02-18,149.1907,USD,YAHOO
JNJ,2025-02-19,151.9822,USD,YAHOO
JNJ,2025-02-20,153.7052,USD,YAHOO
JNJ,2025-02-21,156.2272,USD,YAHOO
JNJ,2025-02-24,157.6133,USD,YAHOO
JNJ,2025-02-25,159.8754,USD,YAHOO
JNJ,2025-02-26,156.978,USD,YAHOO
JNJ,2025-02-27,157.6037,USD,YAHOO
JNJ,2025-02-28,158.8454,USD,YAHOO
JNJ,2025-03-03,161.0208,USD,YAHOO
JNJ,2025-03-04,159.2305,USD,YAHOO
JNJ,2025-03-05,158.9417,USD,YAHOO
JNJ,2025-03-06,159.6251,USD,YAHOO
JNJ,2025-03-07,160.4529,USD,YAHOO
JNJ,2025-03-10,161.4251,USD,YAHOO
JNJ,2025-03-11,159.654,USD,YAHOO
JNJ,2025-03-12,156.7566,USD,YAHOO
JNJ,2025-03-13,156.8914,USD,YAHOO
JNJ,2025-03-14,156.7181,USD,YAHOO
JNJ,2025-03-17,156.747,USD,YAHOO
JNJ,2025-03-18,158.1042,USD,YAHOO
JNJ,2025-03-19,156.8914,USD,YAHOO
JNJ,2025-03-20,156.9202,USD,YAHOO
JNJ,2025-03-21,157.5074,USD,YAHOO
JNJ,2025-03-24,157.1801,USD,YAHOO
JNJ,2025-03-25,154.9951,USD,YAHOO
JNJ,2025-03-26,155.6689,USD,YAHOO
JNJ,2025-03-27,157.0261,USD,YAHOO
JNJ,2025-03-28,157.5844,USD,YAHOO
JNJ,2025-03-31,159.6347,USD,YAHOO
JNJ,2025-04-01,147.5158,USD,YAHOO
JNJ,2025-04-02,149.5469,USD,YAHOO
JNJ,2025-04-03,153.84,USD,YAHOO
JNJ,2025-04-04,147.5062,USD,YAHOO
JNJ,2025-04-07,144.9842,USD,YAHOO
JNJ,2025-04-08,144.3874,USD,YAHOO
JNJ,2025-04-09,145.3211,USD,YAHOO
JNJ,2025-04-10,143.1264,USD,YAHOO
JNJ,2025-04-11,146.0527,USD,YAHOO
JNJ,2025-04-14,148.5843,USD,YAHOO
JNJ,2025-04-15,147.8719,USD,YAHOO
JNJ,2025-04-16,148.1511,USD,YAHOO
JNJ,2025-04-17,682.1005,USD,YAHOO
JNJ,2025-04-21,151.0485,USD,YAHOO
JNJ,2025-04-22,151.8474,USD,YAHOO
JNJ,2025-04-23,149.5661,USD,YAHOO
JNJ,2025-04-24,149.1329,USD,YAHOO
JNJ,2025-04-25,148.7961,USD,YAHOO
JNJ,2025-04-28,149.5372,USD,YAHOO
JNJ,2025-04-29,150.0763,USD,YAHOO
JNJ,2025-04-30,150.4613,USD,YAHOO
JNJ,2025-05-01,148.6806,USD,YAHOO
JNJ,2025-05-02,150.2784,USD,YAHOO
JNJ,2025-05-05,149.2003,USD,YAHOO
JNJ,2025-05-06,148.6902,USD,YAHOO
JNJ,2025-05-07,151.4143,USD,YAHOO
JNJ,2025-05-08,149.8356,USD,YAHOO
JNJ,2025-05-09,148.4495,USD,YAHOO
JNJ,2025-05-12,148.3725,USD,YAHOO
JNJ,2025-05-13,142.8858,USD,YAHOO
JNJ,2025-05-14,140.8836,USD,YAHOO
JNJ,2025-05-15,144.012,USD,YAHOO
JNJ,2025-05-16,145.6676,USD,YAHOO
JNJ,2025-05-19,146.7842,USD,YAHOO
JNJ,2025-05-20,147.9105,USD,YAHOO
JNJ,2025-05-21,147.4484,USD,YAHOO
JNJ,2025-05-22,146.8998,USD,YAHOO
JNJ,2025-05-23,147.2174,USD,YAHOO
JNJ,2025-05-27,148.7804,USD,YAHOO
JNJ,2025-05-28,147.9844,USD,YAHOO
JNJ,2025-05-29,149.1008,USD,YAHOO
JNJ,2025-05-30,150.6833,USD,YAHOO
JNJ,2025-06-02,150.8677,USD,YAHOO
JNJ,2025-06-03,149.9163,USD,YAHOO
JNJ,2025-06-04,148.7513,USD,YAHOO
JNJ,2025-06-05,149.1785,USD,YAHOO
JNJ,2025-06-06,150.5085,USD,YAHOO
JNJ,2025-06-09,150.7027,USD,YAHOO
JNJ,2025-06-10,151.8871,USD,YAHOO
JNJ,2025-06-11,150.7318,USD,YAHOO
JNJ,2025-06-12,152.091,USD,YAHOO
JNJ,2025-06-13,152.5182,USD,YAHOO
JNJ,2025-06-16,150.693,USD,YAHOO
JNJ,2025-06-17,147.9358,USD,YAHOO
JNJ,2025-06-18,146.3339,USD,YAHOO
JNJ,2025-06-20,145.4214,USD,YAHOO
JNJ,2025-06-23,146.9068,USD,YAHOO
JNJ,2025-06-24,147.7514,USD,YAHOO
JNJ,2025-06-25,147.8387,USD,YAHOO
JNJ,2025-06-26,147.5766,USD,YAHOO
JNJ,2025-06-27,147.965,USD,YAHOO
JNJ,2025-06-30,148.295,USD,YAHOO
JNJ,2025-07-01,151.3726,USD,YAHOO
JNJ,2025-07-02,151.0231,USD,YAHOO
JNJ,2025-07-03,151.4599,USD,YAHOO
JNJ,2025-07-07,150.7415,USD,YAHOO
JNJ,2025-07-08,151.2464,USD,YAHOO
JNJ,2025-07-09,151.7221,USD,YAHOO
JNJ,2025-07-10,153.091,USD,YAHOO
JNJ,2025-07-11,152.324,USD,YAHOO
JNJ,2025-07-14,152.2463,USD,YAHOO
JNJ,2025-07-15,150.6445,USD,YAHOO
JNJ,2025-07-16,159.9742,USD,YAHOO
JNJ,2025-07-17,158.2267,USD,YAHOO
JNJ,2025-07-18,158.9257,USD,YAHOO
JNJ,2025-07-21,159.5664,USD,YAHOO
JNJ,2025-07-22,163.0323,USD,YAHOO
JNJ,2025-07-23,164.1682,USD,YAHOO
JNJ,2025-07-24,164.6148,USD,YAHOO
JNJ,2025-07-25,163.3915,USD,YAHOO
JNJ,2025-07-28,161.3722,USD,YAHOO
JNJ,2025-07-29,163.207,USD,YAHOO
JNJ,2025-07-30,162.3819,USD,YAHOO
JNJ,2025-07-31,159.9353,USD,YAHOO
JNJ,2025-08-01,162.4498,USD,YAHOO
JNJ,2025-08-04,166.0516,USD,YAHOO
JNJ,2025-08-05,165.7603,USD,YAHOO
JNJ,2025-08-06,165.6147,USD,YAHOO
JNJ,2025-08-07,166.5273,USD,YAHOO
JNJ,2025-08-08,168.2748,USD,YAHOO
JNJ,2025-08-11,168.7505,USD,YAHOO
JNJ,2025-08-12,167.7409,USD,YAHOO
JNJ,2025-08-13,169.333,USD,YAHOO
JNJ,2025-08-14,169.6243,USD,YAHOO
JNJ,2025-08-15,171.4883,USD,YAHOO
JNJ,2025-08-18,171.1096,USD,YAHOO
JNJ,2025-08-19,172.6145,USD,YAHOO
JNJ,2025-08-20,173.6241,USD,YAHOO
JNJ,2025-08-21,173.7115,USD,YAHOO
JNJ,2025-08-22,174.061,USD,YAHOO
JNJ,2025-08-25,173.2066,USD,YAHOO
JNJ,2025-08-26,172.6003,USD,YAHOO
JNJ,2025-08-27,172.8937,USD,YAHOO
JNJ,2025-08-28,171.5832,USD,YAHOO
JNJ,2025-08-29,173.2653,USD,YAHOO
JNJ,2025-09-02,174.1357,USD,YAHOO
JNJ,2025-09-03,174.077,USD,YAHOO
JNJ,2025-09-04,174.8203,USD,YAHOO
JNJ,2025-09-05,174.4976,USD,YAHOO
JNJ,2025-09-08,174.2042,USD,YAHOO
JNJ,2025-09-09,173.06,USD,YAHOO
JNJ,2025-09-10,171.9158,USD,YAHOO
JNJ,2025-09-11,174.566,USD,YAHOO
JNJ,2025-09-12,174.1357,USD,YAHOO
JNJ,2025-09-15,173.4902,USD,YAHOO
JNJ,2025-09-16,172.571,USD,YAHOO
JNJ,2025-09-17,173.2947,USD,YAHOO
JNJ,2025-09-18,170.3217,USD,YAHOO
JNJ,2025-09-19,172.307,USD,YAHOO
JNJ,2025-09-22,170.3706,USD,YAHOO
JNJ,2025-09-23,172.6883,USD,YAHOO
JNJ,2025-09-24,172.7959,USD,YAHOO
JNJ,2025-09-25,173.813,USD,YAHOO
JNJ,2025-09-26,175.7494,USD,YAHOO
JNJ,2025-09-29,177.6173,USD,YAHOO
JNJ,2025-09-30,181.3335,USD,YAHOO
JNJ,2025-10-01,181.9496,USD,YAHOO
JNJ,2025-10-02,181.8812,USD,YAHOO
JNJ,2025-10-03,184.4825,USD,YAHOO
JNJ,2025-10-06,184.0131,USD,YAHOO
JNJ,2025-10-07,184.7271,USD,YAHOO
JNJ,2025-10-08,185.5094,USD,YAHOO
JNJ,2025-10-09,186.8688,USD,YAHOO
JNJ,2025-10-10,186.5167,USD,YAHOO
JNJ,2025-10-13,186.6927,USD,YAHOO
JNJ,2025-10-14,186.6438,USD,YAHOO
JNJ,2025-10-15,186.9568,USD,YAHOO
JNJ,2025-10-16,187.8858,USD,YAHOO
JNJ,2025-10-17,188.9616,USD,YAHOO
JNJ,2025-10-20,189.4506,USD,YAHOO
JNJ,2025-10-21,187.6512,USD,YAHOO
JNJ,2025-10-22,188.6878,USD,YAHOO
JNJ,2025-10-23,188.2281,USD,YAHOO
JNJ,2025-10-24,186.2038,USD,YAHOO
JNJ,2025-10-27,186.106,USD,YAHOO
JNJ,2025-10-28,182.8102,USD,YAHOO
JNJ,2025-10-29,182.4875,USD,YAHOO
JNJ,2025-10-30,184.8835,USD,YAHOO
JNJ,2025-10-31,184.7075,USD,YAHOO
JNJ,2025-11-03,182.155,USD,YAHOO
JNJ,2025-11-04,182.7418,USD,YAHOO
JNJ,2025-11-05,181.9007,USD,YAHOO
JNJ,2025-11-06,182.8493,USD,YAHOO
JNJ,2025-11-07,182.4582,USD,YAHOO
JNJ,2025-11-10,184.2576,USD,YAHOO
JNJ,2025-11-11,189.5582,USD,YAHOO
JNJ,2025-11-12,190.1058,USD,YAHOO
JNJ,2025-11-13,190.9469,USD,YAHOO
JNJ,2025-11-14,191.6119,USD,YAHOO
JNJ,2025-11-17,195.1815,USD,YAHOO
JNJ,2025-11-18,195.5922,USD,YAHOO
JNJ,2025-11-19,198.0469,USD,YAHOO
JNJ,2025-11-20,198.5945,USD,YAHOO
JNJ,2025-11-21,199.4062,USD,YAHOO
JNJ,2025-11-24,201.5089,USD,YAHOO
JNJ,2025-11-25,203.3985,USD,YAHOO
JNJ,2025-11-26,204.2744,USD,YAHOO
JNJ,2025-11-28,203.6445,USD,YAHOO
JNJ,2025-12-01,202.0895,USD,YAHOO
JNJ,2025-12-02,202.1682,USD,YAHOO
JNJ,2025-12-03,202.0797,USD,YAHOO
JNJ,2025-12-04,199.2748,USD,YAHOO
JNJ,2025-12-05,198.7335,USD,YAHOO
JNJ,2025-12-08,198.4284,USD,YAHOO
JNJ,2025-12-09,196.7947,USD,YAHOO
JNJ,2025-12-10,203.2705,USD,YAHOO
JNJ,2025-12-11,206.6856,USD,YAHOO
JNJ,2025-12-12,208.2307,USD,YAHOO
JNJ,2025-12-15,210.7797,USD,YAHOO
JNJ,2025-12-16,205.9868,USD,YAHOO
JNJ,2025-12-17,207.0005,USD,YAHOO
JNJ,2025-12-18,205.0125,USD,YAHOO
JNJ,2025-12-19,203.1032,USD,YAHOO
JNJ,2025-12-22,204.0382,USD,YAHOO
JNJ,2025-12-23,202.5225,USD,YAHOO
JNJ,2025-12-24,204.4909,USD,YAHOO
JNJ,2025-12-26,204.3432,USD,YAHOO
JNJ,2025-12-29,204.2744,USD,YAHOO
JNJ,2025-12-30,203.6347,USD,YAHOO
JNJ,2025-12-31,203.674,USD,YAHOO
JNJ,2026-01-02,204.0677,USD,YAHOO
JNJ,2026-01-05,201.0758,USD,YAHOO
JNJ,2026-01-06,201.5482,USD,YAHOO
JNJ,2026-01-07,204.2055,USD,YAHOO
JNJ,2026-01-08,202.493,USD,YAHOO
JNJ,2026-01-09,201.1545,USD,YAHOO
JNJ,2026-01-12,206.4002,USD,YAHOO
JNJ,2026-01-13,210.2679,USD,YAHOO
JNJ,2026-01-14,215.0904,USD,YAHOO
JNJ,2026-01-15,216.0943,USD,YAHOO
JNJ,2026-01-16,215.1987,USD,YAHOO
JNJ,2026-01-20,214.7558,USD,YAHOO
JNJ,2026-01-21,214.5589,USD,YAHOO
JNJ,2026-01-22,215.0314,USD,YAHOO
JNJ,2026-01-23,216.6552,USD,YAHOO
JNJ,2026-01-26,217.9839,USD,YAHOO
JNJ,2026-01-27,220.8872,USD,YAHOO
JNJ,2026-01-28,224.1152,USD,YAHOO
JNJ,2026-01-29,223.692,USD,YAHOO
JNJ,2026-01-30,223.6527,USD,YAHOO
JNJ,2026-02-02,227.0973,USD,YAHOO
JNJ,2026-02-03,229.4101,USD,YAHOO
JNJ,2026-02-04,230.7584,USD,YAHOO
JNJ,2026-02-05,234.0258,USD,YAHOO
JNJ,2026-02-06,236.191,USD,YAHOO
JNJ,2026-02-09,234.8624,USD,YAHOO
JNJ,2026-02-10,234.577,USD,YAHOO
JNJ,2026-02-11,237.0472,USD,YAHOO
JNJ,2026-02-12,240.6788,USD,YAHOO
JNJ,2026-02-13,239.5962,USD,YAHOO
JNJ,2026-02-17,239.4781,USD,YAHOO
JNJ,2026-02-18,241.1119,USD,YAHOO
JNJ,2026-02-19,243.0015,USD,YAHOO
JNJ,2026-02-20,238.6514,USD,YAHOO
JNJ,2026-02-23,241.9484,USD,YAHOO
JNJ,2026-02-24,243.67,USD,YAHOO
JNJ,2026-02-25,242.5717,USD,YAHOO
JNJ,2026-02-26,240.8897,USD,YAHOO
JNJ,2026-02-27,245.7972,USD,YAHOO
JNJ,2026-03-02,245.9258,USD,YAHOO
JNJ,2026-03-03,244.135,USD,YAHOO
JNJ,2026-03-04,242.7003,USD,YAHOO
JNJ,2026-03-05,237.0904,USD,YAHOO
JNJ,2026-03-06,237.8523,USD,YAHOO
JNJ,2026-03-09,240.0191,USD,YAHOO
JNJ,2026-03-10,241.1272,USD,YAHOO
JNJ,2026-03-11,240.4148,USD,YAHOO
JNJ,2026-03-12,239.4749,USD,YAHOO
JNJ,2026-03-13,238.9604,USD,YAHOO
JNJ,2026-03-16,240.6127,USD,YAHOO
JNJ,2026-03-17,235.5865,USD,YAHOO
JNJ,2026-03-18,234.7654,USD,YAHOO
JNJ,2026-03-19,235.082,USD,YAHOO
JNJ,2026-03-20,232.8756,USD,YAHOO
JNJ,2026-03-23,232.925,USD,YAHOO
JNJ,2026-03-24,232.7766,USD,YAHOO
JNJ,2026-03-25,237.3873,USD,YAHOO
JNJ,2026-03-26,236.7046,USD,YAHOO
JNJ,2026-03-27,237.9017,USD,YAHOO
JNJ,2026-03-30,239.9201,USD,YAHOO
JNJ,2026-03-31,241.8495,USD,YAHOO
JNJ,2026-04-01,241.5329,USD,YAHOO
JNJ,2026-04-02,240.4643,USD,YAHOO
JNJ,2026-04-06,238.4162,USD,YAHOO
JNJ,2026-04-07,235.8834,USD,YAHOO
JNJ,2026-04-08,238.7428,USD,YAHOO
JNJ,2026-04-09,238.7526,USD,YAHOO
JNJ,2026-04-10,235.9328,USD,YAHOO
JNJ,2026-04-13,235.4381,USD,YAHOO
JNJ,2026-04-14,237.5555,USD,YAHOO
JNJ,2026-04-15,236.1406,USD,YAHOO
JNJ,2026-04-16,232.0544,USD,YAHOO
JNJ,2026-04-17,231.6982,USD,YAHOO
JNJ,2026-04-20,228.2452,USD,YAHOO
JNJ,2026-04-21,223.7632,USD,YAHOO
JNJ,2026-04-22,223.7038,USD,YAHOO
JNJ,2026-04-23,228.2056,USD,YAHOO
JNJ,2026-04-24,225.089,USD,YAHOO
JNJ,2026-04-27,222.9519,USD,YAHOO
JNJ,2026-04-28,225.3759,USD,YAHOO
JNJ,2026-04-29,224.9406,USD,YAHOO
JNJ,2026-04-30,227.4141,USD,YAHOO
JNJ,2026-05-01,224.7823,USD,YAHOO
JNJ,2026-05-04,221.824,USD,YAHOO
JNJ,2026-05-05,223.1597,USD,YAHOO
JNJ,2026-05-06,222.2395,USD,YAHOO
JNJ,2026-05-07,220.1519,USD,YAHOO
JNJ,2026-05-08,218.9745,USD,YAHOO
JNJ,2026-05-11,219.0833,USD,YAHOO
JNJ,2026-05-12,221.8833,USD,YAHOO
JNJ,2026-05-13,227.978,USD,YAHOO
JNJ,2026-05-14,228.354,USD,YAHOO
JNJ,2026-05-15,224.3074,USD,YAHOO
JNJ,2026-05-18,226.4939,USD,YAHOO
JNJ,2026-05-19,227.5625,USD,YAHOO
JNJ,2026-05-20,226.8897,USD,YAHOO
JNJ,2026-05-21,229.2742,USD,YAHOO
JNJ,2026-05-22,231.8565,USD,YAHOO
JNJ,2026-05-26,229.0503,USD,YAHOO
JNJ,2026-05-27,230.1549,USD,YAHOO
JNJ,2026-05-28,229.6673,USD,YAHOO
JNJ,2026-05-29,224.2241,USD,YAHOO
JNJ,2026-06-01,222.4131,USD,YAHOO
JNJ,2026-06-02,221.7961,USD,YAHOO
JNJ,2026-06-03,222.1444,USD,YAHOO
JNJ,2026-06-04,227.0502,USD,YAHOO
JNJ,2026-06-05,231.6276,USD,YAHOO
JNJ,2026-06-08,231.0206,USD,YAHOO
JNJ,2026-06-09,235.8369,USD,YAHOO
JNJ,2026-06-10,237.3196,USD,YAHOO
JNJ,2026-06-11,237.1603,USD,YAHOO
JNJ,2026-06-12,239.6879,USD,YAHOO
JNJ,2026-06-15,234.5034,USD,YAHOO
JNJ,2026-06-16,234.0258,USD,YAHOO
JNJ,2026-06-17,233.0506,USD,YAHOO
JNJ,2026-06-18,227.2691,USD,YAHOO
JNJ,2026-06-22,230.1549,USD,YAHOO
JNJ,2026-06-23,237.9067,USD,YAHOO
JNJ,2026-06-24,239.8172,USD,YAHOO
JNJ,2026-06-25,243.6782,USD,YAHOO
JNJ,2026-06-26,253.4102,USD,YAHOO
JNJ,2026-06-29,257.2413,USD,YAHOO
JNJ,2026-06-30,252.7236,USD,YAHOO
JNJ,2026-07-01,252.7335,USD,YAHOO
JNJ,2026-07-02,261.7491,USD,YAHOO
JNJ,2026-07-06,258.0573,USD,YAHOO
JNJ,2026-07-07,265.9284,USD,YAHOO
JNJ,2026-07-08,262.1073,USD,YAHOO
JNJ,2026-07-09,257.8284,USD,YAHOO
JNJ,2026-07-10,255.7188,USD,YAHOO
JNJ,2026-07-13,256.5049,USD,YAHOO
JNJ,2026-07-14,252.6042,USD,YAHOO
JNJ,2026-07-15,245.8077,USD,YAHOO
JNJ,2026-07-16,248.7432,USD,YAHOO
JNJ,2026-07-17,251.7981,USD,YAHOO
JNJ,2026-07-20,247.5989,USD,YAHOO
JNJ,2026-07-21,249.3801,USD,YAHOO
JNJ,2026-07-22,254.3754,USD,YAHOO
JNJ,2026-07-23,257.9976,USD,YAHOO
JNJ,2026-07-24,262.1073,USD,YAHOO
JNJ,2026-07-27,264.6448,USD,YAHOO
JNJ,2026-07-28,265.421,USD,YAHOO
JNJ,2026-07-29,264.2268,USD,YAHOO
JNJ,2026-07-30,254.5645,USD,YAHOO
JNJ,2026-07-31,255.0919,USD,YAHOO
JNJ,2026-08-03,253.1614,USD,YAHOO
JNJ,2026-08-04,253.6789,USD,YAHOO
JNJ,2026-08-05,256.3258,USD,YAHOO
JNJ,2026-08-06,255.7188,USD,YAHOO
JNJ,2026-08-07,257.9677,USD,YAHOO
JNJ,2026-08-10,260.5251,USD,YAHOO
JNJ,2026-08-11,258.525,USD,YAHOO
JNJ,2026-08-12,259.5797,USD,YAHOO
JNJ,2026-08-13,260.7938,USD,YAHOO
JNJ,2026-08-14,259.0723,USD,YAHOO
JNJ,2026-08-17,261.0824,USD,YAHOO
JNJ,2026-08-18,269.7794,USD,YAHOO
JNJ,2026-08-19,272.0682,USD,YAHOO
JNJ,2026-08-20,266.0578,USD,YAHOO
JNJ,2026-08-21,268.9137,USD,YAHOO
JNJ,2026-08-24,271.7,USD,YAHOO
JNJ,2026-08-25,273.14,USD,YAHOO
JNJ,2026-08-26,270.0,USD,YAHOO
JNJ,2026-08-27,265.77,USD,YAHOO
JNJ,2026-08-28,268.04,USD,YAHOO
JNJ,2026-08-31,265.85,USD,YAHOO
JNJ,2026-09-01,271.19,USD,YAHOO
JNJ,2026-09-02,275.21,USD,YAHOO
JNJ,2026-09-03,278.43,USD,YAHOO
JNJ,2026-09-04,275.23,USD,YAHOO
JNJ,2026-09-08,269.12,USD,YAHOO
JNJ,2026-09-09,267.08,USD,YAHOO
JNJ,2026-09-10,266.35,USD,YAHOO
JNJ,2026-09-11,265.58,USD,YAHOO
JPM,2023-09-14,139.7177,USD,YAHOO
JPM,2023-09-15,139.3058,USD,YAHOO
JPM,2023-09-18,139.596,USD,YAHOO
JPM,2023-09-19,139.4182,USD,YAHOO
JPM,2023-09-20,138.8284,USD,YAHOO
JPM,2023-09-21,137.7425,USD,YAHOO
JPM,2023-09-22,136.4225,USD,YAHOO
JPM,2023-09-25,137.0966,USD,YAHOO
JPM,2023-09-26,135.6736,USD,YAHOO
JPM,2023-09-27,136.4694,USD,YAHOO
JPM,2023-09-28,138.1637,USD,YAHOO
JPM,2023-09-29,135.7579,USD,YAHOO
JPM,2023-10-02,134.5877,USD,YAHOO
JPM,2023-10-03,133.5955,USD,YAHOO
JPM,2023-10-04,134.1946,USD,YAHOO
JPM,2023-10-05,134.7604,USD,YAHOO
JPM,2023-10-06,136.8351,USD,YAHOO
JPM,2023-10-09,136.5238,USD,YAHOO
JPM,2023-10-10,137.3537,USD,YAHOO
JPM,2023-10-11,137.8253,USD,YAHOO
JPM,2023-10-12,137.5046,USD,YAHOO
JPM,2023-10-13,139.5699,USD,YAHOO
JPM,2023-10-16,139.4285,USD,YAHOO
JPM,2023-10-17,139.1267,USD,YAHOO
JPM,2023-10-18,137.5989,USD,YAHOO
JPM,2023-10-19,137.0143,USD,YAHOO
JPM,2023-10-20,134.8075,USD,YAHOO
JPM,2023-10-23,132.9686,USD,YAHOO
JPM,2023-10-24,133.1289,USD,YAHOO
JPM,2023-10-25,132.4028,USD,YAHOO
JPM,2023-10-26,132.7423,USD,YAHOO
JPM,2023-10-27,127.9611,USD,YAHOO
JPM,2023-10-30,129.5925,USD,YAHOO
JPM,2023-10-31,131.1391,USD,YAHOO
JPM,2023-11-01,131.026,USD,YAHOO
JPM,2023-11-02,133.3647,USD,YAHOO
JPM,2023-11-03,134.8547,USD,YAHOO
JPM,2023-11-06,135.8732,USD,YAHOO
JPM,2023-11-07,135.8072,USD,YAHOO
JPM,2023-11-08,136.4767,USD,YAHOO
JPM,2023-11-09,136.0712,USD,YAHOO
JPM,2023-11-10,138.0893,USD,YAHOO
JPM,2023-11-13,137.4763,USD,YAHOO
JPM,2023-11-14,139.9848,USD,YAHOO
JPM,2023-11-15,141.2108,USD,YAHOO
JPM,2023-11-16,142.8234,USD,YAHOO
JPM,2023-11-17,144.1153,USD,YAHOO
JPM,2023-11-20,144.5585,USD,YAHOO
JPM,2023-11-21,144.2568,USD,YAHOO
JPM,2023-11-22,144.5963,USD,YAHOO
JPM,2023-11-24,144.7943,USD,YAHOO
JPM,2023-11-27,144.4642,USD,YAHOO
JPM,2023-11-28,144.7943,USD,YAHOO
JPM,2023-11-29,145.5299,USD,YAHOO
JPM,2023-11-30,147.1897,USD,YAHOO
JPM,2023-12-01,147.9064,USD,YAHOO
JPM,2023-12-04,148.9909,USD,YAHOO
JPM,2023-12-05,148.972,USD,YAHOO
JPM,2023-12-06,147.4066,USD,YAHOO
JPM,2023-12-07,147.8592,USD,YAHOO
JPM,2023-12-08,149.4907,USD,YAHOO
JPM,2023-12-11,150.0376,USD,YAHOO
JPM,2023-12-12,151.3767,USD,YAHOO
JPM,2023-12-13,151.886,USD,YAHOO
JPM,2023-12-14,154.6491,USD,YAHOO
JPM,2023-12-15,155.8185,USD,YAHOO
JPM,2023-12-18,156.7615,USD,YAHOO
JPM,2023-12-19,158.855,USD,YAHOO
JPM,2023-12-20,157.0633,USD,YAHOO
JPM,2023-12-21,157.9592,USD,YAHOO
JPM,2023-12-22,157.8649,USD,YAHOO
JPM,2023-12-26,158.7985,USD,YAHOO
JPM,2023-12-27,159.7509,USD,YAHOO
JPM,2023-12-28,160.5997,USD,YAHOO
JPM,2023-12-29,160.4111,USD,YAHOO
JPM,2024-01-02,162.2783,USD,YAHOO
JPM,2024-01-03,161.571,USD,YAHOO
JPM,2024-01-04,162.6432,USD,YAHOO
JPM,2024-01-05,163.4592,USD,YAHOO
JPM,2024-01-08,163.222,USD,YAHOO
JPM,2024-01-09,161.9316,USD,YAHOO
JPM,2024-01-10,162.2732,USD,YAHOO
JPM,2024-01-11,161.59,USD,YAHOO
JPM,2024-01-12,160.4039,USD,YAHOO
JPM,2024-01-16,159.3981,USD,YAHOO
JPM,2024-01-17,158.5441,USD,YAHOO
JPM,2024-01-18,158.8573,USD,YAHOO
JPM,2024-01-19,161.5995,USD,YAHOO
JPM,2024-01-22,161.4097,USD,YAHOO
JPM,2024-01-23,160.347,USD,YAHOO
JPM,2024-01-24,161.7798,USD,YAHOO
JPM,2024-01-25,164.095,USD,YAHOO
JPM,2024-01-26,163.4687,USD,YAHOO
JPM,2024-01-29,163.8957,USD,YAHOO
JPM,2024-01-30,167.2547,USD,YAHOO
JPM,2024-01-31,165.4423,USD,YAHOO
JPM,2024-02-01,164.8446,USD,YAHOO
JPM,2024-02-02,165.7934,USD,YAHOO
JPM,2024-02-05,165.5752,USD,YAHOO
JPM,2024-02-06,166.1445,USD,YAHOO
JPM,2024-02-07,166.4576,USD,YAHOO
JPM,2024-02-08,165.8598,USD,YAHOO
JPM,2024-02-09,166.0591,USD,YAHOO
JPM,2024-02-12,166.7992,USD,YAHOO
JPM,2024-02-13,165.3474,USD,YAHOO
JPM,2024-02-14,167.0269,USD,YAHOO
JPM,2024-02-15,170.6705,USD,YAHOO
JPM,2024-02-16,169.8735,USD,YAHOO
JPM,2024-02-20,170.5377,USD,YAHOO
JPM,2024-02-21,171.6478,USD,YAHOO
JPM,2024-02-22,173.7069,USD,YAHOO
JPM,2024-02-23,174.5798,USD,YAHOO
JPM,2024-02-26,173.982,USD,YAHOO
JPM,2024-02-27,174.0674,USD,YAHOO
JPM,2024-02-28,174.9499,USD,YAHOO
JPM,2024-02-29,176.5439,USD,YAHOO
JPM,2024-03-01,175.8133,USD,YAHOO
JPM,2024-03-04,177.1322,USD,YAHOO
JPM,2024-03-05,178.9066,USD,YAHOO
JPM,2024-03-06,179.8364,USD,YAHOO
JPM,2024-03-07,178.2614,USD,YAHOO
JPM,2024-03-08,178.5935,USD,YAHOO
JPM,2024-03-11,178.6599,USD,YAHOO
JPM,2024-03-12,180.1306,USD,YAHOO
JPM,2024-03-13,181.5919,USD,YAHOO
JPM,2024-03-14,178.3562,USD,YAHOO
JPM,2024-03-15,180.5671,USD,YAHOO
JPM,2024-03-18,182.8064,USD,YAHOO
JPM,2024-03-19,183.8786,USD,YAHOO
JPM,2024-03-20,186.2887,USD,YAHOO
JPM,2024-03-21,188.879,USD,YAHOO
JPM,2024-03-22,186.5638,USD,YAHOO
JPM,2024-03-25,184.8559,USD,YAHOO
JPM,2024-03-26,185.7194,USD,YAHOO
JPM,2024-03-27,189.3155,USD,YAHOO
JPM,2024-03-28,190.0556,USD,YAHOO
JPM,2024-04-01,188.7652,USD,YAHOO
JPM,2024-04-02,188.6893,USD,YAHOO
JPM,2024-04-03,188.1579,USD,YAHOO
JPM,2024-04-04,186.7263,USD,YAHOO
JPM,2024-04-05,188.4442,USD,YAHOO
JPM,2024-04-08,189.4273,USD,YAHOO
JPM,2024-04-09,188.1579,USD,YAHOO
JPM,2024-04-10,186.5545,USD,YAHOO
JPM,2024-04-11,186.5164,USD,YAHOO
JPM,2024-04-12,174.4529,USD,YAHOO
JPM,2024-04-15,174.5483,USD,YAHOO
JPM,2024-04-16,172.5536,USD,YAHOO
JPM,2024-04-17,171.8665,USD,YAHOO
JPM,2024-04-18,172.9831,USD,YAHOO
JPM,2024-04-19,177.3256,USD,YAHOO
JPM,2024-04-22,180.7709,USD,YAHOO
JPM,2024-04-23,183.3764,USD,YAHOO
JPM,2024-04-24,184.2735,USD,YAHOO
JPM,2024-04-25,184.5503,USD,YAHOO
JPM,2024-04-26,184.6649,USD,YAHOO
JPM,2024-04-29,184.4644,USD,YAHOO
JPM,2024-04-30,182.9947,USD,YAHOO
JPM,2024-05-01,183.1092,USD,YAHOO
JPM,2024-05-02,182.9183,USD,YAHOO
JPM,2024-05-03,181.8208,USD,YAHOO
JPM,2024-05-06,183.2428,USD,YAHOO
JPM,2024-05-07,183.0042,USD,YAHOO
JPM,2024-05-08,186.7263,USD,YAHOO
JPM,2024-05-09,188.492,USD,YAHOO
JPM,2024-05-10,189.704,USD,YAHOO
JPM,2024-05-13,189.6659,USD,YAHOO
JPM,2024-05-14,192.3191,USD,YAHOO
JPM,2024-05-15,192.8917,USD,YAHOO
JPM,2024-05-16,193.2352,USD,YAHOO
JPM,2024-05-17,195.4494,USD,YAHOO
JPM,2024-05-20,186.6595,USD,YAHOO
JPM,2024-05-21,190.4198,USD,YAHOO
JPM,2024-05-22,189.265,USD,YAHOO
JPM,2024-05-23,187.9384,USD,YAHOO
JPM,2024-05-24,191.5556,USD,YAHOO
JPM,2024-05-28,190.4007,USD,YAHOO
JPM,2024-05-29,189.0741,USD,YAHOO
JPM,2024-05-30,190.2385,USD,YAHOO
JPM,2024-05-31,193.388,USD,YAHOO
JPM,2024-06-03,192.6149,USD,YAHOO
JPM,2024-06-04,190.0762,USD,YAHOO
JPM,2024-06-05,188.2629,USD,YAHOO
JPM,2024-06-06,187.9288,USD,YAHOO
JPM,2024-06-07,190.8302,USD,YAHOO
JPM,2024-06-10,190.5057,USD,YAHOO
JPM,2024-06-11,185.4952,USD,YAHOO
JPM,2024-06-12,182.7943,USD,YAHOO
JPM,2024-06-13,184.8271,USD,YAHOO
JPM,2024-06-14,184.9416,USD,YAHOO
JPM,2024-06-17,186.0869,USD,YAHOO
JPM,2024-06-18,188.0148,USD,YAHOO
JPM,2024-06-20,189.6086,USD,YAHOO
JPM,2024-06-21,187.3467,USD,YAHOO
JPM,2024-06-24,189.809,USD,YAHOO
JPM,2024-06-25,189.036,USD,YAHOO
JPM,2024-06-26,188.4251,USD,YAHOO
JPM,2024-06-27,190.0858,USD,YAHOO
JPM,2024-06-28,193.0349,USD,YAHOO
JPM,2024-07-01,196.0794,USD,YAHOO
JPM,2024-07-02,199.3052,USD,YAHOO
JPM,2024-07-03,199.1716,USD,YAHOO
JPM,2024-07-05,196.5325,USD,YAHOO
JPM,2024-07-08,196.8971,USD,YAHOO
JPM,2024-07-09,199.2579,USD,YAHOO
JPM,2024-07-10,199.4211,USD,YAHOO
JPM,2024-07-11,199.0852,USD,YAHOO
JPM,2024-07-12,196.6764,USD,YAHOO
JPM,2024-07-15,201.5804,USD,YAHOO
JPM,2024-07-16,205.0064,USD,YAHOO
JPM,2024-07-17,208.1254,USD,YAHOO
JPM,2024-07-18,201.5132,USD,YAHOO
JPM,2024-07-19,201.3213,USD,YAHOO
JPM,2024-07-22,201.8011,USD,YAHOO
JPM,2024-07-23,201.8491,USD,YAHOO
JPM,2024-07-24,200.1792,USD,YAHOO
JPM,2024-07-25,200.256,USD,YAHOO
JPM,2024-07-26,203.6821,USD,YAHOO
JPM,2024-07-29,202.3481,USD,YAHOO
JPM,2024-07-30,206.5131,USD,YAHOO
JPM,2024-07-31,204.2195,USD,YAHOO
JPM,2024-08-01,199.5747,USD,YAHOO
JPM,2024-08-02,191.1103,USD,YAHOO
JPM,2024-08-05,187.0412,USD,YAHOO
JPM,2024-08-06,192.2619,USD,YAHOO
JPM,2024-08-07,192.3195,USD,YAHOO
JPM,2024-08-08,195.8319,USD,YAHOO
JPM,2024-08-09,197.5018,USD,YAHOO
JPM,2024-08-12,197.876,USD,YAHOO
JPM,2024-08-13,199.5555,USD,YAHOO
JPM,2024-08-14,201.7627,USD,YAHOO
JPM,2024-08-15,203.0199,USD,YAHOO
JPM,2024-08-16,205.3423,USD,YAHOO
JPM,2024-08-19,206.7626,USD,YAHOO
JPM,2024-08-20,205.8701,USD,YAHOO
JPM,2024-08-21,205.9469,USD,YAHOO
JPM,2024-08-22,207.8951,USD,YAHOO
JPM,2024-08-23,209.5073,USD,YAHOO
JPM,2024-08-26,210.3326,USD,YAHOO
JPM,2024-08-27,211.3019,USD,YAHOO
JPM,2024-08-28,212.3672,USD,YAHOO
JPM,2024-08-29,213.2501,USD,YAHOO
JPM,2024-08-30,215.7356,USD,YAHOO
JPM,2024-09-03,211.4171,USD,YAHOO
JPM,2024-09-04,210.4862,USD,YAHOO
JPM,2024-09-05,208.8548,USD,YAHOO
JPM,2024-09-06,203.8932,USD,YAHOO
JPM,2024-09-09,208.0678,USD,YAHOO
JPM,2024-09-10,197.2714,USD,YAHOO
JPM,2024-09-11,198.8741,USD,YAHOO
JPM,2024-09-12,198.2695,USD,YAHOO
JPM,2024-09-13,196.0814,USD,YAHOO
JPM,2024-09-16,199.4787,USD,YAHOO
JPM,2024-09-17,200.8126,USD,YAHOO
JPM,2024-09-18,199.162,USD,YAHOO
JPM,2024-09-19,201.993,USD,YAHOO
JPM,2024-09-20,202.5784,USD,YAHOO
JPM,2024-09-23,202.9143,USD,YAHOO
JPM,2024-09-24,203.0583,USD,YAHOO
JPM,2024-09-25,201.7147,USD,YAHOO
JPM,2024-09-26,201.3213,USD,YAHOO
JPM,2024-09-27,202.0122,USD,YAHOO
JPM,2024-09-30,202.3577,USD,YAHOO
JPM,2024-10-01,198.6917,USD,YAHOO
JPM,2024-10-02,198.9317,USD,YAHOO
JPM,2024-10-03,196.9547,USD,YAHOO
JPM,2024-10-04,203.9454,USD,YAHOO
JPM,2024-10-07,203.6653,USD,YAHOO
JPM,2024-10-08,203.4915,USD,YAHOO
JPM,2024-10-09,206.0696,USD,YAHOO
JPM,2024-10-10,205.5096,USD,YAHOO
JPM,2024-10-11,214.6341,USD,YAHOO
JPM,2024-10-14,213.852,USD,YAHOO
JPM,2024-10-15,214.7307,USD,YAHOO
JPM,2024-10-16,215.9376,USD,YAHOO
JPM,2024-10-17,216.6907,USD,YAHOO
JPM,2024-10-18,217.608,USD,YAHOO
JPM,2024-10-21,215.3197,USD,YAHOO
JPM,2024-10-22,216.4011,USD,YAHOO
JPM,2024-10-23,215.7155,USD,YAHOO
JPM,2024-10-24,217.2315,USD,YAHOO
JPM,2024-10-25,214.6534,USD,YAHOO
JPM,2024-10-28,217.7336,USD,YAHOO
JPM,2024-10-29,215.2231,USD,YAHOO
JPM,2024-10-30,216.6811,USD,YAHOO
JPM,2024-10-31,214.2769,USD,YAHOO
JPM,2024-11-01,215.2617,USD,YAHOO
JPM,2024-11-04,212.2105,USD,YAHOO
JPM,2024-11-05,213.8617,USD,YAHOO
JPM,2024-11-06,238.551,USD,YAHOO
JPM,2024-11-07,228.2388,USD,YAHOO
JPM,2024-11-08,228.8182,USD,YAHOO
JPM,2024-11-11,231.0486,USD,YAHOO
JPM,2024-11-12,231.3093,USD,YAHOO
JPM,2024-11-13,232.8542,USD,YAHOO
JPM,2024-11-14,233.5397,USD,YAHOO
JPM,2024-11-15,236.8613,USD,YAHOO
JPM,2024-11-18,236.5909,USD,YAHOO
JPM,2024-11-19,234.7177,USD,YAHOO
JPM,2024-11-20,232.4873,USD,YAHOO
JPM,2024-11-21,236.3302,USD,YAHOO
JPM,2024-11-22,239.9897,USD,YAHOO
JPM,2024-11-25,241.6698,USD,YAHOO
JPM,2024-11-26,241.3608,USD,YAHOO
JPM,2024-11-27,241.187,USD,YAHOO
JPM,2024-11-29,241.1194,USD,YAHOO
JPM,2024-12-02,237.7689,USD,YAHOO
JPM,2024-12-03,236.3882,USD,YAHOO
JPM,2024-12-04,235.0171,USD,YAHOO
JPM,2024-12-05,237.0254,USD,YAHOO
JPM,2024-12-06,238.8407,USD,YAHOO
JPM,2024-12-09,235.4129,USD,YAHOO
JPM,2024-12-10,234.4957,USD,YAHOO
JPM,2024-12-11,235.1426,USD,YAHOO
JPM,2024-12-12,233.2115,USD,YAHOO
JPM,2024-12-13,231.6762,USD,YAHOO
JPM,2024-12-16,231.3286,USD,YAHOO
JPM,2024-12-17,230.1507,USD,YAHOO
JPM,2024-12-18,222.4358,USD,YAHOO
JPM,2024-12-19,224.9366,USD,YAHOO
JPM,2024-12-20,229.4168,USD,YAHOO
JPM,2024-12-23,230.1796,USD,YAHOO
JPM,2024-12-24,233.9646,USD,YAHOO
JPM,2024-12-26,234.766,USD,YAHOO
JPM,2024-12-27,232.8639,USD,YAHOO
JPM,2024-12-30,231.0776,USD,YAHOO
JPM,2024-12-31,231.4541,USD,YAHOO
JPM,2025-01-02,231.7342,USD,YAHOO
JPM,2025-01-03,234.9012,USD,YAHOO
JPM,2025-01-06,233.7559,USD,YAHOO
JPM,2025-01-07,236.0076,USD,YAHOO
JPM,2025-01-08,235.9688,USD,YAHOO
JPM,2025-01-10,232.8048,USD,YAHOO
JPM,2025-01-13,237.017,USD,YAHOO
JPM,2025-01-14,240.1809,USD,YAHOO
JPM,2025-01-15,244.9172,USD,YAHOO
JPM,2025-01-16,246.7807,USD,YAHOO
JPM,2025-01-17,251.5267,USD,YAHOO
JPM,2025-01-21,255.2827,USD,YAHOO
JPM,2025-01-22,255.0982,USD,YAHOO
JPM,2025-01-23,258.1167,USD,YAHOO
JPM,2025-01-24,257.0393,USD,YAHOO
JPM,2025-01-27,258.0196,USD,YAHOO
JPM,2025-01-28,259.2716,USD,YAHOO
JPM,2025-01-29,258.728,USD,YAHOO
JPM,2025-01-30,260.3295,USD,YAHOO
JPM,2025-01-31,259.4269,USD,YAHOO
JPM,2025-02-03,258.9513,USD,YAHOO
JPM,2025-02-04,260.048,USD,YAHOO
JPM,2025-02-05,262.4647,USD,YAHOO
JPM,2025-02-06,1209.3484,USD,YAHOO
JPM,2025-02-07,267.6765,USD,YAHOO
JPM,2025-02-10,263.0567,USD,YAHOO
JPM,2025-02-11,266.8904,USD,YAHOO
JPM,2025-02-12,267.3369,USD,YAHOO
JPM,2025-02-13,268.1812,USD,YAHOO
JPM,2025-02-14,268.4432,USD,YAHOO
JPM,2025-02-18,271.7043,USD,YAHOO
JPM,2025-02-19,271.0249,USD,YAHOO
JPM,2025-02-20,258.9416,USD,YAHOO
JPM,2025-02-21,256.457,USD,YAHOO
JPM,2025-02-24,253.6424,USD,YAHOO
JPM,2025-02-25,249.8185,USD,YAHOO
JPM,2025-02-26,251.1675,USD,YAHOO
JPM,2025-02-27,251.4198,USD,YAHOO
JPM,2025-02-28,256.8549,USD,YAHOO
JPM,2025-03-03,252.9436,USD,YAHOO
JPM,2025-03-04,242.8791,USD,YAHOO
JPM,2025-03-05,244.1214,USD,YAHOO
JPM,2025-03-06,239.2784,USD,YAHOO
JPM,2025-03-07,235.1438,USD,YAHOO
JPM,2025-03-10,225.3801,USD,YAHOO
JPM,2025-03-11,222.3909,USD,YAHOO
JPM,2025-03-12,221.1874,USD,YAHOO
JPM,2025-03-13,218.5572,USD,YAHOO
JPM,2025-03-14,225.5937,USD,YAHOO
JPM,2025-03-17,227.0398,USD,YAHOO
JPM,2025-03-18,228.0491,USD,YAHOO
JPM,2025-03-19,232.0672,USD,YAHOO
JPM,2025-03-20,231.9701,USD,YAHOO
JPM,2025-03-21,234.513,USD,YAHOO
JPM,2025-03-24,240.7536,USD,YAHOO
JPM,2025-03-25,243.7332,USD,YAHOO
JPM,2025-03-26,243.6361,USD,YAHOO
JPM,2025-03-27,240.8118,USD,YAHOO
JPM,2025-03-28,235.6971,USD,YAHOO
JPM,2025-03-31,238.0749,USD,YAHOO
JPM,2025-04-01,236.4832,USD,YAHOO
JPM,2025-04-02,238.5796,USD,YAHOO
JPM,2025-04-03,221.9541,USD,YAHOO
JPM,2025-04-04,205.3434,USD,YAHOO
JPM,2025-04-07,209.4058,USD,YAHOO
JPM,2025-04-08,211.7787,USD,YAHOO
JPM,2025-04-09,228.8386,USD,YAHOO
JPM,2025-04-10,221.7783,USD,YAHOO
JPM,2025-04-11,230.6549,USD,YAHOO
JPM,2025-04-14,229.2097,USD,YAHOO
JPM,2025-04-15,227.657,USD,YAHOO
JPM,2025-04-16,224.2196,USD,YAHOO
JPM,2025-04-17,226.5145,USD,YAHOO
JPM,2025-04-21,223.6142,USD,YAHOO
JPM,2025-04-22,230.0592,USD,YAHOO
JPM,2025-04-23,235.2251,USD,YAHOO
JPM,2025-04-24,238.8968,USD,YAHOO
JPM,2025-04-25,237.8324,USD,YAHOO
JPM,2025-04-28,237.5101,USD,YAHOO
JPM,2025-04-29,238.8773,USD,YAHOO
JPM,2025-04-30,238.8773,USD,YAHOO
JPM,2025-05-01,241.094,USD,YAHOO
JPM,2025-05-02,246.582,USD,YAHOO
JPM,2025-05-05,246.6309,USD,YAHOO
JPM,2025-05-06,243.3986,USD,YAHOO
JPM,2025-05-07,243.5353,USD,YAHOO
JPM,2025-05-08,247.5195,USD,YAHOO
JPM,2025-05-09,247.1387,USD,YAHOO
JPM,2025-05-12,253.945,USD,YAHOO
JPM,2025-05-13,256.8356,USD,YAHOO
JPM,2025-05-14,259.4038,USD,YAHOO
JPM,2025-05-15,261.2103,USD,YAHOO
JPM,2025-05-16,261.2787,USD,YAHOO
JPM,2025-05-19,258.6616,USD,YAHOO
JPM,2025-05-20,259.4429,USD,YAHOO
JPM,2025-05-21,254.9118,USD,YAHOO
JPM,2025-05-22,254.5505,USD,YAHOO
JPM,2025-05-23,254.5895,USD,YAHOO
JPM,2025-05-27,259.062,USD,YAHOO
JPM,2025-05-28,257.3043,USD,YAHOO
JPM,2025-05-29,258.1636,USD,YAHOO
JPM,2025-05-30,257.8023,USD,YAHOO
JPM,2025-06-02,258.4468,USD,YAHOO
JPM,2025-06-03,260.019,USD,YAHOO
JPM,2025-06-04,258.0171,USD,YAHOO
JPM,2025-06-05,255.8004,USD,YAHOO
JPM,2025-06-06,259.4917,USD,YAHOO
JPM,2025-06-09,260.4779,USD,YAHOO
JPM,2025-06-10,262.2943,USD,YAHOO
JPM,2025-06-11,261.8549,USD,YAHOO
JPM,2025-06-12,261.9427,USD,YAHOO
JPM,2025-06-13,258.73,USD,YAHOO
JPM,2025-06-16,264.013,USD,YAHOO
JPM,2025-06-17,263.1927,USD,YAHOO
JPM,2025-06-18,267.5284,USD,YAHOO
JPM,2025-06-20,268.544,USD,YAHOO
JPM,2025-06-23,271.7373,USD,YAHOO
JPM,2025-06-24,274.6571,USD,YAHOO
JPM,2025-06-25,277.3913,USD,YAHOO
JPM,2025-06-26,281.9713,USD,YAHOO
JPM,2025-06-27,280.3697,USD,YAHOO
JPM,2025-06-30,283.104,USD,YAHOO
JPM,2025-07-01,283.5923,USD,YAHOO
JPM,2025-07-02,285.145,USD,YAHOO
JPM,2025-07-03,290.4436,USD,YAHOO
JPM,2025-07-07,286.4892,USD,YAHOO
JPM,2025-07-08,277.4717,USD,YAHOO
JPM,2025-07-09,277.8446,USD,YAHOO
JPM,2025-07-10,282.7802,USD,YAHOO
JPM,2025-07-11,281.4751,USD,YAHOO
JPM,2025-07-14,283.2806,USD,YAHOO
JPM,2025-07-15,281.171,USD,YAHOO
JPM,2025-07-16,280.4547,USD,YAHOO
JPM,2025-07-17,284.4581,USD,YAHOO
JPM,2025-07-18,285.8024,USD,YAHOO
JPM,2025-07-21,285.508,USD,YAHOO
JPM,2025-07-22,285.9594,USD,YAHOO
JPM,2025-07-23,291.1893,USD,YAHOO
JPM,2025-07-24,290.9833,USD,YAHOO
JPM,2025-07-25,293.0144,USD,YAHOO
JPM,2025-07-28,292.6808,USD,YAHOO
JPM,2025-07-29,291.4641,USD,YAHOO
JPM,2025-07-30,294.0055,USD,YAHOO
JPM,2025-07-31,290.6791,USD,YAHOO
JPM,2025-08-01,283.938,USD,YAHOO
JPM,2025-08-04,288.7363,USD,YAHOO
JPM,2025-08-05,285.9005,USD,YAHOO
JPM,2025-08-06,285.8809,USD,YAHOO
JPM,2025-08-07,281.5537,USD,YAHOO
JPM,2025-08-08,283.3395,USD,YAHOO
JPM,2025-08-11,284.1245,USD,YAHOO
JPM,2025-08-12,287.3528,USD,YAHOO
JPM,2025-08-13,285.0763,USD,YAHOO
JPM,2025-08-14,288.6382,USD,YAHOO
JPM,2025-08-15,285.037,USD,YAHOO
JPM,2025-08-18,286.0575,USD,YAHOO
JPM,2025-08-19,285.2039,USD,YAHOO
JPM,2025-08-20,286.7542,USD,YAHOO
JPM,2025-08-21,285.9986,USD,YAHOO
JPM,2025-08-22,290.6791,USD,YAHOO
JPM,2025-08-25,289.3643,USD,YAHOO
JPM,2025-08-26,292.9653,USD,YAHOO
JPM,2025-08-27,293.662,USD,YAHOO
JPM,2025-08-28,295.4184,USD,YAHOO
JPM,2025-08-29,295.7619,USD,YAHOO
JPM,2025-09-02,294.0742,USD,YAHOO
JPM,2025-09-03,293.8877,USD,YAHOO
JPM,2025-09-04,298.1168,USD,YAHOO
JPM,2025-09-05,288.854,USD,YAHOO
JPM,2025-09-08,287.4116,USD,YAHOO
JPM,2025-09-09,292.2589,USD,YAHOO
JPM,2025-09-10,294.8984,USD,YAHOO
JPM,2025-09-11,299.8242,USD,YAHOO
JPM,2025-09-12,301.1488,USD,YAHOO
JPM,2025-09-15,303.1014,USD,YAHOO
JPM,2025-09-16,303.386,USD,YAHOO
JPM,2025-09-17,305.8979,USD,YAHOO
JPM,2025-09-18,307.3502,USD,YAHOO
JPM,2025-09-19,308.8711,USD,YAHOO
JPM,2025-09-22,306.575,USD,YAHOO
JPM,2025-09-23,306.8694,USD,YAHOO
JPM,2025-09-24,307.5366,USD,YAHOO
JPM,2025-09-25,307.5661,USD,YAHOO
JPM,2025-09-26,310.127,USD,YAHOO
JPM,2025-09-29,309.764,USD,YAHOO
JPM,2025-09-30,309.5089,USD,YAHOO
JPM,2025-10-01,304.8775,USD,YAHOO
JPM,2025-10-02,301.7768,USD,YAHOO
JPM,2025-10-03,304.2102,USD,YAHOO
JPM,2025-10-06,304.8511,USD,YAHOO
JPM,2025-10-07,303.382,USD,YAHOO
JPM,2025-10-08,299.7732,USD,YAHOO
JPM,2025-10-09,301.2522,USD,YAHOO
JPM,2025-10-10,296.6772,USD,YAHOO
JPM,2025-10-13,303.6581,USD,YAHOO
JPM,2025-10-14,297.8505,USD,YAHOO
JPM,2025-10-15,301.41,USD,YAHOO
JPM,2025-10-16,294.3601,USD,YAHOO
JPM,2025-10-17,293.3938,USD,YAHOO
JPM,2025-10-20,298.1266,USD,YAHOO
JPM,2025-10-21,292.9304,USD,YAHOO
JPM,2025-10-22,289.9921,USD,YAHOO
JPM,2025-10-23,290.4161,USD,YAHOO
JPM,2025-10-24,296.2335,USD,YAHOO
JPM,2025-10-27,299.8915,USD,YAHOO
JPM,2025-10-28,301.0846,USD,YAHOO
JPM,2025-10-29,301.2325,USD,YAHOO
JPM,2025-10-30,305.1075,USD,YAHOO
JPM,2025-10-31,306.7639,USD,YAHOO
JPM,2025-11-03,305.0188,USD,YAHOO
JPM,2025-11-04,304.9202,USD,YAHOO
JPM,2025-11-05,307.3161,USD,YAHOO
JPM,2025-11-06,309.0318,USD,YAHOO
JPM,2025-11-07,309.8107,USD,YAHOO
JPM,2025-11-10,312.4532,USD,YAHOO
JPM,2025-11-11,311.2009,USD,YAHOO
JPM,2025-11-12,315.9239,USD,YAHOO
JPM,2025-11-13,305.1469,USD,YAHOO
JPM,2025-11-14,299.3591,USD,YAHOO
JPM,2025-11-17,296.1645,USD,YAHOO
JPM,2025-11-18,295.2179,USD,YAHOO
JPM,2025-11-19,299.0239,USD,YAHOO
JPM,2025-11-20,294.2024,USD,YAHOO
JPM,2025-11-21,293.8474,USD,YAHOO
JPM,2025-11-24,293.8277,USD,YAHOO
JPM,2025-11-25,298.7576,USD,YAHOO
JPM,2025-11-26,303.3327,USD,YAHOO
JPM,2025-11-28,308.6965,USD,YAHOO
JPM,2025-12-01,304.5948,USD,YAHOO
JPM,2025-12-02,303.5693,USD,YAHOO
JPM,2025-12-03,307.7598,USD,YAHOO
JPM,2025-12-04,311.6743,USD,YAHOO
JPM,2025-12-05,310.6291,USD,YAHOO
JPM,2025-12-08,310.7967,USD,YAHOO
JPM,2025-12-09,296.3026,USD,YAHOO
JPM,2025-12-10,305.7681,USD,YAHOO
JPM,2025-12-11,312.9363,USD,YAHOO
JPM,2025-12-12,314.0604,USD,YAHOO
JPM,2025-12-15,315.5393,USD,YAHOO
JPM,2025-12-16,311.132,USD,YAHOO
JPM,2025-12-17,310.5699,USD,YAHOO
JPM,2025-12-18,308.6176,USD,YAHOO
JPM,2025-12-19,312.7687,USD,YAHOO
JPM,2025-12-22,318.5664,USD,YAHOO
JPM,2025-12-23,321.3666,USD,YAHOO
JPM,2025-12-24,324.5612,USD,YAHOO
JPM,2025-12-26,323.3189,USD,YAHOO
JPM,2025-12-29,319.2171,USD,YAHOO
JPM,2025-12-30,318.8918,USD,YAHOO
JPM,2025-12-31,317.7086,USD,YAHOO
JPM,2026-01-02,320.9229,USD,YAHOO
JPM,2026-01-05,329.3631,USD,YAHOO
JPM,2026-01-06,331.4133,USD,YAHOO
JPM,2026-01-07,323.8661,USD,YAHOO
JPM,2026-01-08,326.6393,USD,YAHOO
JPM,2026-01-09,326.0451,USD,YAHOO
JPM,2026-01-12,321.39,USD,YAHOO
JPM,2026-01-13,307.9298,USD,YAHOO
JPM,2026-01-14,304.9287,USD,YAHOO
JPM,2026-01-15,306.3055,USD,YAHOO
JPM,2026-01-16,309.4848,USD,YAHOO
JPM,2026-01-20,299.8477,USD,YAHOO
JPM,2026-01-21,299.1545,USD,YAHOO
JPM,2026-01-22,300.7292,USD,YAHOO
JPM,2026-01-23,294.8757,USD,YAHOO
JPM,2026-01-26,298.164,USD,YAHOO
JPM,2026-01-27,297.441,USD,YAHOO
JPM,2026-01-28,297.8965,USD,YAHOO
JPM,2026-01-29,303.4926,USD,YAHOO
JPM,2026-01-30,302.9677,USD,YAHOO
JPM,2026-02-02,305.1962,USD,YAHOO
JPM,2026-02-03,311.8421,USD,YAHOO
JPM,2026-02-04,314.2389,USD,YAHOO
JPM,2026-02-05,307.1969,USD,YAHOO
JPM,2026-02-06,319.3199,USD,YAHOO
JPM,2026-02-09,319.0228,USD,YAHOO
JPM,2026-02-10,315.2393,USD,YAHOO
JPM,2026-02-11,307.8506,USD,YAHOO
JPM,2026-02-12,299.7487,USD,YAHOO
JPM,2026-02-13,299.6595,USD,YAHOO
JPM,2026-02-17,304.1958,USD,YAHOO
JPM,2026-02-18,305.83,USD,YAHOO
JPM,2026-02-19,305.107,USD,YAHOO
JPM,2026-02-20,307.8209,USD,YAHOO
JPM,2026-02-23,294.8262,USD,YAHOO
JPM,2026-02-24,294.4597,USD,YAHOO
JPM,2026-02-25,300.4024,USD,YAHOO
JPM,2026-02-26,303.2054,USD,YAHOO
JPM,2026-02-27,297.4311,USD,YAHOO
JPM,2026-03-02,294.7173,USD,YAHOO
JPM,2026-03-03,297.3914,USD,YAHOO
JPM,2026-03-04,296.5298,USD,YAHOO
JPM,2026-03-05,290.7455,USD,YAHOO
JPM,2026-03-06,286.7144,USD,YAHOO
JPM,2026-03-09,287.1503,USD,YAHOO
JPM,2026-03-10,285.9716,USD,YAHOO
JPM,2026-03-11,284.7732,USD,YAHOO
JPM,2026-03-12,280.1874,USD,YAHOO
JPM,2026-03-13,280.7321,USD,YAHOO
JPM,2026-03-16,283.4261,USD,YAHOO
JPM,2026-03-17,284.1492,USD,YAHOO
JPM,2026-03-18,284.991,USD,YAHOO
JPM,2026-03-19,285.2189,USD,YAHOO
JPM,2026-03-20,283.8223,USD,YAHOO
JPM,2026-03-23,287.1403,USD,YAHOO
JPM,2026-03-24,289.6065,USD,YAHOO
JPM,2026-03-25,292.5977,USD,YAHOO
JPM,2026-03-26,288.8736,USD,YAHOO
JPM,2026-03-27,280.1379,USD,YAHOO
JPM,2026-03-30,281.059,USD,YAHOO
JPM,2026-03-31,291.3497,USD,YAHOO
JPM,2026-04-01,292.5581,USD,YAHOO
JPM,2026-04-02,291.7855,USD,YAHOO
JPM,2026-04-06,294.125,USD,YAHOO
JPM,2026-04-07,296.0663,USD,YAHOO
JPM,2026-04-08,306.5888,USD,YAHOO
JPM,2026-04-09,308.9382,USD,YAHOO
JPM,2026-04-10,308.4803,USD,YAHOO
JPM,2026-04-13,312.2732,USD,YAHOO
JPM,2026-04-14,309.7247,USD,YAHOO
JPM,2026-04-15,304.558,USD,YAHOO
JPM,2026-04-16,308.56,USD,YAHOO
JPM,2026-04-17,308.8984,USD,YAHOO
JPM,2026-04-20,315.5684,USD,YAHOO
JPM,2026-04-21,311.5963,USD,YAHOO
JPM,2026-04-22,311.6162,USD,YAHOO
JPM,2026-04-23,310.2922,USD,YAHOO
JPM,2026-04-24,306.8975,USD,YAHOO
JPM,2026-04-27,310.2324,USD,YAHOO
JPM,2026-04-28,310.0533,USD,YAHOO
JPM,2026-04-29,307.8631,USD,YAHOO
JPM,2026-04-30,311.8253,USD,YAHOO
JPM,2026-05-01,311.0687,USD,YAHOO
JPM,2026-05-04,306.2703,USD,YAHOO
JPM,2026-05-05,308.0124,USD,YAHOO
JPM,2026-05-06,313.4878,USD,YAHOO
JPM,2026-05-07,304.8965,USD,YAHOO
JPM,2026-05-08,300.7452,USD,YAHOO
JPM,2026-05-11,298.6546,USD,YAHOO
JPM,2026-05-12,303.5127,USD,YAHOO
JPM,2026-05-13,298.9035,USD,YAHOO
JPM,2026-05-14,298.565,USD,YAHOO
JPM,2026-05-15,296.4744,USD,YAHOO
JPM,2026-05-18,299.3813,USD,YAHOO
JPM,2026-05-19,294.3739,USD,YAHOO
JPM,2026-05-20,300.6257,USD,YAHOO
JPM,2026-05-21,301.6411,USD,YAHOO
JPM,2026-05-22,305.006,USD,YAHOO
JPM,2026-05-26,305.3643,USD,YAHOO
JPM,2026-05-27,297.9378,USD,YAHOO
JPM,2026-05-28,295.3993,USD,YAHOO
JPM,2026-05-29,297.9677,USD,YAHOO
JPM,2026-06-01,295.2499,USD,YAHOO
JPM,2026-06-02,299.6103,USD,YAHOO
JPM,2026-06-03,299.5008,USD,YAHOO
JPM,2026-06-04,309.4958,USD,YAHOO
JPM,2026-06-05,310.9691,USD,YAHOO
JPM,2026-06-08,309.7148,USD,YAHOO
JPM,2026-06-09,311.2976,USD,YAHOO
JPM,2026-06-10,307.7536,USD,YAHOO
JPM,2026-06-11,312.0841,USD,YAHOO
JPM,2026-06-12,319.2817,USD,YAHOO
JPM,2026-06-15,317.9676,USD,YAHOO
JPM,2026-06-16,329.6549,USD,YAHOO
JPM,2026-06-17,331.9645,USD,YAHOO
JPM,2026-06-18,323.7615,USD,YAHOO
JPM,2026-06-22,329.9934,USD,YAHOO
JPM,2026-06-23,332.6415,USD,YAHOO
JPM,2026-06-24,331.9546,USD,YAHOO
JPM,2026-06-25,333.6171,USD,YAHOO
JPM,2026-06-26,327.5743,USD,YAHOO
JPM,2026-06-29,327.9128,USD,YAHOO
JPM,2026-06-30,325.862,USD,YAHOO
JPM,2026-07-01,332.5718,USD,YAHOO
JPM,2026-07-02,332.97,USD,YAHOO
JPM,2026-07-06,337.72,USD,YAHOO
JPM,2026-07-07,339.22,USD,YAHOO
JPM,2026-07-08,330.62,USD,YAHOO
JPM,2026-07-09,335.47,USD,YAHOO
JPM,2026-07-10,336.47,USD,YAHOO
JPM,2026-07-13,334.53,USD,YAHOO
JPM,2026-07-14,342.89,USD,YAHOO
JPM,2026-07-15,346.91,USD,YAHOO
JPM,2026-07-16,343.15,USD,YAHOO
JPM,2026-07-17,341.1,USD,YAHOO
JPM,2026-07-20,338.87,USD,YAHOO
JPM,2026-07-21,345.23,USD,YAHOO
JPM,2026-07-22,348.21,USD,YAHOO
JPM,2026-07-23,349.9,USD,YAHOO
JPM,2026-07-24,353.21,USD,YAHOO
JPM,2026-07-27,356.2,USD,YAHOO
JPM,2026-07-28,357.31,USD,YAHOO
JPM,2026-07-29,344.71,USD,YAHOO
JPM,2026-07-30,350.85,USD,YAHOO
JPM,2026-07-31,351.79,USD,YAHOO
JPM,2026-08-03,352.64,USD,YAHOO
JPM,2026-08-04,357.52,USD,YAHOO
JPM,2026-08-05,359.24,USD,YAHOO
JPM,2026-08-06,356.3,USD,YAHOO
JPM,2026-08-07,357.52,USD,YAHOO
JPM,2026-08-10,359.79,USD,YAHOO
JPM,2026-08-11,362.04,USD,YAHOO
JPM,2026-08-12,365.18,USD,YAHOO
JPM,2026-08-13,363.11,USD,YAHOO
JPM,2026-08-14,362.84,USD,YAHOO
JPM,2026-08-17,360.96,USD,YAHOO
JPM,2026-08-18,363.25,USD,YAHOO
JPM,2026-08-19,357.26,USD,YAHOO
JPM,2026-08-20,351.55,USD,YAHOO
JPM,2026-08-21,351.58,USD,YAHOO
JPM,2026-08-24,356.39,USD,YAHOO
JPM,2026-08-25,356.69,USD,YAHOO
JPM,2026-08-26,356.5,USD,YAHOO
JPM,2026-08-27,354.22,USD,YAHOO
JPM,2026-08-28,357.62,USD,YAHOO
JPM,2026-08-31,356.02,USD,YAHOO
JPM,2026-09-01,354.95,USD,YAHOO
JPM,2026-09-02,356.22,USD,YAHOO
JPM,2026-09-03,362.06,USD,YAHOO
JPM,2026-09-04,358.64,USD,YAHOO
JPM,2026-09-08,353.51,USD,YAHOO
JPM,2026-09-09,354.71,USD,YAHOO
JPM,2026-09-10,353.56,USD,YAHOO
JPM,2026-09-11,356.23,USD,YAHOO
MC.PA,2023-09-14,694.7857,EUR,YAHOO
MC.PA,2023-09-15,712.188,EUR,YAHOO
MC.PA,2023-09-18,694.6921,EUR,YAHOO
MC.PA,2023-09-19,689.3591,EUR,YAHOO
MC.PA,2023-09-20,689.2656,EUR,YAHOO
MC.PA,2023-09-21,682.342,EUR,YAHOO
MC.PA,2023-09-22,685.1489,EUR,YAHOO
MC.PA,2023-09-25,667.3722,EUR,YAHOO
MC.PA,2023-09-26,657.7354,EUR,YAHOO
MC.PA,2023-09-27,653.7123,EUR,YAHOO
MC.PA,2023-09-28,660.5422,EUR,YAHOO
MC.PA,2023-09-29,670.2726,EUR,YAHOO
MC.PA,2023-10-02,668.8692,EUR,YAHOO
MC.PA,2023-10-03,659.8873,EUR,YAHOO
MC.PA,2023-10-04,666.6237,EUR,YAHOO
MC.PA,2023-10-05,674.2021,EUR,YAHOO
MC.PA,2023-10-06,682.7162,EUR,YAHOO
MC.PA,2023-10-09,664.9396,EUR,YAHOO
MC.PA,2023-10-10,686.2717,EUR,YAHOO
MC.PA,2023-10-11,641.9236,EUR,YAHOO
MC.PA,2023-10-12,631.5383,EUR,YAHOO
MC.PA,2023-10-13,618.0654,EUR,YAHOO
MC.PA,2023-10-16,624.1469,EUR,YAHOO
MC.PA,2023-10-17,625.3632,EUR,YAHOO
MC.PA,2023-10-18,624.7083,EUR,YAHOO
MC.PA,2023-10-19,627.4216,EUR,YAHOO
MC.PA,2023-10-20,621.2466,EUR,YAHOO
MC.PA,2023-10-23,626.2988,EUR,YAHOO
MC.PA,2023-10-24,637.1519,EUR,YAHOO
MC.PA,2023-10-25,635.3743,EUR,YAHOO
MC.PA,2023-10-26,625.3632,EUR,YAHOO
MC.PA,2023-10-27,618.814,EUR,YAHOO
MC.PA,2023-10-30,627.7958,EUR,YAHOO
MC.PA,2023-10-31,631.0705,EUR,YAHOO
MC.PA,2023-11-01,631.819,EUR,YAHOO
MC.PA,2023-11-02,655.9578,EUR,YAHOO
MC.PA,2023-11-03,657.5483,EUR,YAHOO
MC.PA,2023-11-06,652.3089,EUR,YAHOO
MC.PA,2023-11-07,652.5895,EUR,YAHOO
MC.PA,2023-11-08,658.2032,EUR,YAHOO
MC.PA,2023-11-09,668.4014,EUR,YAHOO
MC.PA,2023-11-10,642.8591,EUR,YAHOO
MC.PA,2023-11-13,644.1691,EUR,YAHOO
MC.PA,2023-11-14,661.3843,EUR,YAHOO
MC.PA,2023-11-15,672.7053,EUR,YAHOO
MC.PA,2023-11-16,660.6359,EUR,YAHOO
MC.PA,2023-11-17,665.7817,EUR,YAHOO
MC.PA,2023-11-20,671.489,EUR,YAHOO
MC.PA,2023-11-21,658.7645,EUR,YAHOO
MC.PA,2023-11-22,666.4366,EUR,YAHOO
MC.PA,2023-11-23,665.7817,EUR,YAHOO
MC.PA,2023-11-24,661.3843,EUR,YAHOO
MC.PA,2023-11-27,652.4024,EUR,YAHOO
MC.PA,2023-11-28,640.4266,EUR,YAHOO
MC.PA,2023-11-29,646.0402,EUR,YAHOO
MC.PA,2023-11-30,657.4547,EUR,YAHOO
MC.PA,2023-12-01,654.1801,EUR,YAHOO
MC.PA,2023-12-04,658.8953,EUR,YAHOO
MC.PA,2023-12-05,672.5692,EUR,YAHOO
MC.PA,2023-12-06,677.6615,EUR,YAHOO
MC.PA,2023-12-07,674.8325,EUR,YAHOO
MC.PA,2023-12-08,696.9937,EUR,YAHOO
MC.PA,2023-12-11,697.8423,EUR,YAHOO
MC.PA,2023-12-12,691.8069,EUR,YAHOO
MC.PA,2023-12-13,692.6557,EUR,YAHOO
MC.PA,2023-12-14,704.255,EUR,YAHOO
MC.PA,2023-12-15,705.7639,EUR,YAHOO
MC.PA,2023-12-18,699.5398,EUR,YAHOO
MC.PA,2023-12-19,703.0291,EUR,YAHOO
MC.PA,2023-12-20,704.3493,EUR,YAHOO
MC.PA,2023-12-21,701.0488,EUR,YAHOO
MC.PA,2023-12-22,695.6735,EUR,YAHOO
MC.PA,2023-12-27,693.5045,EUR,YAHOO
MC.PA,2023-12-28,689.3552,EUR,YAHOO
MC.PA,2023-12-29,691.8069,EUR,YAHOO
MC.PA,2024-01-02,681.8109,EUR,YAHOO
MC.PA,2024-01-03,655.7833,EUR,YAHOO
MC.PA,2024-01-04,658.0465,EUR,YAHOO
MC.PA,2024-01-05,649.6536,EUR,YAHOO
MC.PA,2024-01-08,651.9168,EUR,YAHOO
MC.PA,2024-01-09,641.9207,EUR,YAHOO
MC.PA,2024-01-10,644.0897,EUR,YAHOO
MC.PA,2024-01-11,633.905,EUR,YAHOO
MC.PA,2024-01-12,631.736,EUR,YAHOO
MC.PA,2024-01-15,631.0759,EUR,YAHOO
MC.PA,2024-01-16,628.3411,EUR,YAHOO
MC.PA,2024-01-17,610.5178,EUR,YAHOO
MC.PA,2024-01-18,625.6063,EUR,YAHOO
MC.PA,2024-01-19,621.8342,EUR,YAHOO
MC.PA,2024-01-22,625.1348,EUR,YAHOO
MC.PA,2024-01-23,632.2075,EUR,YAHOO
MC.PA,2024-01-24,644.467,EUR,YAHOO
MC.PA,2024-01-25,646.2586,EUR,YAHOO
MC.PA,2024-01-26,729.0568,EUR,YAHOO
MC.PA,2024-01-29,732.0744,EUR,YAHOO
MC.PA,2024-01-30,737.4496,EUR,YAHOO
MC.PA,2024-01-31,729.5282,EUR,YAHOO
MC.PA,2024-02-01,726.6992,EUR,YAHOO
MC.PA,2024-02-02,733.7718,EUR,YAHOO
MC.PA,2024-02-05,736.2238,EUR,YAHOO
MC.PA,2024-02-06,735.092,EUR,YAHOO
MC.PA,2024-02-07,739.43,EUR,YAHOO
MC.PA,2024-02-08,758.6678,EUR,YAHOO
MC.PA,2024-02-09,761.4969,EUR,YAHOO
MC.PA,2024-02-12,775.0765,EUR,YAHOO
MC.PA,2024-02-13,755.1786,EUR,YAHOO
MC.PA,2024-02-14,756.876,EUR,YAHOO
MC.PA,2024-02-15,769.1354,EUR,YAHOO
MC.PA,2024-02-16,769.3241,EUR,YAHOO
MC.PA,2024-02-19,775.0765,EUR,YAHOO
MC.PA,2024-02-20,773.4735,EUR,YAHOO
MC.PA,2024-02-21,774.7936,EUR,YAHOO
MC.PA,2024-02-22,792.5226,EUR,YAHOO
MC.PA,2024-02-23,801.67,EUR,YAHOO
MC.PA,2024-02-26,794.2201,EUR,YAHOO
MC.PA,2024-02-27,801.9529,EUR,YAHOO
MC.PA,2024-02-28,799.4068,EUR,YAHOO
MC.PA,2024-02-29,794.7859,EUR,YAHOO
MC.PA,2024-03-01,798.1808,EUR,YAHOO
MC.PA,2024-03-04,791.9568,EUR,YAHOO
MC.PA,2024-03-05,781.8663,EUR,YAHOO
MC.PA,2024-03-06,785.1669,EUR,YAHOO
MC.PA,2024-03-07,791.9568,EUR,YAHOO
MC.PA,2024-03-08,796.7663,EUR,YAHOO
MC.PA,2024-03-11,801.9529,EUR,YAHOO
MC.PA,2024-03-12,810.063,EUR,YAHOO
MC.PA,2024-03-13,817.7958,EUR,YAHOO
MC.PA,2024-03-14,823.0769,EUR,YAHOO
MC.PA,2024-03-15,813.175,EUR,YAHOO
MC.PA,2024-03-18,809.2142,EUR,YAHOO
MC.PA,2024-03-19,811.1946,EUR,YAHOO
MC.PA,2024-03-20,797.9922,EUR,YAHOO
MC.PA,2024-03-21,799.5954,EUR,YAHOO
MC.PA,2024-03-22,781.3949,EUR,YAHOO
MC.PA,2024-03-25,778.4715,EUR,YAHOO
MC.PA,2024-03-26,774.9822,EUR,YAHOO
MC.PA,2024-03-27,782.998,EUR,YAHOO
MC.PA,2024-03-28,786.2043,EUR,YAHOO
MC.PA,2024-04-02,774.9822,EUR,YAHOO
MC.PA,2024-04-03,769.5128,EUR,YAHOO
MC.PA,2024-04-04,772.719,EUR,YAHOO
MC.PA,2024-04-05,754.2356,EUR,YAHOO
MC.PA,2024-04-08,761.3083,EUR,YAHOO
MC.PA,2024-04-09,749.8977,EUR,YAHOO
MC.PA,2024-04-10,747.823,EUR,YAHOO
MC.PA,2024-04-11,745.4655,EUR,YAHOO
MC.PA,2024-04-12,736.6953,EUR,YAHOO
MC.PA,2024-04-15,749.5204,EUR,YAHOO
MC.PA,2024-04-16,737.2611,EUR,YAHOO
MC.PA,2024-04-17,758.1964,EUR,YAHOO
MC.PA,2024-04-18,751.4065,EUR,YAHOO
MC.PA,2024-04-19,751.2179,EUR,YAHOO
MC.PA,2024-04-22,751.4065,EUR,YAHOO
MC.PA,2024-04-23,761.212,EUR,YAHOO
MC.PA,2024-04-24,761.7832,EUR,YAHOO
MC.PA,2024-04-25,740.649,EUR,YAHOO
MC.PA,2024-04-26,754.1673,EUR,YAHOO
MC.PA,2024-04-29,741.7914,EUR,YAHOO
MC.PA,2024-04-30,737.2219,EUR,YAHOO
MC.PA,2024-05-02,730.1771,EUR,YAHOO
MC.PA,2024-05-03,744.457,EUR,YAHOO
MC.PA,2024-05-06,744.1714,EUR,YAHOO
MC.PA,2024-05-07,751.5017,EUR,YAHOO
MC.PA,2024-05-08,750.0737,EUR,YAHOO
MC.PA,2024-05-09,751.121,EUR,YAHOO
MC.PA,2024-05-10,750.5498,EUR,YAHOO
MC.PA,2024-05-13,745.0282,EUR,YAHOO
MC.PA,2024-05-14,753.8817,EUR,YAHOO
MC.PA,2024-05-15,751.121,EUR,YAHOO
MC.PA,2024-05-16,748.265,EUR,YAHOO
MC.PA,2024-05-17,745.5994,EUR,YAHOO
MC.PA,2024-05-20,741.6962,EUR,YAHOO
MC.PA,2024-05-21,731.2242,EUR,YAHOO
MC.PA,2024-05-22,715.8021,EUR,YAHOO
MC.PA,2024-05-23,716.6588,EUR,YAHOO
MC.PA,2024-05-24,713.9933,EUR,YAHOO
MC.PA,2024-05-27,719.8956,EUR,YAHOO
MC.PA,2024-05-28,709.6142,EUR,YAHOO
MC.PA,2024-05-29,689.4319,EUR,YAHOO
MC.PA,2024-05-30,699.1423,EUR,YAHOO
MC.PA,2024-05-31,699.6182,EUR,YAHOO
MC.PA,2024-06-03,702.5694,EUR,YAHOO
MC.PA,2024-06-04,699.7134,EUR,YAHOO
MC.PA,2024-06-05,716.4684,EUR,YAHOO
MC.PA,2024-06-06,726.0836,EUR,YAHOO
MC.PA,2024-06-07,725.8932,EUR,YAHOO
MC.PA,2024-06-10,710.4709,EUR,YAHOO
MC.PA,2024-06-11,701.2366,EUR,YAHOO
MC.PA,2024-06-12,700.0942,EUR,YAHOO
MC.PA,2024-06-13,696.3814,EUR,YAHOO
MC.PA,2024-06-14,677.2465,EUR,YAHOO
MC.PA,2024-06-17,682.9584,EUR,YAHOO
MC.PA,2024-06-18,676.0088,EUR,YAHOO
MC.PA,2024-06-19,673.0577,EUR,YAHOO
MC.PA,2024-06-20,679.3408,EUR,YAHOO
MC.PA,2024-06-21,682.8632,EUR,YAHOO
MC.PA,2024-06-24,691.6215,EUR,YAHOO
MC.PA,2024-06-25,701.427,EUR,YAHOO
MC.PA,2024-06-26,692.0975,EUR,YAHOO
MC.PA,2024-06-27,681.1496,EUR,YAHOO
MC.PA,2024-06-28,679.3408,EUR,YAHOO
MC.PA,2024-07-01,677.8176,EUR,YAHOO
MC.PA,2024-07-02,675.5328,EUR,YAHOO
MC.PA,2024-07-03,680.4832,EUR,YAHOO
MC.PA,2024-07-04,685.2431,EUR,YAHOO
MC.PA,2024-07-05,682.0064,EUR,YAHOO
MC.PA,2024-07-08,662.3002,EUR,YAHOO
MC.PA,2024-07-09,653.9227,EUR,YAHOO
MC.PA,2024-07-10,664.1089,EUR,YAHOO
MC.PA,2024-07-11,675.9136,EUR,YAHOO
MC.PA,2024-07-12,690.0031,EUR,YAHOO
MC.PA,2024-07-15,671.7249,EUR,YAHOO
MC.PA,2024-07-16,658.873,EUR,YAHOO
MC.PA,2024-07-17,657.0642,EUR,YAHOO
MC.PA,2024-07-18,657.1595,EUR,YAHOO
MC.PA,2024-07-19,647.1635,EUR,YAHOO
MC.PA,2024-07-22,658.873,EUR,YAHOO
MC.PA,2024-07-23,658.397,EUR,YAHOO
MC.PA,2024-07-24,627.743,EUR,YAHOO
MC.PA,2024-07-25,621.2693,EUR,YAHOO
MC.PA,2024-07-26,631.2653,EUR,YAHOO
MC.PA,2024-07-29,623.2686,EUR,YAHOO
MC.PA,2024-07-30,621.079,EUR,YAHOO
MC.PA,2024-07-31,621.6501,EUR,YAHOO
MC.PA,2024-08-01,611.1783,EUR,YAHOO
MC.PA,2024-08-02,600.2304,EUR,YAHOO
MC.PA,2024-08-05,594.3281,EUR,YAHOO
MC.PA,2024-08-06,592.0433,EUR,YAHOO
MC.PA,2024-08-07,601.0872,EUR,YAHOO
MC.PA,2024-08-08,602.896,EUR,YAHOO
MC.PA,2024-08-09,605.4663,EUR,YAHOO
MC.PA,2024-08-12,604.6095,EUR,YAHOO
MC.PA,2024-08-13,603.7528,EUR,YAHOO
MC.PA,2024-08-14,613.2726,EUR,YAHOO
MC.PA,2024-08-15,624.5061,EUR,YAHOO
MC.PA,2024-08-16,626.5052,EUR,YAHOO
MC.PA,2024-08-19,642.1179,EUR,YAHOO
MC.PA,2024-08-20,645.2595,EUR,YAHOO
MC.PA,2024-08-21,646.2115,EUR,YAHOO
MC.PA,2024-08-22,645.45,EUR,YAHOO
MC.PA,2024-08-23,648.4011,EUR,YAHOO
MC.PA,2024-08-26,649.2579,EUR,YAHOO
MC.PA,2024-08-27,637.6436,EUR,YAHOO
MC.PA,2024-08-28,634.2164,EUR,YAHOO
MC.PA,2024-08-29,644.8788,EUR,YAHOO
MC.PA,2024-08-30,641.9276,EUR,YAHOO
MC.PA,2024-09-02,640.8804,EUR,YAHOO
MC.PA,2024-09-03,638.6908,EUR,YAHOO
MC.PA,2024-09-04,611.7494,EUR,YAHOO
MC.PA,2024-09-05,589.4729,EUR,YAHOO
MC.PA,2024-09-06,582.6185,EUR,YAHOO
MC.PA,2024-09-09,586.6169,EUR,YAHOO
MC.PA,2024-09-10,582.9993,EUR,YAHOO
MC.PA,2024-09-11,577.8586,EUR,YAHOO
MC.PA,2024-09-12,577.6682,EUR,YAHOO
MC.PA,2024-09-13,578.9058,EUR,YAHOO
MC.PA,2024-09-16,574.6218,EUR,YAHOO
MC.PA,2024-09-17,578.525,EUR,YAHOO
MC.PA,2024-09-18,567.2915,EUR,YAHOO
MC.PA,2024-09-19,584.5225,EUR,YAHOO
MC.PA,2024-09-20,563.4835,EUR,YAHOO
MC.PA,2024-09-23,566.5298,EUR,YAHOO
MC.PA,2024-09-24,584.6177,EUR,YAHOO
MC.PA,2024-09-25,587.8544,EUR,YAHOO
MC.PA,2024-09-26,645.9259,EUR,YAHOO
MC.PA,2024-09-27,669.6305,EUR,YAHOO
MC.PA,2024-09-30,655.4458,EUR,YAHOO
MC.PA,2024-10-01,632.1221,EUR,YAHOO
MC.PA,2024-10-02,636.3109,EUR,YAHOO
MC.PA,2024-10-03,629.2661,EUR,YAHOO
MC.PA,2024-10-04,630.1229,EUR,YAHOO
MC.PA,2024-10-07,647.1635,EUR,YAHOO
MC.PA,2024-10-08,624.0301,EUR,YAHOO
MC.PA,2024-10-09,624.887,EUR,YAHOO
MC.PA,2024-10-10,623.5541,EUR,YAHOO
MC.PA,2024-10-11,621.7454,EUR,YAHOO
MC.PA,2024-10-14,607.1799,EUR,YAHOO
MC.PA,2024-10-15,595.3752,EUR,YAHOO
MC.PA,2024-10-16,573.4795,EUR,YAHOO
MC.PA,2024-10-17,580.1434,EUR,YAHOO
MC.PA,2024-10-18,593.2808,EUR,YAHOO
MC.PA,2024-10-21,581.6665,EUR,YAHOO
MC.PA,2024-10-22,586.4265,EUR,YAHOO
MC.PA,2024-10-23,584.1417,EUR,YAHOO
MC.PA,2024-10-24,598.5168,EUR,YAHOO
MC.PA,2024-10-25,596.8984,EUR,YAHOO
MC.PA,2024-10-28,601.7535,EUR,YAHOO
MC.PA,2024-10-29,600.6112,EUR,YAHOO
MC.PA,2024-10-30,588.4256,EUR,YAHOO
MC.PA,2024-10-31,580.5241,EUR,YAHOO
MC.PA,2024-11-01,581.6665,EUR,YAHOO
MC.PA,2024-11-04,577.5729,EUR,YAHOO
MC.PA,2024-11-05,573.6698,EUR,YAHOO
MC.PA,2024-11-06,574.1458,EUR,YAHOO
MC.PA,2024-11-07,589.2825,EUR,YAHOO
MC.PA,2024-11-08,569.6715,EUR,YAHOO
MC.PA,2024-11-11,570.7186,EUR,YAHOO
MC.PA,2024-11-12,544.9197,EUR,YAHOO
MC.PA,2024-11-13,546.4429,EUR,YAHOO
MC.PA,2024-11-14,556.3436,EUR,YAHOO
MC.PA,2024-11-15,558.1523,EUR,YAHOO
MC.PA,2024-11-18,560.3419,EUR,YAHOO
MC.PA,2024-11-19,549.5844,EUR,YAHOO
MC.PA,2024-11-20,547.7758,EUR,YAHOO
MC.PA,2024-11-21,547.2997,EUR,YAHOO
MC.PA,2024-11-22,555.0108,EUR,YAHOO
MC.PA,2024-11-25,564.0547,EUR,YAHOO
MC.PA,2024-11-26,567.3867,EUR,YAHOO
MC.PA,2024-11-27,561.77,EUR,YAHOO
MC.PA,2024-11-28,558.3427,EUR,YAHOO
MC.PA,2024-11-29,564.0547,EUR,YAHOO
MC.PA,2024-12-02,582.408,EUR,YAHOO
MC.PA,2024-12-03,585.3869,EUR,YAHOO
MC.PA,2024-12-04,586.3478,EUR,YAHOO
MC.PA,2024-12-05,585.3869,EUR,YAHOO
MC.PA,2024-12-06,605.7582,EUR,YAHOO
MC.PA,2024-12-09,627.0904,EUR,YAHOO
MC.PA,2024-12-10,611.1393,EUR,YAHOO
MC.PA,2024-12-11,618.6345,EUR,YAHOO
MC.PA,2024-12-12,620.7484,EUR,YAHOO
MC.PA,2024-12-13,614.0221,EUR,YAHOO
MC.PA,2024-12-16,606.527,EUR,YAHOO
MC.PA,2024-12-17,610.7549,EUR,YAHOO
MC.PA,2024-12-18,611.6198,EUR,YAHOO
MC.PA,2024-12-19,602.9716,EUR,YAHOO
MC.PA,2024-12-20,603.5481,EUR,YAHOO
MC.PA,2024-12-23,604.6052,EUR,YAHOO
MC.PA,2024-12-24,606.1426,EUR,YAHOO
MC.PA,2024-12-27,610.7549,EUR,YAHOO
MC.PA,2024-12-30,604.7012,EUR,YAHOO
MC.PA,2024-12-31,610.6589,EUR,YAHOO
MC.PA,2025-01-02,610.5628,EUR,YAHOO
MC.PA,2025-01-03,587.4048,EUR,YAHOO
MC.PA,2025-01-06,609.794,EUR,YAHOO
MC.PA,2025-01-07,619.3071,EUR,YAHOO
MC.PA,2025-01-08,610.851,EUR,YAHOO
MC.PA,2025-01-09,622.6703,EUR,YAHOO
MC.PA,2025-01-10,619.7875,EUR,YAHOO
MC.PA,2025-01-13,621.1328,EUR,YAHOO
MC.PA,2025-01-14,625.553,EUR,YAHOO
MC.PA,2025-01-15,612.2924,EUR,YAHOO
MC.PA,2025-01-16,668.3135,EUR,YAHOO
MC.PA,2025-01-17,663.1246,EUR,YAHOO
MC.PA,2025-01-20,656.3982,EUR,YAHOO
MC.PA,2025-01-21,673.8868,EUR,YAHOO
MC.PA,2025-01-22,685.8982,EUR,YAHOO
MC.PA,2025-01-23,692.4324,EUR,YAHOO
MC.PA,2025-01-24,705.4047,EUR,YAHOO
MC.PA,2025-01-27,725.2955,EUR,YAHOO
MC.PA,2025-01-28,721.2597,EUR,YAHOO
MC.PA,2025-01-29,685.3217,EUR,YAHOO
MC.PA,2025-01-30,687.82,EUR,YAHOO
MC.PA,2025-01-31,676.0009,EUR,YAHOO
MC.PA,2025-02-03,663.1246,EUR,YAHOO
MC.PA,2025-02-04,665.623,EUR,YAHOO
MC.PA,2025-02-05,659.1849,EUR,YAHOO
MC.PA,2025-02-06,669.6588,EUR,YAHOO
MC.PA,2025-02-07,657.4553,EUR,YAHOO
MC.PA,2025-02-10,658.5122,EUR,YAHOO
MC.PA,2025-02-11,658.4161,EUR,YAHOO
MC.PA,2025-02-12,660.9145,EUR,YAHOO
MC.PA,2025-02-13,679.5562,EUR,YAHOO
MC.PA,2025-02-14,685.1295,EUR,YAHOO
MC.PA,2025-02-17,674.079,EUR,YAHOO
MC.PA,2025-02-18,677.5383,EUR,YAHOO
MC.PA,2025-02-19,663.8934,EUR,YAHOO
MC.PA,2025-02-20,668.3135,EUR,YAHOO
MC.PA,2025-02-21,674.9438,EUR,YAHOO
MC.PA,2025-02-24,665.0464,EUR,YAHOO
MC.PA,2025-02-25,657.4553,EUR,YAHOO
MC.PA,2025-02-26,672.9259,EUR,YAHOO
MC.PA,2025-02-27,666.0073,EUR,YAHOO
MC.PA,2025-02-28,667.737,EUR,YAHOO
MC.PA,2025-03-03,663.7972,EUR,YAHOO
MC.PA,2025-03-04,641.3119,EUR,YAHOO
MC.PA,2025-03-05,638.3331,EUR,YAHOO
MC.PA,2025-03-06,627.4748,EUR,YAHOO
MC.PA,2025-03-07,609.8901,EUR,YAHOO
MC.PA,2025-03-10,605.6622,EUR,YAHOO
MC.PA,2025-03-11,596.5334,EUR,YAHOO
MC.PA,2025-03-12,587.8853,EUR,YAHOO
MC.PA,2025-03-13,581.3511,EUR,YAHOO
MC.PA,2025-03-14,581.4471,EUR,YAHOO
MC.PA,2025-03-17,585.8674,EUR,YAHOO
MC.PA,2025-03-18,586.1556,EUR,YAHOO
MC.PA,2025-03-19,586.7322,EUR,YAHOO
MC.PA,2025-03-20,580.8706,EUR,YAHOO
MC.PA,2025-03-21,578.9488,EUR,YAHOO
MC.PA,2025-03-24,572.9911,EUR,YAHOO
MC.PA,2025-03-25,574.913,EUR,YAHOO
MC.PA,2025-03-26,571.2615,EUR,YAHOO
MC.PA,2025-03-27,566.0726,EUR,YAHOO
MC.PA,2025-03-28,564.1508,EUR,YAHOO
MC.PA,2025-03-31,549.3527,EUR,YAHOO
MC.PA,2025-04-01,552.6198,EUR,YAHOO
MC.PA,2025-04-02,552.716,EUR,YAHOO
MC.PA,2025-04-03,521.6786,EUR,YAHOO
MC.PA,2025-04-04,509.2827,EUR,YAHOO
MC.PA,2025-04-07,487.7584,EUR,YAHOO
MC.PA,2025-04-08,499.4815,EUR,YAHOO
MC.PA,2025-04-09,478.918,EUR,YAHOO
MC.PA,2025-04-10,503.7095,EUR,YAHOO
MC.PA,2025-04-11,503.9017,EUR,YAHOO
MC.PA,2025-04-14,509.3788,EUR,YAHOO
MC.PA,2025-04-15,469.5491,EUR,YAHOO
MC.PA,2025-04-16,466.234,EUR,YAHOO
MC.PA,2025-04-17,466.6183,EUR,YAHOO
MC.PA,2025-04-22,468.2519,EUR,YAHOO
MC.PA,2025-04-23,480.7437,EUR,YAHOO
MC.PA,2025-04-24,487.4749,EUR,YAHOO
MC.PA,2025-04-25,486.5969,EUR,YAHOO
MC.PA,2025-04-28,489.7186,EUR,YAHOO
MC.PA,2025-04-29,477.3293,EUR,YAHOO
MC.PA,2025-04-30,475.9636,EUR,YAHOO
MC.PA,2025-05-02,483.7191,EUR,YAHOO
MC.PA,2025-05-05,480.2072,EUR,YAHOO
MC.PA,2025-05-06,477.1342,EUR,YAHOO
MC.PA,2025-05-07,471.6712,EUR,YAHOO
MC.PA,2025-05-08,475.3782,EUR,YAHOO
MC.PA,2025-05-09,483.6216,EUR,YAHOO
MC.PA,2025-05-12,517.5214,EUR,YAHOO
MC.PA,2025-05-13,523.7648,EUR,YAHOO
MC.PA,2025-05-14,512.3511,EUR,YAHOO
MC.PA,2025-05-15,494.8889,EUR,YAHOO
MC.PA,2025-05-16,491.5721,EUR,YAHOO
MC.PA,2025-05-19,486.4018,EUR,YAHOO
MC.PA,2025-05-20,492.5477,EUR,YAHOO
MC.PA,2025-05-21,481.5729,EUR,YAHOO
MC.PA,2025-05-22,473.2321,EUR,YAHOO
MC.PA,2025-05-23,467.2813,EUR,YAHOO
MC.PA,2025-05-26,471.6225,EUR,YAHOO
MC.PA,2025-05-27,470.1104,EUR,YAHOO
MC.PA,2025-05-28,471.8176,EUR,YAHOO
MC.PA,2025-05-29,469.4763,EUR,YAHOO
MC.PA,2025-05-30,466.5497,EUR,YAHOO
MC.PA,2025-06-02,465.5254,EUR,YAHOO
MC.PA,2025-06-03,462.0134,EUR,YAHOO
MC.PA,2025-06-04,464.9888,EUR,YAHOO
MC.PA,2025-06-05,458.5991,EUR,YAHOO
MC.PA,2025-06-06,459.7209,EUR,YAHOO
MC.PA,2025-06-09,460.0136,EUR,YAHOO
MC.PA,2025-06-10,463.2329,EUR,YAHOO
MC.PA,2025-06-11,459.0868,EUR,YAHOO
MC.PA,2025-06-12,457.3796,EUR,YAHOO
MC.PA,2025-06-13,450.1119,EUR,YAHOO
MC.PA,2025-06-16,455.9164,EUR,YAHOO
MC.PA,2025-06-17,449.429,EUR,YAHOO
MC.PA,2025-06-18,452.6971,EUR,YAHOO
MC.PA,2025-06-19,441.4784,EUR,YAHOO
MC.PA,2025-06-20,438.942,EUR,YAHOO
MC.PA,2025-06-23,438.7957,EUR,YAHOO
MC.PA,2025-06-24,442.4539,EUR,YAHOO
MC.PA,2025-06-25,433.918,EUR,YAHOO
MC.PA,2025-06-26,426.8454,EUR,YAHOO
MC.PA,2025-06-27,438.3079,EUR,YAHOO
MC.PA,2025-06-30,433.7229,EUR,YAHOO
MC.PA,2025-07-01,457.5747,EUR,YAHOO
MC.PA,2025-07-02,476.5489,EUR,YAHOO
MC.PA,2025-07-03,474.0125,EUR,YAHOO
MC.PA,2025-07-04,465.6717,EUR,YAHOO
MC.PA,2025-07-07,463.7206,EUR,YAHOO
MC.PA,2025-07-08,470.842,EUR,YAHOO
MC.PA,2025-07-09,475.9148,EUR,YAHOO
MC.PA,2025-07-10,492.6452,EUR,YAHOO
MC.PA,2025-07-11,475.7685,EUR,YAHOO
MC.PA,2025-07-14,467.8179,EUR,YAHOO
MC.PA,2025-07-15,465.6717,EUR,YAHOO
MC.PA,2025-07-16,463.9645,EUR,YAHOO
MC.PA,2025-07-17,465.1839,EUR,YAHOO
MC.PA,2025-07-18,461.1842,EUR,YAHOO
MC.PA,2025-07-21,457.3308,EUR,YAHOO
MC.PA,2025-07-22,454.1604,EUR,YAHOO
MC.PA,2025-07-23,468.2081,EUR,YAHOO
MC.PA,2025-07-24,458.7454,EUR,YAHOO
MC.PA,2025-07-25,476.744,EUR,YAHOO
MC.PA,2025-07-28,477.2318,EUR,YAHOO
MC.PA,2025-07-29,463.1841,EUR,YAHOO
MC.PA,2025-07-30,468.9885,EUR,YAHOO
MC.PA,2025-07-31,460.794,EUR,YAHOO
MC.PA,2025-08-01,450.3558,EUR,YAHOO
MC.PA,2025-08-04,450.9899,EUR,YAHOO
MC.PA,2025-08-05,445.3318,EUR,YAHOO
MC.PA,2025-08-06,446.5024,EUR,YAHOO
MC.PA,2025-08-07,449.8192,EUR,YAHOO
MC.PA,2025-08-08,450.0631,EUR,YAHOO
MC.PA,2025-08-11,446.7951,EUR,YAHOO
MC.PA,2025-08-12,445.9659,EUR,YAHOO
MC.PA,2025-08-13,458.1113,EUR,YAHOO
MC.PA,2025-08-14,461.3305,EUR,YAHOO
MC.PA,2025-08-15,464.4523,EUR,YAHOO
MC.PA,2025-08-18,464.2084,EUR,YAHOO
MC.PA,2025-08-19,477.9146,EUR,YAHOO
MC.PA,2025-08-20,481.4754,EUR,YAHOO
MC.PA,2025-08-21,473.1345,EUR,YAHOO
MC.PA,2025-08-22,482.9875,EUR,YAHOO
MC.PA,2025-08-25,476.1099,EUR,YAHOO
MC.PA,2025-08-26,474.354,EUR,YAHOO
MC.PA,2025-08-27,489.7186,EUR,YAHOO
MC.PA,2025-08-28,500.5471,EUR,YAHOO
MC.PA,2025-08-29,491.7672,EUR,YAHOO
MC.PA,2025-09-01,491.377,EUR,YAHOO
MC.PA,2025-09-02,500.4495,EUR,YAHOO
MC.PA,2025-09-03,508.0587,EUR,YAHOO
MC.PA,2025-09-04,486.8896,EUR,YAHOO
MC.PA,2025-09-05,484.1093,EUR,YAHOO
MC.PA,2025-09-08,484.0117,EUR,YAHOO
MC.PA,2025-09-09,479.9633,EUR,YAHOO
MC.PA,2025-09-10,477.7683,EUR,YAHOO
MC.PA,2025-09-11,475.427,EUR,YAHOO
MC.PA,2025-09-12,478.6463,EUR,YAHOO
MC.PA,2025-09-15,491.8648,EUR,YAHOO
MC.PA,2025-09-16,495.2792,EUR,YAHOO
MC.PA,2025-09-17,498.7911,EUR,YAHOO
MC.PA,2025-09-18,504.937,EUR,YAHOO
MC.PA,2025-09-19,498.1082,EUR,YAHOO
MC.PA,2025-09-22,494.5963,EUR,YAHOO
MC.PA,2025-09-23,510.4,EUR,YAHOO
MC.PA,2025-09-24,496.6449,EUR,YAHOO
MC.PA,2025-09-25,494.4012,EUR,YAHOO
MC.PA,2025-09-26,503.0835,EUR,YAHOO
MC.PA,2025-09-29,510.3024,EUR,YAHOO
MC.PA,2025-09-30,507.766,EUR,YAHOO
MC.PA,2025-10-01,511.1804,EUR,YAHOO
MC.PA,2025-10-02,529.6181,EUR,YAHOO
MC.PA,2025-10-03,539.5684,EUR,YAHOO
MC.PA,2025-10-06,527.1792,EUR,YAHOO
MC.PA,2025-10-07,546.2997,EUR,YAHOO
MC.PA,2025-10-08,561.4205,EUR,YAHOO
MC.PA,2025-10-09,545.5192,EUR,YAHOO
MC.PA,2025-10-10,532.6422,EUR,YAHOO
MC.PA,2025-10-13,527.1792,EUR,YAHOO
MC.PA,2025-10-14,519.7651,EUR,YAHOO
MC.PA,2025-10-15,583.2725,EUR,YAHOO
MC.PA,2025-10-16,587.4673,EUR,YAHOO
MC.PA,2025-10-17,590.8816,EUR,YAHOO
MC.PA,2025-10-20,597.125,EUR,YAHOO
MC.PA,2025-10-21,601.71,EUR,YAHOO
MC.PA,2025-10-22,607.9535,EUR,YAHOO
MC.PA,2025-10-23,605.6122,EUR,YAHOO
MC.PA,2025-10-24,597.5153,EUR,YAHOO
MC.PA,2025-10-27,596.5397,EUR,YAHOO
MC.PA,2025-10-28,599.5639,EUR,YAHOO
MC.PA,2025-10-29,603.6611,EUR,YAHOO
MC.PA,2025-10-30,595.174,EUR,YAHOO
MC.PA,2025-10-31,597.125,EUR,YAHOO
MC.PA,2025-11-03,601.71,EUR,YAHOO
MC.PA,2025-11-04,596.2471,EUR,YAHOO
MC.PA,2025-11-05,597.8079,EUR,YAHOO
MC.PA,2025-11-06,585.3211,EUR,YAHOO
MC.PA,2025-11-07,588.4428,EUR,YAHOO
MC.PA,2025-11-10,602.7832,EUR,YAHOO
MC.PA,2025-11-11,617.4162,EUR,YAHOO
MC.PA,2025-11-12,631.3663,EUR,YAHOO
MC.PA,2025-11-13,621.2208,EUR,YAHOO
MC.PA,2025-11-14,621.4159,EUR,YAHOO
MC.PA,2025-11-17,608.7339,EUR,YAHOO
MC.PA,2025-11-18,596.3446,EUR,YAHOO
MC.PA,2025-11-19,594.6862,EUR,YAHOO
MC.PA,2025-11-20,604.4416,EUR,YAHOO
MC.PA,2025-11-21,607.7584,EUR,YAHOO
MC.PA,2025-11-24,606.4902,EUR,YAHOO
MC.PA,2025-11-25,604.1489,EUR,YAHOO
MC.PA,2025-11-26,610.0997,EUR,YAHOO
MC.PA,2025-11-27,612.0508,EUR,YAHOO
MC.PA,2025-11-28,619.9526,EUR,YAHOO
MC.PA,2025-12-01,626.9764,EUR,YAHOO
MC.PA,2025-12-02,625.9925,EUR,YAHOO
MC.PA,2025-12-03,620.1871,EUR,YAHOO
MC.PA,2025-12-04,622.9422,EUR,YAHOO
MC.PA,2025-12-05,618.0224,EUR,YAHOO
MC.PA,2025-12-08,615.169,EUR,YAHOO
MC.PA,2025-12-09,606.4117,EUR,YAHOO
MC.PA,2025-12-10,608.8716,EUR,YAHOO
MC.PA,2025-12-11,615.169,EUR,YAHOO
MC.PA,2025-12-12,614.4802,EUR,YAHOO
MC.PA,2025-12-15,616.0545,EUR,YAHOO
MC.PA,2025-12-16,626.2877,EUR,YAHOO
MC.PA,2025-12-17,621.5647,EUR,YAHOO
MC.PA,2025-12-18,627.1733,EUR,YAHOO
MC.PA,2025-12-19,621.5647,EUR,YAHOO
MC.PA,2025-12-22,617.6289,EUR,YAHOO
MC.PA,2025-12-23,617.2353,EUR,YAHOO
MC.PA,2025-12-24,621.9583,EUR,YAHOO
MC.PA,2025-12-29,623.0406,EUR,YAHOO
MC.PA,2025-12-30,629.0427,EUR,YAHOO
MC.PA,2025-12-31,634.6513,EUR,YAHOO
MC.PA,2026-01-02,631.5026,EUR,YAHOO
MC.PA,2026-01-05,632.4866,EUR,YAHOO
MC.PA,2026-01-06,634.061,EUR,YAHOO
MC.PA,2026-01-07,619.2032,EUR,YAHOO
MC.PA,2026-01-08,624.3198,EUR,YAHOO
MC.PA,2026-01-09,641.6373,EUR,YAHOO
MC.PA,2026-01-12,637.8983,EUR,YAHOO
MC.PA,2026-01-13,636.2256,EUR,YAHOO
MC.PA,2026-01-14,627.6652,EUR,YAHOO
MC.PA,2026-01-15,615.6609,EUR,YAHOO
MC.PA,2026-01-16,599.4257,EUR,YAHOO
MC.PA,2026-01-19,573.4493,EUR,YAHOO
MC.PA,2026-01-20,560.8546,EUR,YAHOO
MC.PA,2026-01-21,575.8108,EUR,YAHOO
MC.PA,2026-01-22,586.1423,EUR,YAHOO
MC.PA,2026-01-23,581.9113,EUR,YAHOO
MC.PA,2026-01-26,578.5659,EUR,YAHOO
MC.PA,2026-01-27,579.845,EUR,YAHOO
MC.PA,2026-01-28,534.0911,EUR,YAHOO
MC.PA,2026-01-29,533.6975,EUR,YAHOO
MC.PA,2026-01-30,538.1253,EUR,YAHOO
MC.PA,2026-02-02,529.6632,EUR,YAHOO
MC.PA,2026-02-03,520.5125,EUR,YAHOO
MC.PA,2026-02-04,527.4985,EUR,YAHOO
MC.PA,2026-02-05,529.5649,EUR,YAHOO
MC.PA,2026-02-06,527.5969,EUR,YAHOO
MC.PA,2026-02-09,526.8098,EUR,YAHOO
MC.PA,2026-02-10,529.0729,EUR,YAHOO
MC.PA,2026-02-11,516.675,EUR,YAHOO
MC.PA,2026-02-12,516.0847,EUR,YAHOO
MC.PA,2026-02-13,505.9499,EUR,YAHOO
MC.PA,2026-02-16,509.9841,EUR,YAHOO
MC.PA,2026-02-17,519.2333,EUR,YAHOO
MC.PA,2026-02-18,525.3339,EUR,YAHOO
MC.PA,2026-02-19,522.9724,EUR,YAHOO
MC.PA,2026-02-20,545.8001,EUR,YAHOO
MC.PA,2026-02-23,549.0472,EUR,YAHOO
MC.PA,2026-02-24,552.7862,EUR,YAHOO
MC.PA,2026-02-25,544.1274,EUR,YAHOO
MC.PA,2026-02-26,542.7498,EUR,YAHOO
MC.PA,2026-02-27,535.3702,EUR,YAHOO
MC.PA,2026-03-02,512.1489,EUR,YAHOO
MC.PA,2026-03-03,494.1425,EUR,YAHOO
MC.PA,2026-03-04,499.259,EUR,YAHOO
MC.PA,2026-03-05,497.6847,EUR,YAHOO
MC.PA,2026-03-06,494.1425,EUR,YAHOO
MC.PA,2026-03-09,489.7147,EUR,YAHOO
MC.PA,2026-03-10,496.4055,EUR,YAHOO
MC.PA,2026-03-11,492.2729,EUR,YAHOO
MC.PA,2026-03-12,487.058,EUR,YAHOO
MC.PA,2026-03-13,466.0997,EUR,YAHOO
MC.PA,2026-03-16,471.3147,EUR,YAHOO
MC.PA,2026-03-17,464.673,EUR,YAHOO
MC.PA,2026-03-18,461.0323,EUR,YAHOO
MC.PA,2026-03-19,452.8655,EUR,YAHOO
MC.PA,2026-03-20,450.6024,EUR,YAHOO
MC.PA,2026-03-23,459.1136,EUR,YAHOO
MC.PA,2026-03-24,453.3575,EUR,YAHOO
MC.PA,2026-03-25,454.9318,EUR,YAHOO
MC.PA,2026-03-26,450.9468,EUR,YAHOO
MC.PA,2026-03-27,448.4377,EUR,YAHOO
MC.PA,2026-03-30,456.211,EUR,YAHOO
MC.PA,2026-03-31,455.6698,EUR,YAHOO
MC.PA,2026-04-01,463.5414,EUR,YAHOO
MC.PA,2026-04-02,463.4922,EUR,YAHOO
MC.PA,2026-04-07,459.3596,EUR,YAHOO
MC.PA,2026-04-08,490.8462,EUR,YAHOO
MC.PA,2026-04-09,476.1853,EUR,YAHOO
MC.PA,2026-04-10,475.5457,EUR,YAHOO
MC.PA,2026-04-13,474.0206,EUR,YAHOO
MC.PA,2026-04-14,473.7254,EUR,YAHOO
MC.PA,2026-04-15,474.1682,EUR,YAHOO
MC.PA,2026-04-16,476.2837,EUR,YAHOO
MC.PA,2026-04-17,491.3874,EUR,YAHOO
MC.PA,2026-04-20,482.6794,EUR,YAHOO
MC.PA,2026-04-21,478.2024,EUR,YAHOO
MC.PA,2026-04-22,466.6901,EUR,YAHOO
MC.PA,2026-04-23,467.5757,EUR,YAHOO
MC.PA,2026-04-24,464.0826,EUR,YAHOO
MC.PA,2026-04-27,459.95,EUR,YAHOO
MC.PA,2026-04-28,454.75,EUR,YAHOO
MC.PA,2026-04-29,448.45,EUR,YAHOO
MC.PA,2026-04-30,451.4,EUR,YAHOO
MC.PA,2026-05-04,444.95,EUR,YAHOO
MC.PA,2026-05-05,450.95,EUR,YAHOO
MC.PA,2026-05-06,474.0,EUR,YAHOO
MC.PA,2026-05-07,478.3,EUR,YAHOO
MC.PA,2026-05-08,472.7,EUR,YAHOO
MC.PA,2026-05-11,452.0,EUR,YAHOO
MC.PA,2026-05-12,453.05,EUR,YAHOO
MC.PA,2026-05-13,452.3,EUR,YAHOO
MC.PA,2026-05-14,460.85,EUR,YAHOO
MC.PA,2026-05-15,455.6,EUR,YAHOO
MC.PA,2026-05-18,456.25,EUR,YAHOO
MC.PA,2026-05-19,462.0,EUR,YAHOO
MC.PA,2026-05-20,473.8,EUR,YAHOO
MC.PA,2026-05-21,473.55,EUR,YAHOO
MC.PA,2026-05-22,472.6,EUR,YAHOO
MC.PA,2026-05-25,477.9,EUR,YAHOO
MC.PA,2026-05-26,469.2,EUR,YAHOO
MC.PA,2026-05-27,483.95,EUR,YAHOO
MC.PA,2026-05-28,480.95,EUR,YAHOO
MC.PA,2026-05-29,473.05,EUR,YAHOO
MC.PA,2026-06-01,469.8,EUR,YAHOO
MC.PA,2026-06-02,475.0,EUR,YAHOO
MC.PA,2026-06-03,460.85,EUR,YAHOO
MC.PA,2026-06-04,474.1,EUR,YAHOO
MC.PA,2026-06-05,479.05,EUR,YAHOO
MC.PA,2026-06-08,482.45,EUR,YAHOO
MC.PA,2026-06-09,492.3,EUR,YAHOO
MC.PA,2026-06-10,487.65,EUR,YAHOO
MC.PA,2026-06-11,493.2,EUR,YAHOO
MC.PA,2026-06-12,510.6,EUR,YAHOO
MC.PA,2026-06-15,512.6,EUR,YAHOO
MC.PA,2026-06-16,520.3,EUR,YAHOO
MC.PA,2026-06-17,511.0,EUR,YAHOO
MC.PA,2026-06-18,505.1,EUR,YAHOO
MC.PA,2026-06-19,499.25,EUR,YAHOO
MC.PA,2026-06-22,481.35,EUR,YAHOO
MC.PA,2026-06-23,483.7,EUR,YAHOO
MC.PA,2026-06-24,493.0,EUR,YAHOO
MC.PA,2026-06-25,494.4,EUR,YAHOO
MC.PA,2026-06-26,495.75,EUR,YAHOO
MC.PA,2026-06-29,492.3,EUR,YAHOO
MC.PA,2026-06-30,484.1,EUR,YAHOO
MC.PA,2026-07-01,481.0,EUR,YAHOO
MC.PA,2026-07-02,497.95,EUR,YAHOO
MC.PA,2026-07-03,495.7,EUR,YAHOO
MC.PA,2026-07-06,491.4,EUR,YAHOO
MC.PA,2026-07-07,495.8,EUR,YAHOO
MC.PA,2026-07-08,484.9,EUR,YAHOO
MC.PA,2026-07-09,492.95,EUR,YAHOO
MC.PA,2026-07-10,489.9,EUR,YAHOO
MC.PA,2026-07-13,491.5,EUR,YAHOO
MC.PA,2026-07-14,482.95,EUR,YAHOO
MC.PA,2026-07-15,495.8,EUR,YAHOO
MC.PA,2026-07-16,503.1,EUR,YAHOO
MC.PA,2026-07-17,495.1,EUR,YAHOO
MC.PA,2026-07-20,486.85,EUR,YAHOO
MC.PA,2026-07-21,478.55,EUR,YAHOO
MC.PA,2026-07-22,474.0,EUR,YAHOO
MC.PA,2026-07-23,453.55,EUR,YAHOO
MC.PA,2026-07-24,461.7,EUR,YAHOO
MC.PA,2026-07-27,466.8,EUR,YAHOO
MC.PA,2026-07-28,470.3,EUR,YAHOO
MC.PA,2026-07-29,467.95,EUR,YAHOO
MC.PA,2026-07-30,473.3,EUR,YAHOO
MC.PA,2026-07-31,475.15,EUR,YAHOO
MC.PA,2026-08-03,486.9,EUR,YAHOO
MC.PA,2026-08-04,485.0,EUR,YAHOO
MC.PA,2026-08-05,479.7,EUR,YAHOO
MC.PA,2026-08-06,481.45,EUR,YAHOO
MC.PA,2026-08-07,480.0,EUR,YAHOO
MC.PA,2026-08-10,482.45,EUR,YAHOO
MC.PA,2026-08-11,478.8,EUR,YAHOO
MC.PA,2026-08-12,464.95,EUR,YAHOO
MC.PA,2026-08-13,460.0,EUR,YAHOO
MC.PA,2026-08-14,458.4,EUR,YAHOO
MC.PA,2026-08-17,446.0,EUR,YAHOO
MC.PA,2026-08-18,447.75,EUR,YAHOO
MC.PA,2026-08-19,456.0,EUR,YAHOO
MC.PA,2026-08-20,443.1,EUR,YAHOO
MC.PA,2026-08-21,452.5,EUR,YAHOO
MC.PA,2026-08-24,459.35,EUR,YAHOO
MC.PA,2026-08-25,450.7,EUR,YAHOO
MC.PA,2026-08-26,453.8,EUR,YAHOO
MC.PA,2026-08-27,447.4,EUR,YAHOO
MC.PA,2026-08-28,458.15,EUR,YAHOO
MC.PA,2026-08-31,453.3,EUR,YAHOO
MC.PA,2026-09-01,445.0,EUR,YAHOO
MC.PA,2026-09-02,439.0,EUR,YAHOO
MC.PA,2026-09-03,431.05,EUR,YAHOO
MC.PA,2026-09-04,429.1,EUR,YAHOO
MC.PA,2026-09-08,426.55,EUR,YAHOO
MC.PA,2026-09-09,411.25,EUR,YAHOO
MC.PA,2026-09-10,406.5,EUR,YAHOO
MC.PA,2026-09-11,415.3,EUR,YAHOO
MSFT,2023-09-14,330.9487,USD,YAHOO
MSFT,2023-09-15,322.6628,USD,YAHOO
MSFT,2023-09-18,321.5293,USD,YAHOO
MSFT,2023-09-19,321.1287,USD,YAHOO
MSFT,2023-09-20,313.429,USD,YAHOO
MSFT,2023-09-21,312.2174,USD,YAHOO
MSFT,2023-09-22,309.7551,USD,YAHOO
MSFT,2023-09-25,310.2729,USD,YAHOO
MSFT,2023-09-26,304.9965,USD,YAHOO
MSFT,2023-09-27,305.6316,USD,YAHOO
MSFT,2023-09-28,306.4622,USD,YAHOO
MSFT,2023-09-29,308.5239,USD,YAHOO
MSFT,2023-10-02,314.4355,USD,YAHOO
MSFT,2023-10-03,306.2179,USD,YAHOO
MSFT,2023-10-04,311.6604,USD,YAHOO
MSFT,2023-10-05,312.0512,USD,YAHOO
MSFT,2023-10-06,319.7704,USD,YAHOO
MSFT,2023-10-09,322.2719,USD,YAHOO
MSFT,2023-10-10,320.8746,USD,YAHOO
MSFT,2023-10-11,324.8124,USD,YAHOO
MSFT,2023-10-12,323.5812,USD,YAHOO
MSFT,2023-10-13,320.2297,USD,YAHOO
MSFT,2023-10-16,325.0273,USD,YAHOO
MSFT,2023-10-17,324.4606,USD,YAHOO
MSFT,2023-10-18,322.5552,USD,YAHOO
MSFT,2023-10-19,323.7376,USD,YAHOO
MSFT,2023-10-20,319.194,USD,YAHOO
MSFT,2023-10-23,321.7834,USD,YAHOO
MSFT,2023-10-24,322.9656,USD,YAHOO
MSFT,2023-10-25,332.8735,USD,YAHOO
MSFT,2023-10-26,320.386,USD,YAHOO
MSFT,2023-10-27,322.2621,USD,YAHOO
MSFT,2023-10-30,329.5905,USD,YAHOO
MSFT,2023-10-31,330.3721,USD,YAHOO
MSFT,2023-11-01,338.15,USD,YAHOO
MSFT,2023-11-02,340.3485,USD,YAHOO
MSFT,2023-11-03,344.7259,USD,YAHOO
MSFT,2023-11-06,348.3706,USD,YAHOO
MSFT,2023-11-07,352.279,USD,YAHOO
MSFT,2023-11-08,354.888,USD,YAHOO
MSFT,2023-11-09,352.4354,USD,YAHOO
MSFT,2023-11-10,361.2099,USD,YAHOO
MSFT,2023-11-13,358.2883,USD,YAHOO
MSFT,2023-11-14,361.7962,USD,YAHOO
MSFT,2023-11-15,361.943,USD,YAHOO
MSFT,2023-11-16,368.3072,USD,YAHOO
MSFT,2023-11-17,362.1192,USD,YAHOO
MSFT,2023-11-20,369.5506,USD,YAHOO
MSFT,2023-11-21,365.272,USD,YAHOO
MSFT,2023-11-22,369.9521,USD,YAHOO
MSFT,2023-11-24,369.5408,USD,YAHOO
MSFT,2023-11-27,370.6961,USD,YAHOO
MSFT,2023-11-28,374.7007,USD,YAHOO
MSFT,2023-11-29,370.9311,USD,YAHOO
MSFT,2023-11-30,370.9899,USD,YAHOO
MSFT,2023-12-01,366.6819,USD,YAHOO
MSFT,2023-12-04,361.4241,USD,YAHOO
MSFT,2023-12-05,364.7334,USD,YAHOO
MSFT,2023-12-06,361.0912,USD,YAHOO
MSFT,2023-12-07,363.1962,USD,YAHOO
MSFT,2023-12-08,366.4077,USD,YAHOO
MSFT,2023-12-11,363.5389,USD,YAHOO
MSFT,2023-12-12,366.5546,USD,YAHOO
MSFT,2023-12-13,366.5447,USD,YAHOO
MSFT,2023-12-14,358.2812,USD,YAHOO
MSFT,2023-12-15,362.9809,USD,YAHOO
MSFT,2023-12-18,364.8607,USD,YAHOO
MSFT,2023-12-19,365.458,USD,YAHOO
MSFT,2023-12-20,362.8732,USD,YAHOO
MSFT,2023-12-21,365.7321,USD,YAHOO
MSFT,2023-12-22,366.7504,USD,YAHOO
MSFT,2023-12-26,366.8287,USD,YAHOO
MSFT,2023-12-27,366.251,USD,YAHOO
MSFT,2023-12-28,367.4357,USD,YAHOO
MSFT,2023-12-29,368.1799,USD,YAHOO
MSFT,2024-01-02,363.118,USD,YAHOO
MSFT,2024-01-03,362.8536,USD,YAHOO
MSFT,2024-01-04,360.2492,USD,YAHOO
MSFT,2024-01-05,360.0631,USD,YAHOO
MSFT,2024-01-08,366.858,USD,YAHOO
MSFT,2024-01-09,367.9351,USD,YAHOO
MSFT,2024-01-10,374.7692,USD,YAHOO
MSFT,2024-01-11,376.5903,USD,YAHOO
MSFT,2024-01-12,380.35,USD,YAHOO
MSFT,2024-01-16,382.1124,USD,YAHOO
MSFT,2024-01-17,381.3292,USD,YAHOO
MSFT,2024-01-18,385.6372,USD,YAHOO
MSFT,2024-01-19,390.3369,USD,YAHOO
MSFT,2024-01-22,388.222,USD,YAHOO
MSFT,2024-01-23,390.562,USD,YAHOO
MSFT,2024-01-24,394.1455,USD,YAHOO
MSFT,2024-01-25,396.4072,USD,YAHOO
MSFT,2024-01-26,395.4869,USD,YAHOO
MSFT,2024-01-29,401.1558,USD,YAHOO
MSFT,2024-01-30,400.0495,USD,YAHOO
MSFT,2024-01-31,389.2697,USD,YAHOO
MSFT,2024-02-01,395.3401,USD,YAHOO
MSFT,2024-02-02,402.6246,USD,YAHOO
MSFT,2024-02-05,397.171,USD,YAHOO
MSFT,2024-02-06,397.0143,USD,YAHOO
MSFT,2024-02-07,405.3953,USD,YAHOO
MSFT,2024-02-08,405.4541,USD,YAHOO
MSFT,2024-02-09,411.7595,USD,YAHOO
MSFT,2024-02-12,406.5801,USD,YAHOO
MSFT,2024-02-13,397.827,USD,YAHOO
MSFT,2024-02-14,401.6721,USD,YAHOO
MSFT,2024-02-15,398.798,USD,YAHOO
MSFT,2024-02-16,396.3458,USD,YAHOO
MSFT,2024-02-20,395.1,USD,YAHOO
MSFT,2024-02-21,394.5017,USD,YAHOO
MSFT,2024-02-22,403.7908,USD,YAHOO
MSFT,2024-02-23,402.5059,USD,YAHOO
MSFT,2024-02-26,399.7593,USD,YAHOO
MSFT,2024-02-27,399.7005,USD,YAHOO
MSFT,2024-02-28,399.9359,USD,YAHOO
MSFT,2024-02-29,405.7429,USD,YAHOO
MSFT,2024-03-01,407.5674,USD,YAHOO
MSFT,2024-03-04,406.9984,USD,YAHOO
MSFT,2024-03-05,394.9627,USD,YAHOO
MSFT,2024-03-06,394.4134,USD,YAHOO
MSFT,2024-03-07,401.3288,USD,YAHOO
MSFT,2024-03-08,398.4645,USD,YAHOO
MSFT,2024-03-11,396.797,USD,YAHOO
MSFT,2024-03-12,407.3516,USD,YAHOO
MSFT,2024-03-13,407.175,USD,YAHOO
MSFT,2024-03-14,417.1018,USD,YAHOO
MSFT,2024-03-15,408.4698,USD,YAHOO
MSFT,2024-03-18,409.3526,USD,YAHOO
MSFT,2024-03-19,413.3645,USD,YAHOO
MSFT,2024-03-20,417.1116,USD,YAHOO
MSFT,2024-03-21,421.1726,USD,YAHOO
MSFT,2024-03-22,420.5546,USD,YAHOO
MSFT,2024-03-25,414.7869,USD,YAHOO
MSFT,2024-03-26,413.5999,USD,YAHOO
MSFT,2024-03-27,413.3841,USD,YAHOO
MSFT,2024-03-28,412.6877,USD,YAHOO
MSFT,2024-04-01,416.4642,USD,YAHOO
MSFT,2024-04-02,413.394,USD,YAHOO
MSFT,2024-04-03,412.4229,USD,YAHOO
MSFT,2024-04-04,409.902,USD,YAHOO
MSFT,2024-04-05,417.3961,USD,YAHOO
MSFT,2024-04-08,416.4838,USD,YAHOO
MSFT,2024-04-09,418.1415,USD,YAHOO
MSFT,2024-04-10,415.1792,USD,YAHOO
MSFT,2024-04-11,419.76,USD,YAHOO
MSFT,2024-04-12,413.8452,USD,YAHOO
MSFT,2024-04-15,405.7429,USD,YAHOO
MSFT,2024-04-16,406.6649,USD,YAHOO
MSFT,2024-04-17,403.9772,USD,YAHOO
MSFT,2024-04-18,396.5517,USD,YAHOO
MSFT,2024-04-19,391.5001,USD,YAHOO
MSFT,2024-04-22,393.3049,USD,YAHOO
MSFT,2024-04-23,399.7888,USD,YAHOO
MSFT,2024-04-24,401.2504,USD,YAHOO
MSFT,2024-04-25,391.4216,USD,YAHOO
MSFT,2024-04-26,398.5626,USD,YAHOO
MSFT,2024-04-29,394.5703,USD,YAHOO
MSFT,2024-04-30,381.8969,USD,YAHOO
MSFT,2024-05-01,387.3999,USD,YAHOO
MSFT,2024-05-02,390.2445,USD,YAHOO
MSFT,2024-05-03,398.8961,USD,YAHOO
MSFT,2024-05-06,405.6448,USD,YAHOO
MSFT,2024-05-07,401.5249,USD,YAHOO
MSFT,2024-05-08,402.7021,USD,YAHOO
MSFT,2024-05-09,404.4481,USD,YAHOO
MSFT,2024-05-10,406.8219,USD,YAHOO
MSFT,2024-05-13,405.8214,USD,YAHOO
MSFT,2024-05-14,408.6071,USD,YAHOO
MSFT,2024-05-15,415.7512,USD,YAHOO
MSFT,2024-05-16,413.6974,USD,YAHOO
MSFT,2024-05-17,412.9309,USD,YAHOO
MSFT,2024-05-20,417.972,USD,YAHOO
MSFT,2024-05-21,421.6079,USD,YAHOO
MSFT,2024-05-22,423.0623,USD,YAHOO
MSFT,2024-05-23,419.6033,USD,YAHOO
MSFT,2024-05-24,422.7086,USD,YAHOO
MSFT,2024-05-28,422.8658,USD,YAHOO
MSFT,2024-05-29,421.7357,USD,YAHOO
MSFT,2024-05-30,407.4869,USD,YAHOO
MSFT,2024-05-31,407.9389,USD,YAHOO
MSFT,2024-06-03,406.3568,USD,YAHOO
MSFT,2024-06-04,408.8626,USD,YAHOO
MSFT,2024-06-05,416.6651,USD,YAHOO
MSFT,2024-06-06,417.1662,USD,YAHOO
MSFT,2024-06-07,416.5079,USD,YAHOO
MSFT,2024-06-10,420.4583,USD,YAHOO
MSFT,2024-06-11,425.1849,USD,YAHOO
MSFT,2024-06-12,433.4197,USD,YAHOO
MSFT,2024-06-13,433.9307,USD,YAHOO
MSFT,2024-06-14,434.9036,USD,YAHOO
MSFT,2024-06-17,440.6031,USD,YAHOO
MSFT,2024-06-18,438.6082,USD,YAHOO
MSFT,2024-06-20,437.9794,USD,YAHOO
MSFT,2024-06-21,441.9887,USD,YAHOO
MSFT,2024-06-24,439.9152,USD,YAHOO
MSFT,2024-06-25,443.1384,USD,YAHOO
MSFT,2024-06-26,444.3275,USD,YAHOO
MSFT,2024-06-27,445.0055,USD,YAHOO
MSFT,2024-06-28,439.2077,USD,YAHOO
MSFT,2024-07-01,448.8183,USD,YAHOO
MSFT,2024-07-02,451.3241,USD,YAHOO
MSFT,2024-07-03,452.7883,USD,YAHOO
MSFT,2024-07-05,459.4606,USD,YAHOO
MSFT,2024-07-08,458.1635,USD,YAHOO
MSFT,2024-07-09,451.5796,USD,YAHOO
MSFT,2024-07-10,458.1734,USD,YAHOO
MSFT,2024-07-11,446.8235,USD,YAHOO
MSFT,2024-07-12,445.6934,USD,YAHOO
MSFT,2024-07-15,446.0963,USD,YAHOO
MSFT,2024-07-16,441.7332,USD,YAHOO
MSFT,2024-07-17,435.8372,USD,YAHOO
MSFT,2024-07-18,432.7417,USD,YAHOO
MSFT,2024-07-19,429.5381,USD,YAHOO
MSFT,2024-07-22,435.2672,USD,YAHOO
MSFT,2024-07-23,437.1441,USD,YAHOO
MSFT,2024-07-24,421.4704,USD,YAHOO
MSFT,2024-07-25,411.1523,USD,YAHOO
MSFT,2024-07-26,417.9033,USD,YAHOO
MSFT,2024-07-29,419.3379,USD,YAHOO
MSFT,2024-07-30,415.594,USD,YAHOO
MSFT,2024-07-31,411.1031,USD,YAHOO
MSFT,2024-08-01,409.8846,USD,YAHOO
MSFT,2024-08-02,401.4139,USD,YAHOO
MSFT,2024-08-05,388.305,USD,YAHOO
MSFT,2024-08-06,392.6877,USD,YAHOO
MSFT,2024-08-07,391.5282,USD,YAHOO
MSFT,2024-08-08,395.7144,USD,YAHOO
MSFT,2024-08-09,398.9867,USD,YAHOO
MSFT,2024-08-12,399.763,USD,YAHOO
MSFT,2024-08-13,406.8383,USD,YAHOO
MSFT,2024-08-14,409.6389,USD,YAHOO
MSFT,2024-08-15,414.4824,USD,YAHOO
MSFT,2024-08-16,411.9622,USD,YAHOO
MSFT,2024-08-19,414.9747,USD,YAHOO
MSFT,2024-08-20,418.1938,USD,YAHOO
MSFT,2024-08-21,417.5441,USD,YAHOO
MSFT,2024-08-22,409.0876,USD,YAHOO
MSFT,2024-08-23,410.3084,USD,YAHOO
MSFT,2024-08-26,407.0597,USD,YAHOO
MSFT,2024-08-27,407.4042,USD,YAHOO
MSFT,2024-08-28,404.2146,USD,YAHOO
MSFT,2024-08-29,406.6954,USD,YAHOO
MSFT,2024-08-30,410.6529,USD,YAHOO
MSFT,2024-09-03,403.0727,USD,YAHOO
MSFT,2024-09-04,402.5411,USD,YAHOO
MSFT,2024-09-05,402.039,USD,YAHOO
MSFT,2024-09-06,395.4531,USD,YAHOO
MSFT,2024-09-09,399.4105,USD,YAHOO
MSFT,2024-09-10,407.7587,USD,YAHOO
MSFT,2024-09-11,416.4612,USD,YAHOO
MSFT,2024-09-12,420.3596,USD,YAHOO
MSFT,2024-09-13,423.8938,USD,YAHOO
MSFT,2024-09-16,424.6321,USD,YAHOO
MSFT,2024-09-17,428.3828,USD,YAHOO
MSFT,2024-09-18,424.1104,USD,YAHOO
MSFT,2024-09-19,431.8678,USD,YAHOO
MSFT,2024-09-20,428.501,USD,YAHOO
MSFT,2024-09-23,426.7683,USD,YAHOO
MSFT,2024-09-24,422.4958,USD,YAHOO
MSFT,2024-09-25,425.3901,USD,YAHOO
MSFT,2024-09-26,424.6025,USD,YAHOO
MSFT,2024-09-27,421.3637,USD,YAHOO
MSFT,2024-09-30,423.6083,USD,YAHOO
MSFT,2024-10-01,414.1477,USD,YAHOO
MSFT,2024-10-02,410.6431,USD,YAHOO
MSFT,2024-10-03,410.0623,USD,YAHOO
MSFT,2024-10-04,409.5897,USD,YAHOO
MSFT,2024-10-07,403.1711,USD,YAHOO
MSFT,2024-10-08,408.2607,USD,YAHOO
MSFT,2024-10-09,410.968,USD,YAHOO
MSFT,2024-10-10,409.3731,USD,YAHOO
MSFT,2024-10-11,409.8457,USD,YAHOO
MSFT,2024-10-14,412.6219,USD,YAHOO
MSFT,2024-10-15,412.2281,USD,YAHOO
MSFT,2024-10-16,409.6488,USD,YAHOO
MSFT,2024-10-17,410.2395,USD,YAHOO
MSFT,2024-10-18,411.6571,USD,YAHOO
MSFT,2024-10-21,412.2674,USD,YAHOO
MSFT,2024-10-22,420.8617,USD,YAHOO
MSFT,2024-10-23,417.9969,USD,YAHOO
MSFT,2024-10-24,418.1249,USD,YAHOO
MSFT,2024-10-25,421.4917,USD,YAHOO
MSFT,2024-10-28,419.956,USD,YAHOO
MSFT,2024-10-29,425.2326,USD,YAHOO
MSFT,2024-10-30,425.8036,USD,YAHOO
MSFT,2024-10-31,400.0307,USD,YAHOO
MSFT,2024-11-01,403.9882,USD,YAHOO
MSFT,2024-11-04,402.1079,USD,YAHOO
MSFT,2024-11-05,405.0613,USD,YAHOO
MSFT,2024-11-06,413.6456,USD,YAHOO
MSFT,2024-11-07,418.814,USD,YAHOO
MSFT,2024-11-08,415.969,USD,YAHOO
MSFT,2024-11-11,411.5094,USD,YAHOO
MSFT,2024-11-12,416.4514,USD,YAHOO
MSFT,2024-11-13,418.5876,USD,YAHOO
MSFT,2024-11-14,420.2513,USD,YAHOO
MSFT,2024-11-15,408.5462,USD,YAHOO
MSFT,2024-11-18,409.2944,USD,YAHOO
MSFT,2024-11-19,411.2928,USD,YAHOO
MSFT,2024-11-20,409.0286,USD,YAHOO
MSFT,2024-11-21,407.2629,USD,YAHOO
MSFT,2024-11-22,411.3368,USD,YAHOO
MSFT,2024-11-25,413.1025,USD,YAHOO
MSFT,2024-11-26,422.1776,USD,YAHOO
MSFT,2024-11-27,417.2454,USD,YAHOO
MSFT,2024-11-29,417.709,USD,YAHOO
MSFT,2024-12-02,425.127,USD,YAHOO
MSFT,2024-12-03,425.344,USD,YAHOO
MSFT,2024-12-04,431.4795,USD,YAHOO
MSFT,2024-12-05,436.6089,USD,YAHOO
MSFT,2024-12-06,437.546,USD,YAHOO
MSFT,2024-12-09,439.9627,USD,YAHOO
MSFT,2024-12-10,437.3092,USD,YAHOO
MSFT,2024-12-11,442.8923,USD,YAHOO
MSFT,2024-12-12,443.4546,USD,YAHOO
MSFT,2024-12-13,441.1957,USD,YAHOO
MSFT,2024-12-16,445.4571,USD,YAHOO
MSFT,2024-12-17,448.288,USD,YAHOO
MSFT,2024-12-18,431.4499,USD,YAHOO
MSFT,2024-12-19,431.0948,USD,YAHOO
MSFT,2024-12-20,430.6707,USD,YAHOO
MSFT,2024-12-23,429.339,USD,YAHOO
MSFT,2024-12-24,433.3635,USD,YAHOO
MSFT,2024-12-26,432.1601,USD,YAHOO
MSFT,2024-12-27,424.6831,USD,YAHOO
MSFT,2024-12-30,419.0605,USD,YAHOO
MSFT,2024-12-31,415.7757,USD,YAHOO
MSFT,2025-01-02,412.8953,USD,YAHOO
MSFT,2025-01-03,417.6006,USD,YAHOO
MSFT,2025-01-06,422.0395,USD,YAHOO
MSFT,2025-01-07,416.6339,USD,YAHOO
MSFT,2025-01-08,418.7941,USD,YAHOO
MSFT,2025-01-10,413.2603,USD,YAHOO
MSFT,2025-01-13,411.5242,USD,YAHOO
MSFT,2025-01-14,410.0249,USD,YAHOO
MSFT,2025-01-15,420.5204,USD,YAHOO
MSFT,2025-01-16,418.8139,USD,YAHOO
MSFT,2025-01-17,423.2035,USD,YAHOO
MSFT,2025-01-21,422.6807,USD,YAHOO
MSFT,2025-01-22,440.1403,USD,YAHOO
MSFT,2025-01-23,440.6433,USD,YAHOO
MSFT,2025-01-24,438.0293,USD,YAHOO
MSFT,2025-01-27,428.6583,USD,YAHOO
MSFT,2025-01-28,441.1267,USD,YAHOO
MSFT,2025-01-29,436.3228,USD,YAHOO
MSFT,2025-01-30,409.3541,USD,YAHOO
MSFT,2025-01-31,409.4232,USD,YAHOO
MSFT,2025-02-03,405.3394,USD,YAHOO
MSFT,2025-02-04,406.7697,USD,YAHOO
MSFT,2025-02-05,407.6772,USD,YAHOO
MSFT,2025-02-06,410.1729,USD,YAHOO
MSFT,2025-02-07,404.1852,USD,YAHOO
MSFT,2025-02-10,406.6217,USD,YAHOO
MSFT,2025-02-11,405.8523,USD,YAHOO
MSFT,2025-02-12,403.4849,USD,YAHOO
MSFT,2025-02-13,404.9645,USD,YAHOO
MSFT,2025-02-14,402.8832,USD,YAHOO
MSFT,2025-02-18,404.0768,USD,YAHOO
MSFT,2025-02-19,409.1371,USD,YAHOO
MSFT,2025-02-20,411.3017,USD,YAHOO
MSFT,2025-02-21,403.4736,USD,YAHOO
MSFT,2025-02-24,399.3124,USD,YAHOO
MSFT,2025-02-25,393.2832,USD,YAHOO
MSFT,2025-02-26,395.092,USD,YAHOO
MSFT,2025-02-27,387.9755,USD,YAHOO
MSFT,2025-02-28,392.3838,USD,YAHOO
MSFT,2025-03-03,383.9824,USD,YAHOO
MSFT,2025-03-04,384.101,USD,YAHOO
MSFT,2025-03-05,396.367,USD,YAHOO
MSFT,2025-03-06,392.2849,USD,YAHOO
MSFT,2025-03-07,388.7465,USD,YAHOO
MSFT,2025-03-10,375.749,USD,YAHOO
MSFT,2025-03-11,376.0357,USD,YAHOO
MSFT,2025-03-12,378.8229,USD,YAHOO
MSFT,2025-03-13,374.3752,USD,YAHOO
MSFT,2025-03-14,384.0515,USD,YAHOO
MSFT,2025-03-17,384.19,USD,YAHOO
MSFT,2025-03-18,379.0701,USD,YAHOO
MSFT,2025-03-19,383.3202,USD,YAHOO
MSFT,2025-03-20,382.3516,USD,YAHOO
MSFT,2025-03-21,386.7203,USD,YAHOO
MSFT,2025-03-24,388.5191,USD,YAHOO
MSFT,2025-03-25,390.575,USD,YAHOO
MSFT,2025-03-26,385.4452,USD,YAHOO
MSFT,2025-03-27,386.0481,USD,YAHOO
MSFT,2025-03-28,374.4048,USD,YAHOO
MSFT,2025-03-31,371.0344,USD,YAHOO
MSFT,2025-04-01,377.7555,USD,YAHOO
MSFT,2025-04-02,377.7061,USD,YAHOO
MSFT,2025-04-03,368.7808,USD,YAHOO
MSFT,2025-04-04,355.6648,USD,YAHOO
MSFT,2025-04-07,353.7078,USD,YAHOO
MSFT,2025-04-08,350.4461,USD,YAHOO
MSFT,2025-04-09,385.9592,USD,YAHOO
MSFT,2025-04-10,376.9252,USD,YAHOO
MSFT,2025-04-11,383.9429,USD,YAHOO
MSFT,2025-04-14,383.3102,USD,YAHOO
MSFT,2025-04-15,381.2544,USD,YAHOO
MSFT,2025-04-16,367.2982,USD,YAHOO
MSFT,2025-04-17,363.5127,USD,YAHOO
MSFT,2025-04-21,354.9532,USD,YAHOO
MSFT,2025-04-22,362.5638,USD,YAHOO
MSFT,2025-04-23,370.046,USD,YAHOO
MSFT,2025-04-24,382.8062,USD,YAHOO
MSFT,2025-04-25,387.3034,USD,YAHOO
MSFT,2025-04-28,386.6214,USD,YAHOO
MSFT,2025-04-29,389.468,USD,YAHOO
MSFT,2025-04-30,390.6738,USD,YAHOO
MSFT,2025-05-01,420.4641,USD,YAHOO
MSFT,2025-05-02,430.2295,USD,YAHOO
MSFT,2025-05-05,431.1092,USD,YAHOO
MSFT,2025-05-06,428.2823,USD,YAHOO
MSFT,2025-05-07,428.3219,USD,YAHOO
MSFT,2025-05-08,433.0859,USD,YAHOO
MSFT,2025-05-09,433.6395,USD,YAHOO
MSFT,2025-05-12,444.0473,USD,YAHOO
MSFT,2025-05-13,443.9287,USD,YAHOO
MSFT,2025-05-14,447.6846,USD,YAHOO
MSFT,2025-05-15,448.6946,USD,YAHOO
MSFT,2025-05-16,449.8234,USD,YAHOO
MSFT,2025-05-19,454.3784,USD,YAHOO
MSFT,2025-05-20,453.6853,USD,YAHOO
MSFT,2025-05-21,448.1401,USD,YAHOO
MSFT,2025-05-22,450.4077,USD,YAHOO
MSFT,2025-05-23,445.7735,USD,YAHOO
MSFT,2025-05-27,456.1806,USD,YAHOO
MSFT,2025-05-28,452.8832,USD,YAHOO
MSFT,2025-05-29,454.1903,USD,YAHOO
MSFT,2025-05-30,455.8538,USD,YAHOO
MSFT,2025-06-02,457.4481,USD,YAHOO
MSFT,2025-06-03,458.4383,USD,YAHOO
MSFT,2025-06-04,459.3295,USD,YAHOO
MSFT,2025-06-05,463.1022,USD,YAHOO
MSFT,2025-06-06,465.7757,USD,YAHOO
MSFT,2025-06-09,468.1226,USD,YAHOO
MSFT,2025-06-10,466.3105,USD,YAHOO
MSFT,2025-06-11,467.9938,USD,YAHOO
MSFT,2025-06-12,474.1826,USD,YAHOO
MSFT,2025-06-13,470.3109,USD,YAHOO
MSFT,2025-06-16,474.45,USD,YAHOO
MSFT,2025-06-17,473.3608,USD,YAHOO
MSFT,2025-06-18,475.5392,USD,YAHOO
MSFT,2025-06-20,472.727,USD,YAHOO
MSFT,2025-06-23,481.2429,USD,YAHOO
MSFT,2025-06-24,485.3127,USD,YAHOO
MSFT,2025-06-25,487.4515,USD,YAHOO
MSFT,2025-06-26,492.5808,USD,YAHOO
MSFT,2025-06-27,491.0856,USD,YAHOO
MSFT,2025-06-30,492.5411,USD,YAHOO
MSFT,2025-07-01,487.2336,USD,YAHOO
MSFT,2025-07-02,486.2831,USD,YAHOO
MSFT,2025-07-03,493.9572,USD,YAHOO
MSFT,2025-07-07,492.8481,USD,YAHOO
MSFT,2025-07-08,491.7589,USD,YAHOO
MSFT,2025-07-09,498.5815,USD,YAHOO
MSFT,2025-07-10,496.5714,USD,YAHOO
MSFT,2025-07-11,498.3933,USD,YAHOO
MSFT,2025-07-14,498.0963,USD,YAHOO
MSFT,2025-07-15,500.8688,USD,YAHOO
MSFT,2025-07-16,500.6709,USD,YAHOO
MSFT,2025-07-17,506.6913,USD,YAHOO
MSFT,2025-07-18,505.0574,USD,YAHOO
MSFT,2025-07-21,505.0673,USD,YAHOO
MSFT,2025-07-22,500.3242,USD,YAHOO
MSFT,2025-07-23,500.9183,USD,YAHOO
MSFT,2025-07-24,505.8793,USD,YAHOO
MSFT,2025-07-25,508.6817,USD,YAHOO
MSFT,2025-07-28,507.4835,USD,YAHOO
MSFT,2025-07-29,507.5528,USD,YAHOO
MSFT,2025-07-30,508.2162,USD,YAHOO
MSFT,2025-07-31,528.278,USD,YAHOO
MSFT,2025-08-01,518.9799,USD,YAHOO
MSFT,2025-08-04,530.3969,USD,YAHOO
MSFT,2025-08-05,522.5842,USD,YAHOO
MSFT,2025-08-06,519.8017,USD,YAHOO
MSFT,2025-08-07,515.7418,USD,YAHOO
MSFT,2025-08-08,516.9301,USD,YAHOO
MSFT,2025-08-11,516.6628,USD,YAHOO
MSFT,2025-08-12,524.0596,USD,YAHOO
MSFT,2025-08-13,515.4844,USD,YAHOO
MSFT,2025-08-14,517.3657,USD,YAHOO
MSFT,2025-08-15,515.0784,USD,YAHOO
MSFT,2025-08-18,512.0385,USD,YAHOO
MSFT,2025-08-19,504.7802,USD,YAHOO
MSFT,2025-08-20,500.7698,USD,YAHOO
MSFT,2025-08-21,500.1251,USD,YAHOO
MSFT,2025-08-22,503.0908,USD,YAHOO
MSFT,2025-08-25,500.145,USD,YAHOO
MSFT,2025-08-26,497.9431,USD,YAHOO
MSFT,2025-08-27,502.6047,USD,YAHOO
MSFT,2025-08-28,505.481,USD,YAHOO
MSFT,2025-08-29,502.5551,USD,YAHOO
MSFT,2025-09-02,500.9979,USD,YAHOO
MSFT,2025-09-03,501.2261,USD,YAHOO
MSFT,2025-09-04,503.8247,USD,YAHOO
MSFT,2025-09-05,490.9606,USD,YAHOO
MSFT,2025-09-08,494.1344,USD,YAHOO
MSFT,2025-09-09,494.3427,USD,YAHOO
MSFT,2025-09-10,496.2867,USD,YAHOO
MSFT,2025-09-11,496.9215,USD,YAHOO
MSFT,2025-09-12,505.739,USD,YAHOO
MSFT,2025-09-15,511.1544,USD,YAHOO
MSFT,2025-09-16,504.886,USD,YAHOO
MSFT,2025-09-17,505.8579,USD,YAHOO
MSFT,2025-09-18,504.3008,USD,YAHOO
MSFT,2025-09-19,513.7034,USD,YAHOO
MSFT,2025-09-22,510.2518,USD,YAHOO
MSFT,2025-09-23,505.0744,USD,YAHOO
MSFT,2025-09-24,505.9869,USD,YAHOO
MSFT,2025-09-25,502.8924,USD,YAHOO
MSFT,2025-09-26,507.2862,USD,YAHOO
MSFT,2025-09-29,510.4005,USD,YAHOO
MSFT,2025-09-30,513.7233,USD,YAHOO
MSFT,2025-10-01,515.4689,USD,YAHOO
MSFT,2025-10-02,511.5313,USD,YAHOO
MSFT,2025-10-03,513.1281,USD,YAHOO
MSFT,2025-10-06,524.2566,USD,YAHOO
MSFT,2025-10-07,519.704,USD,YAHOO
MSFT,2025-10-08,520.5669,USD,YAHOO
MSFT,2025-10-09,518.1369,USD,YAHOO
MSFT,2025-10-10,506.7903,USD,YAHOO
MSFT,2025-10-13,509.8551,USD,YAHOO
MSFT,2025-10-14,509.379,USD,YAHOO
MSFT,2025-10-15,509.2401,USD,YAHOO
MSFT,2025-10-16,507.4349,USD,YAHOO
MSFT,2025-10-17,509.389,USD,YAHOO
MSFT,2025-10-20,512.5726,USD,YAHOO
MSFT,2025-10-21,513.4356,USD,YAHOO
MSFT,2025-10-22,516.2921,USD,YAHOO
MSFT,2025-10-23,516.312,USD,YAHOO
MSFT,2025-10-24,519.337,USD,YAHOO
MSFT,2025-10-27,527.1826,USD,YAHOO
MSFT,2025-10-28,537.6464,USD,YAHOO
MSFT,2025-10-29,537.1306,USD,YAHOO
MSFT,2025-10-30,521.4695,USD,YAHOO
MSFT,2025-10-31,513.5844,USD,YAHOO
MSFT,2025-11-03,512.8107,USD,YAHOO
MSFT,2025-11-04,510.1328,USD,YAHOO
MSFT,2025-11-05,503.0213,USD,YAHOO
MSFT,2025-11-06,493.0434,USD,YAHOO
MSFT,2025-11-07,492.7657,USD,YAHOO
MSFT,2025-11-10,501.8707,USD,YAHOO
MSFT,2025-11-11,504.5289,USD,YAHOO
MSFT,2025-11-12,506.9688,USD,YAHOO
MSFT,2025-11-13,499.1829,USD,YAHOO
MSFT,2025-11-14,506.0166,USD,YAHOO
MSFT,2025-11-17,503.3486,USD,YAHOO
MSFT,2025-11-18,489.7604,USD,YAHOO
MSFT,2025-11-19,483.1448,USD,YAHOO
MSFT,2025-11-20,475.4139,USD,YAHOO
MSFT,2025-11-21,469.1437,USD,YAHOO
MSFT,2025-11-24,471.0118,USD,YAHOO
MSFT,2025-11-25,473.9829,USD,YAHOO
MSFT,2025-11-26,482.4393,USD,YAHOO
MSFT,2025-11-28,488.9083,USD,YAHOO
MSFT,2025-12-01,483.6715,USD,YAHOO
MSFT,2025-12-02,486.9109,USD,YAHOO
MSFT,2025-12-03,474.7183,USD,YAHOO
MSFT,2025-12-04,477.8087,USD,YAHOO
MSFT,2025-12-05,480.114,USD,YAHOO
MSFT,2025-12-08,487.9245,USD,YAHOO
MSFT,2025-12-09,488.9182,USD,YAHOO
MSFT,2025-12-10,475.5431,USD,YAHOO
MSFT,2025-12-11,480.4221,USD,YAHOO
MSFT,2025-12-12,475.5133,USD,YAHOO
MSFT,2025-12-15,471.8267,USD,YAHOO
MSFT,2025-12-16,473.3867,USD,YAHOO
MSFT,2025-12-17,473.1184,USD,YAHOO
MSFT,2025-12-18,480.9289,USD,YAHOO
MSFT,2025-12-19,482.8567,USD,YAHOO
MSFT,2025-12-22,481.863,USD,YAHOO
MSFT,2025-12-23,483.7808,USD,YAHOO
MSFT,2025-12-24,484.9434,USD,YAHOO
MSFT,2025-12-26,484.6354,USD,YAHOO
MSFT,2025-12-29,484.0292,USD,YAHOO
MSFT,2025-12-30,484.4069,USD,YAHOO
MSFT,2025-12-31,480.5712,USD,YAHOO
MSFT,2026-01-02,469.9585,USD,YAHOO
MSFT,2026-01-05,469.8691,USD,YAHOO
MSFT,2026-01-06,475.4934,USD,YAHOO
MSFT,2026-01-07,480.4221,USD,YAHOO
MSFT,2026-01-08,475.0959,USD,YAHOO
MSFT,2026-01-09,476.2585,USD,YAHOO
MSFT,2026-01-12,474.1718,USD,YAHOO
MSFT,2026-01-13,467.7028,USD,YAHOO
MSFT,2026-01-14,456.484,USD,YAHOO
MSFT,2026-01-15,453.7811,USD,YAHOO
MSFT,2026-01-16,456.961,USD,YAHOO
MSFT,2026-01-20,451.6546,USD,YAHOO
MSFT,2026-01-21,441.3102,USD,YAHOO
MSFT,2026-01-22,448.2959,USD,YAHOO
MSFT,2026-01-23,463.0126,USD,YAHOO
MSFT,2026-01-26,467.3153,USD,YAHOO
MSFT,2026-01-27,477.5503,USD,YAHOO
MSFT,2026-01-28,478.5937,USD,YAHOO
MSFT,2026-01-29,430.7672,USD,YAHOO
MSFT,2026-01-30,427.5774,USD,YAHOO
MSFT,2026-02-02,420.701,USD,YAHOO
MSFT,2026-02-03,408.6176,USD,YAHOO
MSFT,2026-02-04,411.5789,USD,YAHOO
MSFT,2026-02-05,391.1883,USD,YAHOO
MSFT,2026-02-06,398.6111,USD,YAHOO
MSFT,2026-02-09,410.9926,USD,YAHOO
MSFT,2026-02-10,410.6646,USD,YAHOO
MSFT,2026-02-11,401.8208,USD,YAHOO
MSFT,2026-02-12,399.3067,USD,YAHOO
MSFT,2026-02-13,398.79,USD,YAHOO
MSFT,2026-02-17,394.3581,USD,YAHOO
MSFT,2026-02-18,397.0808,USD,YAHOO
MSFT,2026-02-19,396.8518,USD,YAHOO
MSFT,2026-02-20,395.6267,USD,YAHOO
MSFT,2026-02-23,382.9182,USD,YAHOO
MSFT,2026-02-24,387.4299,USD,YAHOO
MSFT,2026-02-25,398.9831,USD,YAHOO
MSFT,2026-02-26,400.0986,USD,YAHOO
MSFT,2026-02-27,391.1548,USD,YAHOO
MSFT,2026-03-02,396.9414,USD,YAHOO
MSFT,2026-03-03,402.2997,USD,YAHOO
MSFT,2026-03-04,403.5646,USD,YAHOO
MSFT,2026-03-05,409.0224,USD,YAHOO
MSFT,2026-03-06,407.3094,USD,YAHOO
MSFT,2026-03-09,407.7576,USD,YAHOO
MSFT,2026-03-10,404.1223,USD,YAHOO
MSFT,2026-03-11,403.2458,USD,YAHOO
MSFT,2026-03-12,400.238,USD,YAHOO
MSFT,2026-03-13,393.9535,USD,YAHOO
MSFT,2026-03-16,398.3358,USD,YAHOO
MSFT,2026-03-17,397.7979,USD,YAHOO
MSFT,2026-03-18,390.2087,USD,YAHOO
MSFT,2026-03-19,387.4499,USD,YAHOO
MSFT,2026-03-20,380.3287,USD,YAHOO
MSFT,2026-03-23,381.4542,USD,YAHOO
MSFT,2026-03-24,371.2356,USD,YAHOO
MSFT,2026-03-25,369.5424,USD,YAHOO
MSFT,2026-03-26,364.4929,USD,YAHOO
MSFT,2026-03-27,355.33,USD,YAHOO
MSFT,2026-03-30,357.5112,USD,YAHOO
MSFT,2026-03-31,368.676,USD,YAHOO
MSFT,2026-04-01,367.8792,USD,YAHOO
MSFT,2026-04-02,371.9527,USD,YAHOO
MSFT,2026-04-06,371.375,USD,YAHOO
MSFT,2026-04-07,370.7874,USD,YAHOO
MSFT,2026-04-08,372.8191,USD,YAHOO
MSFT,2026-04-09,371.5642,USD,YAHOO
MSFT,2026-04-10,369.3731,USD,YAHOO
MSFT,2026-04-13,382.8186,USD,YAHOO
MSFT,2026-04-14,391.5233,USD,YAHOO
MSFT,2026-04-15,409.5603,USD,YAHOO
MSFT,2026-04-16,418.5638,USD,YAHOO
MSFT,2026-04-17,421.0836,USD,YAHOO
MSFT,2026-04-20,416.3826,USD,YAHOO
MSFT,2026-04-21,422.448,USD,YAHOO
MSFT,2026-04-22,431.1727,USD,YAHOO
MSFT,2026-04-23,414.072,USD,YAHOO
MSFT,2026-04-24,422.9062,USD,YAHOO
MSFT,2026-04-27,423.1054,USD,YAHOO
MSFT,2026-04-28,427.5175,USD,YAHOO
MSFT,2026-04-29,422.7468,USD,YAHOO
MSFT,2026-04-30,406.1342,USD,YAHOO
MSFT,2026-05-01,412.7673,USD,YAHOO
MSFT,2026-05-04,411.9506,USD,YAHOO
MSFT,2026-05-05,409.7196,USD,YAHOO
MSFT,2026-05-06,412.2892,USD,YAHOO
MSFT,2026-05-07,419.0717,USD,YAHOO
MSFT,2026-05-08,413.4445,USD,YAHOO
MSFT,2026-05-11,410.9944,USD,YAHOO
MSFT,2026-05-12,406.1242,USD,YAHOO
MSFT,2026-05-13,403.5745,USD,YAHOO
MSFT,2026-05-14,407.7775,USD,YAHOO
MSFT,2026-05-15,420.2171,USD,YAHOO
MSFT,2026-05-18,421.8306,USD,YAHOO
MSFT,2026-05-19,415.7353,USD,YAHOO
MSFT,2026-05-20,419.3605,USD,YAHOO
MSFT,2026-05-21,418.3025,USD,YAHOO
MSFT,2026-05-22,417.7835,USD,YAHOO
MSFT,2026-05-26,415.2483,USD,YAHOO
MSFT,2026-05-27,411.8946,USD,YAHOO
MSFT,2026-05-28,426.1877,USD,YAHOO
MSFT,2026-05-29,449.394,USD,YAHOO
MSFT,2026-06-01,459.6547,USD,YAHOO
MSFT,2026-06-02,440.4808,USD,YAHOO
MSFT,2026-06-03,426.537,USD,YAHOO
MSFT,2026-06-04,427.2457,USD,YAHOO
MSFT,2026-06-05,415.8871,USD,YAHOO
MSFT,2026-06-08,410.9663,USD,YAHOO
MSFT,2026-06-09,402.652,USD,YAHOO
MSFT,2026-06-10,396.6133,USD,YAHOO
MSFT,2026-06-11,389.6066,USD,YAHOO
MSFT,2026-06-12,390.0058,USD,YAHOO
MSFT,2026-06-15,399.0089,USD,YAHOO
MSFT,2026-06-16,393.09,USD,YAHOO
MSFT,2026-06-17,378.198,USD,YAHOO
MSFT,2026-06-18,378.6871,USD,YAHOO
MSFT,2026-06-22,366.6498,USD,YAHOO
MSFT,2026-06-23,373.2374,USD,YAHOO
MSFT,2026-06-24,364.7733,USD,YAHOO
MSFT,2026-06-25,352.167,USD,YAHOO
MSFT,2026-06-26,372.2692,USD,YAHOO
MSFT,2026-06-29,367.8775,USD,YAHOO
MSFT,2026-06-30,372.3191,USD,YAHOO
MSFT,2026-07-01,383.558,USD,YAHOO
MSFT,2026-07-02,389.7563,USD,YAHOO
MSFT,2026-07-06,386.0133,USD,YAHOO
MSFT,2026-07-07,388.1094,USD,YAHOO
MSFT,2026-07-08,382.6197,USD,YAHOO
MSFT,2026-07-09,383.6378,USD,YAHOO
MSFT,2026-07-10,384.3764,USD,YAHOO
MSFT,2026-07-13,390.2553,USD,YAHOO
MSFT,2026-07-14,384.2067,USD,YAHOO
MSFT,2026-07-15,394.8866,USD,YAHOO
MSFT,2026-07-16,400.3463,USD,YAHOO
MSFT,2026-07-17,393.08,USD,YAHOO
MSFT,2026-07-20,401.5341,USD,YAHOO
MSFT,2026-07-21,397.0026,USD,YAHOO
MSFT,2026-07-22,389.6066,USD,YAHOO
MSFT,2026-07-23,380.863,USD,YAHOO
MSFT,2026-07-24,380.9828,USD,YAHOO
MSFT,2026-07-27,388.3689,USD,YAHOO
MSFT,2026-07-28,392.6109,USD,YAHOO
MSFT,2026-07-29,389.8062,USD,YAHOO
MSFT,2026-07-30,450.2524,USD,YAHOO
MSFT,2026-07-31,463.8468,USD,YAHOO
MSFT,2026-08-03,486.7337,USD,YAHOO
MSFT,2026-08-04,491.884,USD,YAHOO
MSFT,2026-08-05,486.5441,USD,YAHOO
MSFT,2026-08-06,498.9207,USD,YAHOO
MSFT,2026-08-07,499.0505,USD,YAHOO
MSFT,2026-08-10,505.1091,USD,YAHOO
MSFT,2026-08-11,502.8633,USD,YAHOO
MSFT,2026-08-12,491.5047,USD,YAHOO
MSFT,2026-08-13,495.9464,USD,YAHOO
MSFT,2026-08-14,494.4691,USD,YAHOO
MSFT,2026-08-17,479.4474,USD,YAHOO
MSFT,2026-08-18,480.725,USD,YAHOO
MSFT,2026-08-19,483.4,USD,YAHOO
MSFT,2026-08-20,481.15,USD,YAHOO
MSFT,2026-08-21,483.24,USD,YAHOO
MSFT,2026-08-24,487.31,USD,YAHOO
MSFT,2026-08-25,491.71,USD,YAHOO
MSFT,2026-08-26,496.37,USD,YAHOO
MSFT,2026-08-27,505.06,USD,YAHOO
MSFT,2026-08-28,513.53,USD,YAHOO
MSFT,2026-08-31,507.29,USD,YAHOO
MSFT,2026-09-01,501.02,USD,YAHOO
MSFT,2026-09-02,496.82,USD,YAHOO
MSFT,2026-09-03,510.12,USD,YAHOO
MSFT,2026-09-04,499.7,USD,YAHOO
MSFT,2026-09-08,493.95,USD,YAHOO
MSFT,2026-09-09,491.65,USD,YAHOO
MSFT,2026-09-10,492.44,USD,YAHOO
MSFT,2026-09-11,495.63,USD,YAHOO
NVDA,2023-09-14,45.4453,USD,YAHOO
NVDA,2023-09-15,43.7693,USD,YAHOO
NVDA,2023-09-18,43.8351,USD,YAHOO
NVDA,2023-09-19,43.3904,USD,YAHOO
NVDA,2023-09-20,42.1132,USD,YAHOO
NVDA,2023-09-21,40.8949,USD,YAHOO
NVDA,2023-09-22,41.4861,USD,YAHOO
NVDA,2023-09-25,42.0963,USD,YAHOO
NVDA,2023-09-26,41.7862,USD,YAHOO
NVDA,2023-09-27,42.3415,USD,YAHOO
NVDA,2023-09-28,42.9607,USD,YAHOO
NVDA,2023-09-29,43.3695,USD,YAHOO
NVDA,2023-10-02,44.6487,USD,YAHOO
NVDA,2023-10-03,43.3874,USD,YAHOO
NVDA,2023-10-04,43.9099,USD,YAHOO
NVDA,2023-10-05,44.5549,USD,YAHOO
NVDA,2023-10-06,45.6257,USD,YAHOO
NVDA,2023-10-09,45.1382,USD,YAHOO
NVDA,2023-10-10,45.6616,USD,YAHOO
NVDA,2023-10-11,46.6666,USD,YAHOO
NVDA,2023-10-12,46.8052,USD,YAHOO
NVDA,2023-10-13,45.3256,USD,YAHOO
NVDA,2023-10-16,45.9577,USD,YAHOO
NVDA,2023-10-17,43.8072,USD,YAHOO
NVDA,2023-10-18,42.0704,USD,YAHOO
NVDA,2023-10-19,41.9756,USD,YAHOO
NVDA,2023-10-20,41.2638,USD,YAHOO
NVDA,2023-10-23,42.847,USD,YAHOO
NVDA,2023-10-24,43.533,USD,YAHOO
NVDA,2023-10-25,41.6546,USD,YAHOO
NVDA,2023-10-26,40.2059,USD,YAHOO
NVDA,2023-10-27,40.3794,USD,YAHOO
NVDA,2023-10-30,41.0384,USD,YAHOO
NVDA,2023-10-31,40.6586,USD,YAHOO
NVDA,2023-11-01,42.199,USD,YAHOO
NVDA,2023-11-02,43.3765,USD,YAHOO
NVDA,2023-11-03,44.871,USD,YAHOO
NVDA,2023-11-06,45.6148,USD,YAHOO
NVDA,2023-11-07,45.8182,USD,YAHOO
NVDA,2023-11-08,46.4353,USD,YAHOO
NVDA,2023-11-09,46.8102,USD,YAHOO
NVDA,2023-11-10,48.1911,USD,YAHOO
NVDA,2023-11-13,48.4752,USD,YAHOO
NVDA,2023-11-14,49.5081,USD,YAHOO
NVDA,2023-11-15,48.7424,USD,YAHOO
NVDA,2023-11-16,49.3327,USD,YAHOO
NVDA,2023-11-17,49.1512,USD,YAHOO
NVDA,2023-11-20,50.2589,USD,YAHOO
NVDA,2023-11-21,49.7953,USD,YAHOO
NVDA,2023-11-22,48.5709,USD,YAHOO
NVDA,2023-11-24,47.6337,USD,YAHOO
NVDA,2023-11-27,48.0984,USD,YAHOO
NVDA,2023-11-28,47.6786,USD,YAHOO
NVDA,2023-11-29,47.9967,USD,YAHOO
NVDA,2023-11-30,46.6307,USD,YAHOO
NVDA,2023-12-01,46.6258,USD,YAHOO
NVDA,2023-12-04,45.3745,USD,YAHOO
NVDA,2023-12-05,46.4314,USD,YAHOO
NVDA,2023-12-06,45.3715,USD,YAHOO
NVDA,2023-12-07,46.4613,USD,YAHOO
NVDA,2023-12-08,47.3687,USD,YAHOO
NVDA,2023-12-11,46.4922,USD,YAHOO
NVDA,2023-12-12,47.5193,USD,YAHOO
NVDA,2023-12-13,47.949,USD,YAHOO
NVDA,2023-12-14,48.2103,USD,YAHOO
NVDA,2023-12-15,48.7487,USD,YAHOO
NVDA,2023-12-18,49.9323,USD,YAHOO
NVDA,2023-12-19,49.4606,USD,YAHOO
NVDA,2023-12-20,47.972,USD,YAHOO
NVDA,2023-12-21,48.8484,USD,YAHOO
NVDA,2023-12-22,48.6889,USD,YAHOO
NVDA,2023-12-26,49.1366,USD,YAHOO
NVDA,2023-12-27,49.2742,USD,YAHOO
NVDA,2023-12-28,49.3789,USD,YAHOO
NVDA,2023-12-29,49.3789,USD,YAHOO
NVDA,2024-01-02,48.0288,USD,YAHOO
NVDA,2024-01-03,47.4315,USD,YAHOO
NVDA,2024-01-04,47.8593,USD,YAHOO
NVDA,2024-01-05,48.9551,USD,YAHOO
NVDA,2024-01-08,52.102,USD,YAHOO
NVDA,2024-01-09,52.9864,USD,YAHOO
NVDA,2024-01-10,54.1929,USD,YAHOO
NVDA,2024-01-11,54.6636,USD,YAHOO
NVDA,2024-01-12,54.5519,USD,YAHOO
NVDA,2024-01-16,56.2191,USD,YAHOO
NVDA,2024-01-17,55.891,USD,YAHOO
NVDA,2024-01-18,56.942,USD,YAHOO
NVDA,2024-01-19,59.3191,USD,YAHOO
NVDA,2024-01-22,59.4816,USD,YAHOO
NVDA,2024-01-23,59.7,USD,YAHOO
NVDA,2024-01-24,61.1847,USD,YAHOO
NVDA,2024-01-25,61.4389,USD,YAHOO
NVDA,2024-01-26,60.8546,USD,YAHOO
NVDA,2024-01-29,62.2845,USD,YAHOO
NVDA,2024-01-30,62.5926,USD,YAHOO
NVDA,2024-01-31,61.3492,USD,YAHOO
NVDA,2024-02-01,62.8448,USD,YAHOO
NVDA,2024-02-02,65.9688,USD,YAHOO
NVDA,2024-02-05,69.1316,USD,YAHOO
NVDA,2024-02-06,68.0258,USD,YAHOO
NVDA,2024-02-07,69.8964,USD,YAHOO
NVDA,2024-02-08,69.4397,USD,YAHOO
NVDA,2024-02-09,71.9245,USD,YAHOO
NVDA,2024-02-12,72.0392,USD,YAHOO
NVDA,2024-02-13,71.9195,USD,YAHOO
NVDA,2024-02-14,73.6864,USD,YAHOO
NVDA,2024-02-15,72.448,USD,YAHOO
NVDA,2024-02-16,72.4031,USD,YAHOO
NVDA,2024-02-20,69.2513,USD,YAHOO
NVDA,2024-02-21,67.277,USD,YAHOO
NVDA,2024-02-22,78.311,USD,YAHOO
NVDA,2024-02-23,78.5892,USD,YAHOO
NVDA,2024-02-26,78.8634,USD,YAHOO
NVDA,2024-02-27,78.4735,USD,YAHOO
NVDA,2024-02-28,77.4385,USD,YAHOO
NVDA,2024-02-29,78.8834,USD,YAHOO
NVDA,2024-03-01,82.0412,USD,YAHOO
NVDA,2024-03-04,84.9906,USD,YAHOO
NVDA,2024-03-05,85.7196,USD,YAHOO
NVDA,2024-03-06,88.4478,USD,YAHOO
NVDA,2024-03-07,92.4055,USD,YAHOO
NVDA,2024-03-08,87.2791,USD,YAHOO
NVDA,2024-03-11,85.5301,USD,YAHOO
NVDA,2024-03-12,91.6517,USD,YAHOO
NVDA,2024-03-13,90.6296,USD,YAHOO
NVDA,2024-03-14,87.694,USD,YAHOO
NVDA,2024-03-15,87.5873,USD,YAHOO
NVDA,2024-03-18,88.2035,USD,YAHOO
NVDA,2024-03-19,89.1438,USD,YAHOO
NVDA,2024-03-20,90.1151,USD,YAHOO
NVDA,2024-03-21,91.175,USD,YAHOO
NVDA,2024-03-22,94.0209,USD,YAHOO
NVDA,2024-03-25,94.7319,USD,YAHOO
NVDA,2024-03-26,92.2978,USD,YAHOO
NVDA,2024-03-27,89.9934,USD,YAHOO
NVDA,2024-03-28,90.0991,USD,YAHOO
NVDA,2024-04-01,90.1061,USD,YAHOO
NVDA,2024-04-02,89.1977,USD,YAHOO
NVDA,2024-04-03,88.7111,USD,YAHOO
NVDA,2024-04-04,85.6607,USD,YAHOO
NVDA,2024-04-05,87.7578,USD,YAHOO
NVDA,2024-04-08,86.8853,USD,YAHOO
NVDA,2024-04-09,85.1113,USD,YAHOO
NVDA,2024-04-10,86.7915,USD,YAHOO
NVDA,2024-04-11,90.3584,USD,YAHOO
NVDA,2024-04-12,87.9353,USD,YAHOO
NVDA,2024-04-15,85.7565,USD,YAHOO
NVDA,2024-04-16,87.1665,USD,YAHOO
NVDA,2024-04-17,83.7961,USD,YAHOO
NVDA,2024-04-18,84.4303,USD,YAHOO
NVDA,2024-04-19,75.9833,USD,YAHOO
NVDA,2024-04-22,79.2919,USD,YAHOO
NVDA,2024-04-23,82.1886,USD,YAHOO
NVDA,2024-04-24,79.4505,USD,YAHOO
NVDA,2024-04-25,82.3971,USD,YAHOO
NVDA,2024-04-26,87.4855,USD,YAHOO
NVDA,2024-04-29,87.5075,USD,YAHOO
NVDA,2024-04-30,86.1563,USD,YAHOO
NVDA,2024-05-01,82.8049,USD,YAHOO
NVDA,2024-05-02,85.573,USD,YAHOO
NVDA,2024-05-03,88.5366,USD,YAHOO
NVDA,2024-05-06,91.878,USD,YAHOO
NVDA,2024-05-07,90.2965,USD,YAHOO
NVDA,2024-05-08,90.1549,USD,YAHOO
NVDA,2024-05-09,88.4947,USD,YAHOO
NVDA,2024-05-10,89.6225,USD,YAHOO
NVDA,2024-05-13,90.142,USD,YAHOO
NVDA,2024-05-14,91.0963,USD,YAHOO
NVDA,2024-05-15,94.361,USD,YAHOO
NVDA,2024-05-16,94.0907,USD,YAHOO
NVDA,2024-05-17,92.216,USD,YAHOO
NVDA,2024-05-20,94.5105,USD,YAHOO
NVDA,2024-05-21,95.1148,USD,YAHOO
NVDA,2024-05-22,94.68,USD,YAHOO
NVDA,2024-05-23,103.5039,USD,YAHOO
NVDA,2024-05-24,106.1663,USD,YAHOO
NVDA,2024-05-28,113.5771,USD,YAHOO
NVDA,2024-05-29,114.4985,USD,YAHOO
NVDA,2024-05-30,110.1858,USD,YAHOO
NVDA,2024-05-31,109.3213,USD,YAHOO
NVDA,2024-06-03,114.673,USD,YAHOO
NVDA,2024-06-04,116.1059,USD,YAHOO
NVDA,2024-06-05,122.0919,USD,YAHOO
NVDA,2024-06-06,120.654,USD,YAHOO
NVDA,2024-06-07,120.5443,USD,YAHOO
NVDA,2024-06-10,121.4437,USD,YAHOO
NVDA,2024-06-11,120.5761,USD,YAHOO
NVDA,2024-06-12,124.8543,USD,YAHOO
NVDA,2024-06-13,129.2521,USD,YAHOO
NVDA,2024-06-14,131.5158,USD,YAHOO
NVDA,2024-06-17,130.6183,USD,YAHOO
NVDA,2024-06-18,135.2056,USD,YAHOO
NVDA,2024-06-20,130.4189,USD,YAHOO
NVDA,2024-06-21,126.2205,USD,YAHOO
NVDA,2024-06-24,117.7839,USD,YAHOO
NVDA,2024-06-25,125.7418,USD,YAHOO
NVDA,2024-06-26,126.051,USD,YAHOO
NVDA,2024-06-27,123.6476,USD,YAHOO
NVDA,2024-06-28,123.1989,USD,YAHOO
NVDA,2024-07-01,123.9568,USD,YAHOO
NVDA,2024-07-02,122.3313,USD,YAHOO
NVDA,2024-07-03,127.9258,USD,YAHOO
NVDA,2024-07-05,125.4825,USD,YAHOO
NVDA,2024-07-08,127.846,USD,YAHOO
NVDA,2024-07-09,131.0172,USD,YAHOO
NVDA,2024-07-10,134.5375,USD,YAHOO
NVDA,2024-07-11,127.0482,USD,YAHOO
NVDA,2024-07-12,128.8831,USD,YAHOO
NVDA,2024-07-15,128.0853,USD,YAHOO
NVDA,2024-07-16,126.0111,USD,YAHOO
NVDA,2024-07-17,117.6642,USD,YAHOO
NVDA,2024-07-18,120.7556,USD,YAHOO
NVDA,2024-07-19,117.6044,USD,YAHOO
NVDA,2024-07-22,123.1989,USD,YAHOO
NVDA,2024-07-23,122.2515,USD,YAHOO
NVDA,2024-07-24,113.9345,USD,YAHOO
NVDA,2024-07-25,111.9699,USD,YAHOO
NVDA,2024-07-26,112.7478,USD,YAHOO
NVDA,2024-07-29,111.2819,USD,YAHOO
NVDA,2024-07-30,103.4436,USD,YAHOO
NVDA,2024-07-31,116.6968,USD,YAHOO
NVDA,2024-08-01,108.9084,USD,YAHOO
NVDA,2024-08-02,106.9738,USD,YAHOO
NVDA,2024-08-05,100.1726,USD,YAHOO
NVDA,2024-08-06,103.9621,USD,YAHOO
NVDA,2024-08-07,98.6369,USD,YAHOO
NVDA,2024-08-08,104.6801,USD,YAHOO
NVDA,2024-08-09,104.4608,USD,YAHOO
NVDA,2024-08-12,108.719,USD,YAHOO
NVDA,2024-08-13,115.8193,USD,YAHOO
NVDA,2024-08-14,117.7539,USD,YAHOO
NVDA,2024-08-15,122.5208,USD,YAHOO
NVDA,2024-08-16,124.236,USD,YAHOO
NVDA,2024-08-19,129.641,USD,YAHOO
NVDA,2024-08-20,126.8986,USD,YAHOO
NVDA,2024-08-21,128.1452,USD,YAHOO
NVDA,2024-08-22,123.3983,USD,YAHOO
NVDA,2024-08-23,129.0127,USD,YAHOO
NVDA,2024-08-26,126.1108,USD,YAHOO
NVDA,2024-08-27,127.9457,USD,YAHOO
NVDA,2024-08-28,125.2632,USD,YAHOO
NVDA,2024-08-29,117.2653,USD,YAHOO
NVDA,2024-08-30,119.0404,USD,YAHOO
NVDA,2024-09-03,107.7018,USD,YAHOO
NVDA,2024-09-04,105.9167,USD,YAHOO
NVDA,2024-09-05,106.914,USD,YAHOO
NVDA,2024-09-06,102.5461,USD,YAHOO
NVDA,2024-09-09,106.176,USD,YAHOO
NVDA,2024-09-10,107.8015,USD,YAHOO
NVDA,2024-09-11,116.5872,USD,YAHOO
NVDA,2024-09-12,118.8212,USD,YAHOO
NVDA,2024-09-13,118.7813,USD,YAHOO
NVDA,2024-09-16,116.4675,USD,YAHOO
NVDA,2024-09-17,115.2807,USD,YAHOO
NVDA,2024-09-18,113.0666,USD,YAHOO
NVDA,2024-09-19,117.5546,USD,YAHOO
NVDA,2024-09-20,115.6896,USD,YAHOO
NVDA,2024-09-23,115.9489,USD,YAHOO
NVDA,2024-09-24,120.5466,USD,YAHOO
NVDA,2024-09-25,123.1795,USD,YAHOO
NVDA,2024-09-26,123.7081,USD,YAHOO
NVDA,2024-09-27,121.0751,USD,YAHOO
NVDA,2024-09-30,121.115,USD,YAHOO
NVDA,2024-10-01,116.6869,USD,YAHOO
NVDA,2024-10-02,118.532,USD,YAHOO
NVDA,2024-10-03,122.5212,USD,YAHOO
NVDA,2024-10-04,124.5857,USD,YAHOO
NVDA,2024-10-07,127.3782,USD,YAHOO
NVDA,2024-10-08,132.5344,USD,YAHOO
NVDA,2024-10-09,132.295,USD,YAHOO
NVDA,2024-10-10,134.4492,USD,YAHOO
NVDA,2024-10-11,134.4393,USD,YAHOO
NVDA,2024-10-14,137.7005,USD,YAHOO
NVDA,2024-10-15,131.2478,USD,YAHOO
NVDA,2024-10-16,135.3568,USD,YAHOO
NVDA,2024-10-17,136.5636,USD,YAHOO
NVDA,2024-10-18,137.6307,USD,YAHOO
NVDA,2024-10-21,143.3254,USD,YAHOO
NVDA,2024-10-22,143.2058,USD,YAHOO
NVDA,2024-10-23,139.1865,USD,YAHOO
NVDA,2024-10-24,140.0342,USD,YAHOO
NVDA,2024-10-25,141.1612,USD,YAHOO
NVDA,2024-10-28,140.144,USD,YAHOO
NVDA,2024-10-29,140.872,USD,YAHOO
NVDA,2024-10-30,138.9671,USD,YAHOO
NVDA,2024-10-31,132.4047,USD,YAHOO
NVDA,2024-11-01,135.0377,USD,YAHOO
NVDA,2024-11-04,135.6859,USD,YAHOO
NVDA,2024-11-05,139.5356,USD,YAHOO
NVDA,2024-11-06,145.2204,USD,YAHOO
NVDA,2024-11-07,148.4816,USD,YAHOO
NVDA,2024-11-08,147.2349,USD,YAHOO
NVDA,2024-11-11,144.8713,USD,YAHOO
NVDA,2024-11-12,147.8931,USD,YAHOO
NVDA,2024-11-13,145.8786,USD,YAHOO
NVDA,2024-11-14,146.3673,USD,YAHOO
NVDA,2024-11-15,141.6001,USD,YAHOO
NVDA,2024-11-18,139.7749,USD,YAHOO
NVDA,2024-11-19,146.6166,USD,YAHOO
NVDA,2024-11-20,145.4996,USD,YAHOO
NVDA,2024-11-21,146.2775,USD,YAHOO
NVDA,2024-11-22,141.5701,USD,YAHOO
NVDA,2024-11-25,135.656,USD,YAHOO
NVDA,2024-11-26,136.5536,USD,YAHOO
NVDA,2024-11-27,134.9778,USD,YAHOO
NVDA,2024-11-29,137.88,USD,YAHOO
NVDA,2024-12-02,138.259,USD,YAHOO
NVDA,2024-12-03,139.8847,USD,YAHOO
NVDA,2024-12-04,144.7516,USD,YAHOO
NVDA,2024-12-05,144.6818,USD,YAHOO
NVDA,2024-12-06,142.0686,USD,YAHOO
NVDA,2024-12-09,138.4481,USD,YAHOO
NVDA,2024-12-10,134.7178,USD,YAHOO
NVDA,2024-12-11,138.9468,USD,YAHOO
NVDA,2024-12-12,136.9819,USD,YAHOO
NVDA,2024-12-13,133.9,USD,YAHOO
NVDA,2024-12-16,131.6558,USD,YAHOO
NVDA,2024-12-17,130.05,USD,YAHOO
NVDA,2024-12-18,128.5739,USD,YAHOO
NVDA,2024-12-19,130.3393,USD,YAHOO
NVDA,2024-12-20,134.3488,USD,YAHOO
NVDA,2024-12-23,139.3058,USD,YAHOO
NVDA,2024-12-24,139.8544,USD,YAHOO
NVDA,2024-12-26,139.5651,USD,YAHOO
NVDA,2024-12-27,136.6528,USD,YAHOO
NVDA,2024-12-30,137.1315,USD,YAHOO
NVDA,2024-12-31,133.9398,USD,YAHOO
NVDA,2025-01-02,137.9494,USD,YAHOO
NVDA,2025-01-03,144.0933,USD,YAHOO
NVDA,2025-01-06,149.0404,USD,YAHOO
NVDA,2025-01-07,139.7746,USD,YAHOO
NVDA,2025-01-08,139.7447,USD,YAHOO
NVDA,2025-01-10,135.5556,USD,YAHOO
NVDA,2025-01-13,132.8826,USD,YAHOO
NVDA,2025-01-14,131.4164,USD,YAHOO
NVDA,2025-01-15,135.8848,USD,YAHOO
NVDA,2025-01-16,133.2217,USD,YAHOO
NVDA,2025-01-17,137.351,USD,YAHOO
NVDA,2025-01-21,140.4628,USD,YAHOO
NVDA,2025-01-22,146.6866,USD,YAHOO
NVDA,2025-01-23,146.8362,USD,YAHOO
NVDA,2025-01-24,142.2481,USD,YAHOO
NVDA,2025-01-27,118.1112,USD,YAHOO
NVDA,2025-01-28,128.6537,USD,YAHOO
NVDA,2025-01-29,123.3775,USD,YAHOO
NVDA,2025-01-30,124.325,USD,YAHOO
NVDA,2025-01-31,119.7569,USD,YAHOO
NVDA,2025-02-03,116.3558,USD,YAHOO
NVDA,2025-02-04,118.3406,USD,YAHOO
NVDA,2025-02-05,124.5045,USD,YAHOO
NVDA,2025-02-06,128.3445,USD,YAHOO
NVDA,2025-02-07,129.5014,USD,YAHOO
NVDA,2025-02-10,133.2217,USD,YAHOO
NVDA,2025-02-11,132.4537,USD,YAHOO
NVDA,2025-02-12,130.7981,USD,YAHOO
NVDA,2025-02-13,134.9372,USD,YAHOO
NVDA,2025-02-14,138.488,USD,YAHOO
NVDA,2025-02-18,139.0365,USD,YAHOO
NVDA,2025-02-19,138.867,USD,YAHOO
NVDA,2025-02-20,139.7447,USD,YAHOO
NVDA,2025-02-21,134.0795,USD,YAHOO
NVDA,2025-02-24,129.9403,USD,YAHOO
NVDA,2025-02-25,126.2998,USD,YAHOO
NVDA,2025-02-26,130.9377,USD,YAHOO
NVDA,2025-02-27,119.8367,USD,YAHOO
NVDA,2025-02-28,124.5943,USD,YAHOO
NVDA,2025-03-03,113.7626,USD,YAHOO
NVDA,2025-03-04,115.6876,USD,YAHOO
NVDA,2025-03-05,116.9942,USD,YAHOO
NVDA,2025-03-06,110.2817,USD,YAHOO
NVDA,2025-03-07,112.3962,USD,YAHOO
NVDA,2025-03-10,106.7011,USD,YAHOO
NVDA,2025-03-11,108.4764,USD,YAHOO
NVDA,2025-03-12,115.4488,USD,YAHOO
NVDA,2025-03-13,115.2892,USD,YAHOO
NVDA,2025-03-14,121.3639,USD,YAHOO
NVDA,2025-03-17,119.2293,USD,YAHOO
NVDA,2025-03-18,115.1396,USD,YAHOO
NVDA,2025-03-19,117.2243,USD,YAHOO
NVDA,2025-03-20,118.2318,USD,YAHOO
NVDA,2025-03-21,117.4039,USD,YAHOO
NVDA,2025-03-24,121.1046,USD,YAHOO
NVDA,2025-03-25,120.3864,USD,YAHOO
NVDA,2025-03-26,113.4738,USD,YAHOO
NVDA,2025-03-27,111.1497,USD,YAHOO
NVDA,2025-03-28,109.3941,USD,YAHOO
NVDA,2025-03-31,108.1074,USD,YAHOO
NVDA,2025-04-01,109.8729,USD,YAHOO
NVDA,2025-04-02,110.1422,USD,YAHOO
NVDA,2025-04-03,101.5439,USD,YAHOO
NVDA,2025-04-04,94.0728,USD,YAHOO
NVDA,2025-04-07,97.3944,USD,YAHOO
NVDA,2025-04-08,96.0578,USD,YAHOO
NVDA,2025-04-09,114.0424,USD,YAHOO
NVDA,2025-04-10,107.2994,USD,YAHOO
NVDA,2025-04-11,110.6509,USD,YAHOO
NVDA,2025-04-14,110.4315,USD,YAHOO
NVDA,2025-04-15,111.9177,USD,YAHOO
NVDA,2025-04-16,104.2271,USD,YAHOO
NVDA,2025-04-17,101.2347,USD,YAHOO
NVDA,2025-04-21,96.6662,USD,YAHOO
NVDA,2025-04-22,98.6412,USD,YAHOO
NVDA,2025-04-23,102.4516,USD,YAHOO
NVDA,2025-04-24,106.1623,USD,YAHOO
NVDA,2025-04-25,110.7308,USD,YAHOO
NVDA,2025-04-28,108.4565,USD,YAHOO
NVDA,2025-04-29,108.7457,USD,YAHOO
NVDA,2025-04-30,108.646,USD,YAHOO
NVDA,2025-05-01,111.3292,USD,YAHOO
NVDA,2025-05-02,114.212,USD,YAHOO
NVDA,2025-05-05,113.5337,USD,YAHOO
NVDA,2025-05-06,113.2544,USD,YAHOO
NVDA,2025-05-07,116.7655,USD,YAHOO
NVDA,2025-05-08,117.0748,USD,YAHOO
NVDA,2025-05-09,116.3566,USD,YAHOO
NVDA,2025-05-12,122.6906,USD,YAHOO
NVDA,2025-05-13,129.6031,USD,YAHOO
NVDA,2025-05-14,134.9995,USD,YAHOO
NVDA,2025-05-15,134.4908,USD,YAHOO
NVDA,2025-05-16,135.0594,USD,YAHOO
NVDA,2025-05-19,135.229,USD,YAHOO
NVDA,2025-05-20,134.042,USD,YAHOO
NVDA,2025-05-21,131.4684,USD,YAHOO
NVDA,2025-05-22,132.4958,USD,YAHOO
NVDA,2025-05-23,130.9597,USD,YAHOO
NVDA,2025-05-27,135.1591,USD,YAHOO
NVDA,2025-05-28,134.4709,USD,YAHOO
NVDA,2025-05-29,138.8399,USD,YAHOO
NVDA,2025-05-30,134.7901,USD,YAHOO
NVDA,2025-06-02,137.0344,USD,YAHOO
NVDA,2025-06-03,140.8647,USD,YAHOO
NVDA,2025-06-04,141.563,USD,YAHOO
NVDA,2025-06-05,139.6379,USD,YAHOO
NVDA,2025-06-06,141.3635,USD,YAHOO
NVDA,2025-06-09,142.2712,USD,YAHOO
NVDA,2025-06-10,143.5979,USD,YAHOO
NVDA,2025-06-11,142.4806,USD,YAHOO
NVDA,2025-06-12,144.6453,USD,YAHOO
NVDA,2025-06-13,141.6227,USD,YAHOO
NVDA,2025-06-16,144.336,USD,YAHOO
NVDA,2025-06-17,143.7674,USD,YAHOO
NVDA,2025-06-18,145.1241,USD,YAHOO
NVDA,2025-06-20,143.4981,USD,YAHOO
NVDA,2025-06-23,143.8173,USD,YAHOO
NVDA,2025-06-24,147.5382,USD,YAHOO
NVDA,2025-06-25,153.9325,USD,YAHOO
NVDA,2025-06-26,154.6408,USD,YAHOO
NVDA,2025-06-27,157.3641,USD,YAHOO
NVDA,2025-06-30,157.6035,USD,YAHOO
NVDA,2025-07-01,152.925,USD,YAHOO
NVDA,2025-07-02,156.8653,USD,YAHOO
NVDA,2025-07-03,158.9502,USD,YAHOO
NVDA,2025-07-07,157.8529,USD,YAHOO
NVDA,2025-07-08,159.6086,USD,YAHOO
NVDA,2025-07-09,162.4816,USD,YAHOO
NVDA,2025-07-10,163.6986,USD,YAHOO
NVDA,2025-07-11,164.5165,USD,YAHOO
NVDA,2025-07-14,163.6686,USD,YAHOO
NVDA,2025-07-15,170.2824,USD,YAHOO
NVDA,2025-07-16,170.9508,USD,YAHOO
NVDA,2025-07-17,172.5768,USD,YAHOO
NVDA,2025-07-18,171.9882,USD,YAHOO
NVDA,2025-07-21,170.9607,USD,YAHOO
NVDA,2025-07-22,166.6214,USD,YAHOO
NVDA,2025-07-23,170.3622,USD,YAHOO
NVDA,2025-07-24,173.315,USD,YAHOO
NVDA,2025-07-25,173.0756,USD,YAHOO
NVDA,2025-07-28,176.3176,USD,YAHOO
NVDA,2025-07-29,175.0806,USD,YAHOO
NVDA,2025-07-30,178.8314,USD,YAHOO
NVDA,2025-07-31,177.4349,USD,YAHOO
NVDA,2025-08-01,173.295,USD,YAHOO
NVDA,2025-08-04,179.5597,USD,YAHOO
NVDA,2025-08-05,177.8239,USD,YAHOO
NVDA,2025-08-06,178.9811,USD,YAHOO
NVDA,2025-08-07,180.3278,USD,YAHOO
NVDA,2025-08-08,182.253,USD,YAHOO
NVDA,2025-08-11,181.6146,USD,YAHOO
NVDA,2025-08-12,182.7119,USD,YAHOO
NVDA,2025-08-13,181.1458,USD,YAHOO
NVDA,2025-08-14,181.5747,USD,YAHOO
NVDA,2025-08-15,180.0086,USD,YAHOO
NVDA,2025-08-18,181.5647,USD,YAHOO
NVDA,2025-08-19,175.2103,USD,YAHOO
NVDA,2025-08-20,174.9709,USD,YAHOO
NVDA,2025-08-21,174.5519,USD,YAHOO
NVDA,2025-08-22,177.5546,USD,YAHOO
NVDA,2025-08-25,179.3701,USD,YAHOO
NVDA,2025-08-26,181.3253,USD,YAHOO
NVDA,2025-08-27,181.1558,USD,YAHOO
NVDA,2025-08-28,179.7292,USD,YAHOO
NVDA,2025-08-29,173.7539,USD,YAHOO
NVDA,2025-09-02,170.3622,USD,YAHOO
NVDA,2025-09-03,170.2026,USD,YAHOO
NVDA,2025-09-04,171.2401,USD,YAHOO
NVDA,2025-09-05,166.6114,USD,YAHOO
NVDA,2025-09-08,167.8983,USD,YAHOO
NVDA,2025-09-09,170.3423,USD,YAHOO
NVDA,2025-09-10,176.8962,USD,YAHOO
NVDA,2025-09-11,176.7466,USD,YAHOO
NVDA,2025-09-12,177.395,USD,YAHOO
NVDA,2025-09-15,177.3251,USD,YAHOO
NVDA,2025-09-16,174.462,USD,YAHOO
NVDA,2025-09-17,169.883,USD,YAHOO
NVDA,2025-09-18,175.8188,USD,YAHOO
NVDA,2025-09-19,176.2477,USD,YAHOO
NVDA,2025-09-22,183.1712,USD,YAHOO
NVDA,2025-09-23,178.0035,USD,YAHOO
NVDA,2025-09-24,176.547,USD,YAHOO
NVDA,2025-09-25,177.2653,USD,YAHOO
NVDA,2025-09-26,177.7641,USD,YAHOO
NVDA,2025-09-29,181.4154,USD,YAHOO
NVDA,2025-09-30,186.134,USD,YAHOO
NVDA,2025-10-01,186.7925,USD,YAHOO
NVDA,2025-10-02,188.4385,USD,YAHOO
NVDA,2025-10-03,187.1716,USD,YAHOO
NVDA,2025-10-06,185.0965,USD,YAHOO
NVDA,2025-10-07,184.5977,USD,YAHOO
NVDA,2025-10-08,188.658,USD,YAHOO
NVDA,2025-10-09,192.1097,USD,YAHOO
NVDA,2025-10-10,182.7222,USD,YAHOO
NVDA,2025-10-13,187.8699,USD,YAHOO
NVDA,2025-10-14,179.5997,USD,YAHOO
NVDA,2025-10-15,179.4002,USD,YAHOO
NVDA,2025-10-16,181.3755,USD,YAHOO
NVDA,2025-10-17,182.7821,USD,YAHOO
NVDA,2025-10-20,182.2035,USD,YAHOO
NVDA,2025-10-21,180.727,USD,YAHOO
NVDA,2025-10-22,179.8491,USD,YAHOO
NVDA,2025-10-23,181.7246,USD,YAHOO
NVDA,2025-10-24,185.8148,USD,YAHOO
NVDA,2025-10-27,191.0323,USD,YAHOO
NVDA,2025-10-28,200.5495,USD,YAHOO
NVDA,2025-10-29,206.5452,USD,YAHOO
NVDA,2025-10-30,202.4051,USD,YAHOO
NVDA,2025-10-31,202.006,USD,YAHOO
NVDA,2025-11-03,206.3855,USD,YAHOO
NVDA,2025-11-04,198.2151,USD,YAHOO
NVDA,2025-11-05,194.7434,USD,YAHOO
NVDA,2025-11-06,187.6305,USD,YAHOO
NVDA,2025-11-07,187.7003,USD,YAHOO
NVDA,2025-11-10,198.5743,USD,YAHOO
NVDA,2025-11-11,192.6983,USD,YAHOO
NVDA,2025-11-12,193.3368,USD,YAHOO
NVDA,2025-11-13,186.4134,USD,YAHOO
NVDA,2025-11-14,189.7155,USD,YAHOO
NVDA,2025-11-17,186.154,USD,YAHOO
NVDA,2025-11-18,180.9265,USD,YAHOO
NVDA,2025-11-19,186.0742,USD,YAHOO
NVDA,2025-11-20,180.2083,USD,YAHOO
NVDA,2025-11-21,178.4525,USD,YAHOO
NVDA,2025-11-24,182.1137,USD,YAHOO
NVDA,2025-11-25,177.395,USD,YAHOO
NVDA,2025-11-26,179.8292,USD,YAHOO
NVDA,2025-11-28,176.577,USD,YAHOO
NVDA,2025-12-01,179.49,USD,YAHOO
NVDA,2025-12-02,181.0263,USD,YAHOO
NVDA,2025-12-03,179.1608,USD,YAHOO
NVDA,2025-12-04,182.9519,USD,YAHOO
NVDA,2025-12-05,181.9842,USD,YAHOO
NVDA,2025-12-08,185.1168,USD,YAHOO
NVDA,2025-12-09,184.5382,USD,YAHOO
NVDA,2025-12-10,183.351,USD,YAHOO
NVDA,2025-12-11,180.5076,USD,YAHOO
NVDA,2025-12-12,174.6114,USD,YAHOO
NVDA,2025-12-15,175.8784,USD,YAHOO
NVDA,2025-12-16,177.3051,USD,YAHOO
NVDA,2025-12-17,170.5409,USD,YAHOO
NVDA,2025-12-18,173.7335,USD,YAHOO
NVDA,2025-12-19,180.5675,USD,YAHOO
NVDA,2025-12-22,183.2612,USD,YAHOO
NVDA,2025-12-23,188.7683,USD,YAHOO
NVDA,2025-12-24,188.1697,USD,YAHOO
NVDA,2025-12-26,190.0852,USD,YAHOO
NVDA,2025-12-29,187.7806,USD,YAHOO
NVDA,2025-12-30,187.1022,USD,YAHOO
NVDA,2025-12-31,186.0646,USD,YAHOO
NVDA,2026-01-02,188.4091,USD,YAHOO
NVDA,2026-01-05,187.6808,USD,YAHOO
NVDA,2026-01-06,186.8029,USD,YAHOO
NVDA,2026-01-07,188.6685,USD,YAHOO
NVDA,2026-01-08,184.608,USD,YAHOO
NVDA,2026-01-09,184.4284,USD,YAHOO
NVDA,2026-01-12,184.5083,USD,YAHOO
NVDA,2026-01-13,185.3762,USD,YAHOO
NVDA,2026-01-14,182.7124,USD,YAHOO
NVDA,2026-01-15,186.6133,USD,YAHOO
NVDA,2026-01-16,185.7952,USD,YAHOO
NVDA,2026-01-20,177.6543,USD,YAHOO
NVDA,2026-01-21,182.892,USD,YAHOO
NVDA,2026-01-22,184.4085,USD,YAHOO
NVDA,2026-01-23,187.2319,USD,YAHOO
NVDA,2026-01-26,186.0347,USD,YAHOO
NVDA,2026-01-27,188.0799,USD,YAHOO
NVDA,2026-01-28,191.0729,USD,YAHOO
NVDA,2026-01-29,192.0606,USD,YAHOO
NVDA,2026-01-30,190.6838,USD,YAHOO
NVDA,2026-02-02,185.1767,USD,YAHOO
NVDA,2026-02-03,179.919,USD,YAHOO
NVDA,2026-02-04,173.7833,USD,YAHOO
NVDA,2026-02-05,171.4787,USD,YAHOO
NVDA,2026-02-06,184.9771,USD,YAHOO
NVDA,2026-02-09,189.5963,USD,YAHOO
NVDA,2026-02-10,188.0998,USD,YAHOO
NVDA,2026-02-11,189.6063,USD,YAHOO
NVDA,2026-02-12,186.5036,USD,YAHOO
NVDA,2026-02-13,182.3832,USD,YAHOO
NVDA,2026-02-17,184.5382,USD,YAHOO
NVDA,2026-02-18,187.5411,USD,YAHOO
NVDA,2026-02-19,187.4613,USD,YAHOO
NVDA,2026-02-20,189.3769,USD,YAHOO
NVDA,2026-02-23,191.1028,USD,YAHOO
NVDA,2026-02-24,192.3998,USD,YAHOO
NVDA,2026-02-25,195.1035,USD,YAHOO
NVDA,2026-02-26,184.4584,USD,YAHOO
NVDA,2026-02-27,176.7764,USD,YAHOO
NVDA,2026-03-02,182.054,USD,YAHOO
NVDA,2026-03-03,179.6297,USD,YAHOO
NVDA,2026-03-04,182.6127,USD,YAHOO
NVDA,2026-03-05,182.912,USD,YAHOO
NVDA,2026-03-06,177.4049,USD,YAHOO
NVDA,2026-03-09,182.2236,USD,YAHOO
NVDA,2026-03-10,184.3387,USD,YAHOO
NVDA,2026-03-11,185.6057,USD,YAHOO
NVDA,2026-03-12,182.7224,USD,YAHOO
NVDA,2026-03-13,179.8389,USD,YAHOO
NVDA,2026-03-16,182.8022,USD,YAHOO
NVDA,2026-03-17,181.5151,USD,YAHOO
NVDA,2026-03-18,179.9886,USD,YAHOO
NVDA,2026-03-19,178.1528,USD,YAHOO
NVDA,2026-03-20,172.3061,USD,YAHOO
NVDA,2026-03-23,175.2394,USD,YAHOO
NVDA,2026-03-24,174.8004,USD,YAHOO
NVDA,2026-03-25,178.2725,USD,YAHOO
NVDA,2026-03-26,170.8495,USD,YAHOO
NVDA,2026-03-27,167.138,USD,YAHOO
NVDA,2026-03-30,164.7933,USD,YAHOO
NVDA,2026-03-31,174.0023,USD,YAHOO
NVDA,2026-04-01,175.3492,USD,YAHOO
NVDA,2026-04-02,176.9854,USD,YAHOO
NVDA,2026-04-06,177.2349,USD,YAHOO
NVDA,2026-04-07,177.6938,USD,YAHOO
NVDA,2026-04-08,181.6648,USD,YAHOO
NVDA,2026-04-09,183.4906,USD,YAHOO
NVDA,2026-04-10,188.1998,USD,YAHOO
NVDA,2026-04-13,188.8783,USD,YAHOO
NVDA,2026-04-14,196.0618,USD,YAHOO
NVDA,2026-04-15,198.4165,USD,YAHOO
NVDA,2026-04-16,197.8977,USD,YAHOO
NVDA,2026-04-17,201.22,USD,YAHOO
NVDA,2026-04-20,201.5992,USD,YAHOO
NVDA,2026-04-21,199.4242,USD,YAHOO
NVDA,2026-04-22,202.0382,USD,YAHOO
NVDA,2026-04-23,199.1847,USD,YAHOO
NVDA,2026-04-24,207.795,USD,YAHOO
NVDA,2026-04-27,216.116,USD,YAHOO
NVDA,2026-04-28,212.6839,USD,YAHOO
NVDA,2026-04-29,208.7728,USD,YAHOO
NVDA,2026-04-30,199.1149,USD,YAHOO
NVDA,2026-05-01,197.9974,USD,YAHOO
NVDA,2026-05-04,198.0273,USD,YAHOO
NVDA,2026-05-05,196.0519,USD,YAHOO
NVDA,2026-05-06,207.356,USD,YAHOO
NVDA,2026-05-07,211.0177,USD,YAHOO
NVDA,2026-05-08,214.7092,USD,YAHOO
NVDA,2026-05-11,218.9396,USD,YAHOO
NVDA,2026-05-12,220.2765,USD,YAHOO
NVDA,2026-05-13,225.315,USD,YAHOO
NVDA,2026-05-14,235.2024,USD,YAHOO
NVDA,2026-05-15,224.8062,USD,YAHOO
NVDA,2026-05-18,221.813,USD,YAHOO
NVDA,2026-05-19,220.1069,USD,YAHOO
NVDA,2026-05-20,222.9604,USD,YAHOO
NVDA,2026-05-21,219.0094,USD,YAHOO
NVDA,2026-05-22,214.8389,USD,YAHOO
NVDA,2026-05-26,214.37,USD,YAHOO
NVDA,2026-05-27,212.1152,USD,YAHOO
NVDA,2026-05-28,213.7614,USD,YAHOO
NVDA,2026-05-29,210.6585,USD,YAHOO
NVDA,2026-06-01,223.8483,USD,YAHOO
NVDA,2026-06-02,222.3118,USD,YAHOO
NVDA,2026-06-03,214.2603,USD,YAHOO
NVDA,2026-06-04,218.4156,USD,YAHOO
NVDA,2026-06-05,204.8708,USD,YAHOO
NVDA,2026-06-08,208.4068,USD,YAHOO
NVDA,2026-06-09,207.9573,USD,YAHOO
NVDA,2026-06-10,200.196,USD,YAHOO
NVDA,2026-06-11,204.641,USD,YAHOO
NVDA,2026-06-12,204.9607,USD,YAHOO
NVDA,2026-06-15,212.2125,USD,YAHOO
NVDA,2026-06-16,207.1782,USD,YAHOO
NVDA,2026-06-17,204.4212,USD,YAHOO
NVDA,2026-06-18,210.4545,USD,YAHOO
NVDA,2026-06-22,208.4168,USD,YAHOO
NVDA,2026-06-23,199.8164,USD,YAHOO
NVDA,2026-06-24,198.7776,USD,YAHOO
NVDA,2026-06-25,195.5212,USD,YAHOO
NVDA,2026-06-26,192.3148,USD,YAHOO
NVDA,2026-06-29,194.7521,USD,YAHOO
NVDA,2026-06-30,199.8663,USD,YAHOO
NVDA,2026-07-01,197.3592,USD,YAHOO
NVDA,2026-07-02,194.6122,USD,YAHOO
NVDA,2026-07-06,195.3314,USD,YAHOO
NVDA,2026-07-07,196.7099,USD,YAHOO
NVDA,2026-07-08,203.8918,USD,YAHOO
NVDA,2026-07-09,202.5533,USD,YAHOO
NVDA,2026-07-10,210.7242,USD,YAHOO
NVDA,2026-07-13,203.3025,USD,YAHOO
NVDA,2026-07-14,211.5633,USD,YAHOO
NVDA,2026-07-15,212.2625,USD,YAHOO
NVDA,2026-07-16,207.1682,USD,YAHOO
NVDA,2026-07-17,202.5833,USD,YAHOO
NVDA,2026-07-20,203.0528,USD,YAHOO
NVDA,2026-07-21,207.0583,USD,YAHOO
NVDA,2026-07-22,211.823,USD,YAHOO
NVDA,2026-07-23,208.5267,USD,YAHOO
NVDA,2026-07-24,206.6088,USD,YAHOO
NVDA,2026-07-27,196.2904,USD,YAHOO
NVDA,2026-07-28,196.7898,USD,YAHOO
NVDA,2026-07-29,189.7976,USD,YAHOO
NVDA,2026-07-30,194.822,USD,YAHOO
NVDA,2026-07-31,200.5256,USD,YAHOO
NVDA,2026-08-03,206.409,USD,YAHOO
NVDA,2026-08-04,211.7031,USD,YAHOO
NVDA,2026-08-05,218.975,USD,YAHOO
NVDA,2026-08-06,218.7452,USD,YAHOO
NVDA,2026-08-07,223.7097,USD,YAHOO
NVDA,2026-08-10,217.3068,USD,YAHOO
NVDA,2026-08-11,217.2569,USD,YAHOO
NVDA,2026-08-12,223.8395,USD,YAHOO
NVDA,2026-08-13,225.0482,USD,YAHOO
NVDA,2026-08-14,224.9083,USD,YAHOO
NVDA,2026-08-17,224.7585,USD,YAHOO
NVDA,2026-08-18,219.4944,USD,YAHOO
NVDA,2026-08-19,217.3168,USD,YAHOO
NVDA,2026-08-20,216.6076,USD,YAHOO
NVDA,2026-08-21,214.48,USD,YAHOO
NVDA,2026-08-24,208.247,USD,YAHOO
NVDA,2026-08-25,212.8119,USD,YAHOO
NVDA,2026-08-26,209.4257,USD,YAHOO
NVDA,2026-08-27,227.7252,USD,YAHOO
NVDA,2026-08-28,217.3068,USD,YAHOO
NVDA,2026-08-31,220.5332,USD,YAHOO
NVDA,2026-09-01,217.197,USD,YAHOO
NVDA,2026-09-02,224.1592,USD,YAHOO
NVDA,2026-09-03,228.1947,USD,YAHOO
NVDA,2026-09-04,230.1025,USD,YAHOO
NVDA,2026-09-08,225.4777,USD,YAHOO
NVDA,2026-09-09,223.42,USD,YAHOO
NVDA,2026-09-10,218.36,USD,YAHOO
NVDA,2026-09-11,218.29,USD,YAHOO
QQQ,2023-09-14,370.7956,USD,YAHOO
QQQ,2023-09-15,364.4465,USD,YAHOO
QQQ,2023-09-18,364.8264,USD,YAHOO
QQQ,2023-09-19,364.0489,USD,YAHOO
QQQ,2023-09-20,358.8027,USD,YAHOO
QQQ,2023-09-21,352.2278,USD,YAHOO
QQQ,2023-09-22,352.277,USD,YAHOO
QQQ,2023-09-25,353.9503,USD,YAHOO
QQQ,2023-09-26,348.6353,USD,YAHOO
QQQ,2023-09-27,349.4522,USD,YAHOO
QQQ,2023-09-28,352.3755,USD,YAHOO
QQQ,2023-09-29,352.6314,USD,YAHOO
QQQ,2023-10-02,355.5743,USD,YAHOO
QQQ,2023-10-03,349.3342,USD,YAHOO
QQQ,2023-10-04,354.0881,USD,YAHOO
QQQ,2023-10-05,353.0448,USD,YAHOO
QQQ,2023-10-06,358.9603,USD,YAHOO
QQQ,2023-10-09,360.791,USD,YAHOO
QQQ,2023-10-10,362.789,USD,YAHOO
QQQ,2023-10-11,365.3776,USD,YAHOO
QQQ,2023-10-12,364.1079,USD,YAHOO
QQQ,2023-10-13,359.5311,USD,YAHOO
QQQ,2023-10-16,363.5961,USD,YAHOO
QQQ,2023-10-17,362.4051,USD,YAHOO
QQQ,2023-10-18,357.6511,USD,YAHOO
QQQ,2023-10-19,354.3047,USD,YAHOO
QQQ,2023-10-20,349.0191,USD,YAHOO
QQQ,2023-10-23,350.0724,USD,YAHOO
QQQ,2023-10-24,353.4779,USD,YAHOO
QQQ,2023-10-25,344.8262,USD,YAHOO
QQQ,2023-10-26,338.2514,USD,YAHOO
QQQ,2023-10-27,339.8754,USD,YAHOO
QQQ,2023-10-30,343.7041,USD,YAHOO
QQQ,2023-10-31,345.3478,USD,YAHOO
QQQ,2023-11-01,351.342,USD,YAHOO
QQQ,2023-11-02,357.72,USD,YAHOO
QQQ,2023-11-03,361.9228,USD,YAHOO
QQQ,2023-11-06,363.3992,USD,YAHOO
QQQ,2023-11-07,366.8343,USD,YAHOO
QQQ,2023-11-08,367.0705,USD,YAHOO
QQQ,2023-11-09,364.2456,USD,YAHOO
QQQ,2023-11-10,372.4348,USD,YAHOO
QQQ,2023-11-13,371.2733,USD,YAHOO
QQQ,2023-11-14,379.2655,USD,YAHOO
QQQ,2023-11-15,379.551,USD,YAHOO
QQQ,2023-11-16,379.8758,USD,YAHOO
QQQ,2023-11-17,379.9644,USD,YAHOO
QQQ,2023-11-20,384.5904,USD,YAHOO
QQQ,2023-11-21,382.3561,USD,YAHOO
QQQ,2023-11-22,383.9211,USD,YAHOO
QQQ,2023-11-24,383.3798,USD,YAHOO
QQQ,2023-11-27,383.0451,USD,YAHOO
QQQ,2023-11-28,384.049,USD,YAHOO
QQQ,2023-11-29,383.675,USD,YAHOO
QQQ,2023-11-30,382.7104,USD,YAHOO
QQQ,2023-12-01,383.8029,USD,YAHOO
QQQ,2023-12-04,380.2399,USD,YAHOO
QQQ,2023-12-05,381.1947,USD,YAHOO
QQQ,2023-12-06,378.9899,USD,YAHOO
QQQ,2023-12-07,384.2852,USD,YAHOO
QQQ,2023-12-08,385.9979,USD,YAHOO
QQQ,2023-12-11,389.2952,USD,YAHOO
QQQ,2023-12-12,392.3956,USD,YAHOO
QQQ,2023-12-13,397.3858,USD,YAHOO
QQQ,2023-12-14,397.0413,USD,YAHOO
QQQ,2023-12-15,398.9606,USD,YAHOO
QQQ,2023-12-18,401.4735,USD,YAHOO
QQQ,2023-12-19,403.5249,USD,YAHOO
QQQ,2023-12-20,397.5286,USD,YAHOO
QQQ,2023-12-21,402.154,USD,YAHOO
QQQ,2023-12-22,402.7556,USD,YAHOO
QQQ,2023-12-26,405.2211,USD,YAHOO
QQQ,2023-12-27,406.0461,USD,YAHOO
QQQ,2023-12-28,405.8487,USD,YAHOO
QQQ,2023-12-29,404.0923,USD,YAHOO
QQQ,2024-01-02,397.2542,USD,YAHOO
QQQ,2024-01-03,393.0506,USD,YAHOO
QQQ,2024-01-04,391.0279,USD,YAHOO
QQQ,2024-01-05,391.4916,USD,YAHOO
QQQ,2024-01-08,399.583,USD,YAHOO
QQQ,2024-01-09,400.3723,USD,YAHOO
QQQ,2024-01-10,403.0859,USD,YAHOO
QQQ,2024-01-11,403.9246,USD,YAHOO
QQQ,2024-01-12,404.1318,USD,YAHOO
QQQ,2024-01-16,404.0923,USD,YAHOO
QQQ,2024-01-17,401.8129,USD,YAHOO
QQQ,2024-01-18,407.5163,USD,YAHOO
QQQ,2024-01-19,415.5978,USD,YAHOO
QQQ,2024-01-22,416.1405,USD,YAHOO
QQQ,2024-01-23,417.8673,USD,YAHOO
QQQ,2024-01-24,420.1862,USD,YAHOO
QQQ,2024-01-25,420.6993,USD,YAHOO
QQQ,2024-01-26,418.193,USD,YAHOO
QQQ,2024-01-29,422.4754,USD,YAHOO
QQQ,2024-01-30,419.6632,USD,YAHOO
QQQ,2024-01-31,411.4436,USD,YAHOO
QQQ,2024-02-01,416.2886,USD,YAHOO
QQQ,2024-02-02,423.324,USD,YAHOO
QQQ,2024-02-05,422.7715,USD,YAHOO
QQQ,2024-02-06,421.9229,USD,YAHOO
QQQ,2024-02-07,426.2646,USD,YAHOO
QQQ,2024-02-08,427.054,USD,YAHOO
QQQ,2024-02-09,431.2574,USD,YAHOO
QQQ,2024-02-12,429.5701,USD,YAHOO
QQQ,2024-02-13,422.8701,USD,YAHOO
QQQ,2024-02-14,427.4782,USD,YAHOO
QQQ,2024-02-15,428.7512,USD,YAHOO
QQQ,2024-02-16,424.8633,USD,YAHOO
QQQ,2024-02-20,421.6565,USD,YAHOO
QQQ,2024-02-21,419.9691,USD,YAHOO
QQQ,2024-02-22,432.264,USD,YAHOO
QQQ,2024-02-23,430.991,USD,YAHOO
QQQ,2024-02-26,430.7641,USD,YAHOO
QQQ,2024-02-27,431.8002,USD,YAHOO
QQQ,2024-02-28,429.501,USD,YAHOO
QQQ,2024-02-29,433.1817,USD,YAHOO
QQQ,2024-03-01,439.7039,USD,YAHOO
QQQ,2024-03-04,438.1351,USD,YAHOO
QQQ,2024-03-05,430.2707,USD,YAHOO
QQQ,2024-03-06,432.9744,USD,YAHOO
QQQ,2024-03-07,439.5462,USD,YAHOO
QQQ,2024-03-08,433.2014,USD,YAHOO
QQQ,2024-03-11,431.593,USD,YAHOO
QQQ,2024-03-12,437.7799,USD,YAHOO
QQQ,2024-03-13,434.4151,USD,YAHOO
QQQ,2024-03-14,433.3198,USD,YAHOO
QQQ,2024-03-15,428.1689,USD,YAHOO
QQQ,2024-03-18,432.2526,USD,YAHOO
QQQ,2024-03-19,433.3296,USD,YAHOO
QQQ,2024-03-20,438.4674,USD,YAHOO
QQQ,2024-03-21,440.5423,USD,YAHOO
QQQ,2024-03-22,441.0463,USD,YAHOO
QQQ,2024-03-25,439.4456,USD,YAHOO
QQQ,2024-03-26,438.0228,USD,YAHOO
QQQ,2024-03-27,439.5147,USD,YAHOO
QQQ,2024-03-28,438.7046,USD,YAHOO
QQQ,2024-04-01,439.6333,USD,YAHOO
QQQ,2024-04-02,435.8392,USD,YAHOO
QQQ,2024-04-03,436.8174,USD,YAHOO
QQQ,2024-04-04,430.1382,USD,YAHOO
QQQ,2024-04-05,435.2068,USD,YAHOO
QQQ,2024-04-08,435.3353,USD,YAHOO
QQQ,2024-04-09,436.9458,USD,YAHOO
QQQ,2024-04-10,433.1319,USD,YAHOO
QQQ,2024-04-11,440.0482,USD,YAHOO
QQQ,2024-04-12,433.0332,USD,YAHOO
QQQ,2024-04-15,425.9093,USD,YAHOO
QQQ,2024-04-16,425.9488,USD,YAHOO
QQQ,2024-04-17,420.7516,USD,YAHOO
QQQ,2024-04-18,418.3506,USD,YAHOO
QQQ,2024-04-19,409.6954,USD,YAHOO
QQQ,2024-04-22,413.8155,USD,YAHOO
QQQ,2024-04-23,419.9909,USD,YAHOO
QQQ,2024-04-24,421.4137,USD,YAHOO
QQQ,2024-04-25,419.3783,USD,YAHOO
QQQ,2024-04-26,425.85,USD,YAHOO
QQQ,2024-04-29,427.5791,USD,YAHOO
QQQ,2024-04-30,419.5166,USD,YAHOO
QQQ,2024-05-01,416.4833,USD,YAHOO
QQQ,2024-05-02,421.799,USD,YAHOO
QQQ,2024-05-03,430.2765,USD,YAHOO
QQQ,2024-05-06,434.9895,USD,YAHOO
QQQ,2024-05-07,435.0586,USD,YAHOO
QQQ,2024-05-08,434.8018,USD,YAHOO
QQQ,2024-05-09,435.7502,USD,YAHOO
QQQ,2024-05-10,436.7779,USD,YAHOO
QQQ,2024-05-13,437.7856,USD,YAHOO
QQQ,2024-05-14,440.6016,USD,YAHOO
QQQ,2024-05-15,447.4883,USD,YAHOO
QQQ,2024-05-16,446.5794,USD,YAHOO
QQQ,2024-05-17,446.362,USD,YAHOO
QQQ,2024-05-20,449.4743,USD,YAHOO
QQQ,2024-05-21,450.3537,USD,YAHOO
QQQ,2024-05-22,450.2647,USD,YAHOO
QQQ,2024-05-23,448.2393,USD,YAHOO
QQQ,2024-05-24,452.478,USD,YAHOO
QQQ,2024-05-28,454.1873,USD,YAHOO
QQQ,2024-05-29,450.986,USD,YAHOO
QQQ,2024-05-30,446.1544,USD,YAHOO
QQQ,2024-05-31,445.3245,USD,YAHOO
QQQ,2024-06-03,447.7156,USD,YAHOO
QQQ,2024-06-04,448.9408,USD,YAHOO
QQQ,2024-06-05,457.9913,USD,YAHOO
QQQ,2024-06-06,457.8332,USD,YAHOO
QQQ,2024-06-07,457.4281,USD,YAHOO
QQQ,2024-06-10,459.2758,USD,YAHOO
QQQ,2024-06-11,462.4276,USD,YAHOO
QQQ,2024-06-12,468.4844,USD,YAHOO
QQQ,2024-06-13,471.0237,USD,YAHOO
QQQ,2024-06-14,473.4642,USD,YAHOO
QQQ,2024-06-17,479.2641,USD,YAHOO
QQQ,2024-06-18,479.4123,USD,YAHOO
QQQ,2024-06-20,475.7169,USD,YAHOO
QQQ,2024-06-21,474.4424,USD,YAHOO
QQQ,2024-06-24,469.041,USD,YAHOO
QQQ,2024-06-25,474.4048,USD,YAHOO
QQQ,2024-06-26,475.3845,USD,YAHOO
QQQ,2024-06-27,476.6115,USD,YAHOO
QQQ,2024-06-28,474.1375,USD,YAHOO
QQQ,2024-07-01,476.9184,USD,YAHOO
QQQ,2024-07-02,481.9259,USD,YAHOO
QQQ,2024-07-03,485.9438,USD,YAHOO
QQQ,2024-07-05,491.0106,USD,YAHOO
QQQ,2024-07-08,492.1784,USD,YAHOO
QQQ,2024-07-09,492.6039,USD,YAHOO
QQQ,2024-07-10,497.7401,USD,YAHOO
QQQ,2024-07-11,486.8245,USD,YAHOO
QQQ,2024-07-12,489.6845,USD,YAHOO
QQQ,2024-07-15,491.0007,USD,YAHOO
QQQ,2024-07-16,491.1887,USD,YAHOO
QQQ,2024-07-17,476.77,USD,YAHOO
QQQ,2024-07-18,474.5135,USD,YAHOO
QQQ,2024-07-19,470.3077,USD,YAHOO
QQQ,2024-07-22,477.3142,USD,YAHOO
QQQ,2024-07-23,475.6319,USD,YAHOO
QQQ,2024-07-24,458.5708,USD,YAHOO
QQQ,2024-07-25,453.5138,USD,YAHOO
QQQ,2024-07-26,458.1651,USD,YAHOO
QQQ,2024-07-29,459.0854,USD,YAHOO
QQQ,2024-07-30,452.7816,USD,YAHOO
QQQ,2024-07-31,466.181,USD,YAHOO
QQQ,2024-08-01,454.8894,USD,YAHOO
QQQ,2024-08-02,444.0927,USD,YAHOO
QQQ,2024-08-05,430.8515,USD,YAHOO
QQQ,2024-08-06,434.9683,USD,YAHOO
QQQ,2024-08-07,430.2577,USD,YAHOO
QQQ,2024-08-08,443.4197,USD,YAHOO
QQQ,2024-08-09,445.7354,USD,YAHOO
QQQ,2024-08-12,446.6954,USD,YAHOO
QQQ,2024-08-13,457.7791,USD,YAHOO
QQQ,2024-08-14,457.9276,USD,YAHOO
QQQ,2024-08-15,469.4962,USD,YAHOO
QQQ,2024-08-16,470.0999,USD,YAHOO
QQQ,2024-08-19,476.2751,USD,YAHOO
QQQ,2024-08-20,475.2756,USD,YAHOO
QQQ,2024-08-21,477.4924,USD,YAHOO
QQQ,2024-08-22,469.9218,USD,YAHOO
QQQ,2024-08-23,475.0183,USD,YAHOO
QQQ,2024-08-26,470.4067,USD,YAHOO
QQQ,2024-08-27,471.812,USD,YAHOO
QQQ,2024-08-28,466.4581,USD,YAHOO
QQQ,2024-08-29,465.7753,USD,YAHOO
QQQ,2024-08-30,471.3271,USD,YAHOO
QQQ,2024-09-03,457.0171,USD,YAHOO
QQQ,2024-09-04,455.8295,USD,YAHOO
QQQ,2024-09-05,456.2551,USD,YAHOO
QQQ,2024-09-06,444.0333,USD,YAHOO
QQQ,2024-09-09,449.7434,USD,YAHOO
QQQ,2024-09-10,453.8998,USD,YAHOO
QQQ,2024-09-11,463.7564,USD,YAHOO
QQQ,2024-09-12,468.3087,USD,YAHOO
QQQ,2024-09-13,470.4067,USD,YAHOO
QQQ,2024-09-16,468.3284,USD,YAHOO
QQQ,2024-09-17,468.5759,USD,YAHOO
QQQ,2024-09-18,466.5472,USD,YAHOO
QQQ,2024-09-19,478.3434,USD,YAHOO
QQQ,2024-09-20,477.433,USD,YAHOO
QQQ,2024-09-23,478.6985,USD,YAHOO
QQQ,2024-09-24,481.0076,USD,YAHOO
QQQ,2024-09-25,481.4535,USD,YAHOO
QQQ,2024-09-26,485.0707,USD,YAHOO
QQQ,2024-09-27,482.3752,USD,YAHOO
QQQ,2024-09-30,483.6833,USD,YAHOO
QQQ,2024-10-01,476.9444,USD,YAHOO
QQQ,2024-10-02,477.6183,USD,YAHOO
QQQ,2024-10-03,477.2616,USD,YAHOO
QQQ,2024-10-04,482.94,USD,YAHOO
QQQ,2024-10-07,477.767,USD,YAHOO
QQQ,2024-10-08,484.9022,USD,YAHOO
QQQ,2024-10-09,488.7176,USD,YAHOO
QQQ,2024-10-10,488.1627,USD,YAHOO
QQQ,2024-10-11,488.9257,USD,YAHOO
QQQ,2024-10-14,493.0285,USD,YAHOO
QQQ,2024-10-15,486.4384,USD,YAHOO
QQQ,2024-10-16,486.4978,USD,YAHOO
QQQ,2024-10-17,486.8348,USD,YAHOO
QQQ,2024-10-18,490.0258,USD,YAHOO
QQQ,2024-10-21,490.9673,USD,YAHOO
QQQ,2024-10-22,491.5024,USD,YAHOO
QQQ,2024-10-23,483.9707,USD,YAHOO
QQQ,2024-10-24,487.8951,USD,YAHOO
QQQ,2024-10-25,490.8682,USD,YAHOO
QQQ,2024-10-28,490.9474,USD,YAHOO
QQQ,2024-10-29,495.6646,USD,YAHOO
QQQ,2024-10-30,491.9186,USD,YAHOO
QQQ,2024-10-31,479.5013,USD,YAHOO
QQQ,2024-11-01,483.049,USD,YAHOO
QQQ,2024-11-04,481.6418,USD,YAHOO
QQQ,2024-11-05,487.7861,USD,YAHOO
QQQ,2024-11-06,501.0359,USD,YAHOO
QQQ,2024-11-07,508.9243,USD,YAHOO
QQQ,2024-11-08,509.519,USD,YAHOO
QQQ,2024-11-11,509.2217,USD,YAHOO
QQQ,2024-11-12,508.3,USD,YAHOO
QQQ,2024-11-13,507.646,USD,YAHOO
QQQ,2024-11-14,504.118,USD,YAHOO
QQQ,2024-11-15,492.1069,USD,YAHOO
QQQ,2024-11-18,495.5259,USD,YAHOO
QQQ,2024-11-19,498.935,USD,YAHOO
QQQ,2024-11-20,498.6476,USD,YAHOO
QQQ,2024-11-21,500.4413,USD,YAHOO
QQQ,2024-11-22,501.2441,USD,YAHOO
QQQ,2024-11-25,502.0368,USD,YAHOO
QQQ,2024-11-26,504.7324,USD,YAHOO
QQQ,2024-11-27,500.7585,USD,YAHOO
QQQ,2024-11-29,505.1585,USD,YAHOO
QQQ,2024-12-02,510.6586,USD,YAHOO
QQQ,2024-12-03,512.2245,USD,YAHOO
QQQ,2024-12-04,518.5569,USD,YAHOO
QQQ,2024-12-05,517.1201,USD,YAHOO
QQQ,2024-12-06,521.7481,USD,YAHOO
QQQ,2024-12-09,517.6849,USD,YAHOO
QQQ,2024-12-10,515.921,USD,YAHOO
QQQ,2024-12-11,525.1572,USD,YAHOO
QQQ,2024-12-12,521.7679,USD,YAHOO
QQQ,2024-12-13,525.7617,USD,YAHOO
QQQ,2024-12-16,533.3331,USD,YAHOO
QQQ,2024-12-17,530.9843,USD,YAHOO
QQQ,2024-12-18,511.828,USD,YAHOO
QQQ,2024-12-19,509.5487,USD,YAHOO
QQQ,2024-12-20,513.9983,USD,YAHOO
QQQ,2024-12-23,519.0061,USD,YAHOO
QQQ,2024-12-24,526.0438,USD,YAHOO
QQQ,2024-12-26,525.6863,USD,YAHOO
QQQ,2024-12-27,518.6984,USD,YAHOO
QQQ,2024-12-30,511.7997,USD,YAHOO
QQQ,2024-12-31,507.4521,USD,YAHOO
QQQ,2025-01-02,506.4595,USD,YAHOO
QQQ,2025-01-03,514.7477,USD,YAHOO
QQQ,2025-01-06,520.6638,USD,YAHOO
QQQ,2025-01-07,511.3729,USD,YAHOO
QQQ,2025-01-08,511.4623,USD,YAHOO
QQQ,2025-01-10,503.442,USD,YAHOO
QQQ,2025-01-13,501.824,USD,YAHOO
QQQ,2025-01-14,501.3475,USD,YAHOO
QQQ,2025-01-15,512.8818,USD,YAHOO
QQQ,2025-01-16,509.2885,USD,YAHOO
QQQ,2025-01-17,517.8844,USD,YAHOO
QQQ,2025-01-21,520.9218,USD,YAHOO
QQQ,2025-01-22,527.5823,USD,YAHOO
QQQ,2025-01-23,528.7039,USD,YAHOO
QQQ,2025-01-24,525.7162,USD,YAHOO
QQQ,2025-01-27,510.4101,USD,YAHOO
QQQ,2025-01-28,517.9539,USD,YAHOO
QQQ,2025-01-29,516.9813,USD,YAHOO
QQQ,2025-01-30,519.1848,USD,YAHOO
QQQ,2025-01-31,518.4304,USD,YAHOO
QQQ,2025-02-03,514.2813,USD,YAHOO
QQQ,2025-02-04,520.5942,USD,YAHOO
QQQ,2025-02-05,522.9567,USD,YAHOO
QQQ,2025-02-06,525.6863,USD,YAHOO
QQQ,2025-02-07,519.0557,USD,YAHOO
QQQ,2025-02-10,525.3389,USD,YAHOO
QQQ,2025-02-11,524.0883,USD,YAHOO
QQQ,2025-02-12,524.3959,USD,YAHOO
QQQ,2025-02-13,531.9398,USD,YAHOO
QQQ,2025-02-14,534.1732,USD,YAHOO
QQQ,2025-02-18,535.3842,USD,YAHOO
QQQ,2025-02-19,535.5331,USD,YAHOO
QQQ,2025-02-20,533.2599,USD,YAHOO
QQQ,2025-02-21,522.1923,USD,YAHOO
QQQ,2025-02-24,516.0283,USD,YAHOO
QQQ,2025-02-25,509.5267,USD,YAHOO
QQQ,2025-02-26,510.7575,USD,YAHOO
QQQ,2025-02-27,496.5731,USD,YAHOO
QQQ,2025-02-28,504.4147,USD,YAHOO
QQQ,2025-03-03,493.3769,USD,YAHOO
QQQ,2025-03-04,491.888,USD,YAHOO
QQQ,2025-03-05,498.3002,USD,YAHOO
QQQ,2025-03-06,484.5923,USD,YAHOO
QQQ,2025-03-07,488.1558,USD,YAHOO
QQQ,2025-03-10,469.2366,USD,YAHOO
QQQ,2025-03-11,468.115,USD,YAHOO
QQQ,2025-03-12,473.3957,USD,YAHOO
QQQ,2025-03-13,464.8791,USD,YAHOO
QQQ,2025-03-14,476.1154,USD,YAHOO
QQQ,2025-03-17,479.2024,USD,YAHOO
QQQ,2025-03-18,471.0332,USD,YAHOO
QQQ,2025-03-19,477.3363,USD,YAHOO
QQQ,2025-03-20,475.7184,USD,YAHOO
QQQ,2025-03-21,477.2867,USD,YAHOO
QQQ,2025-03-24,487.7604,USD,YAHOO
QQQ,2025-03-25,490.5439,USD,YAHOO
QQQ,2025-03-26,481.5175,USD,YAHOO
QQQ,2025-03-27,478.7738,USD,YAHOO
QQQ,2025-03-28,466.1688,USD,YAHOO
QQQ,2025-03-31,466.1489,USD,YAHOO
QQQ,2025-04-01,469.9066,USD,YAHOO
QQQ,2025-04-02,473.3362,USD,YAHOO
QQQ,2025-04-03,447.9968,USD,YAHOO
QQQ,2025-04-04,420.1722,USD,YAHOO
QQQ,2025-04-07,421.1862,USD,YAHOO
QQQ,2025-04-08,413.6013,USD,YAHOO
QQQ,2025-04-09,463.2462,USD,YAHOO
QQQ,2025-04-10,443.5432,USD,YAHOO
QQQ,2025-04-11,451.7147,USD,YAHOO
QQQ,2025-04-14,454.7765,USD,YAHOO
QQQ,2025-04-15,455.2835,USD,YAHOO
QQQ,2025-04-16,441.5551,USD,YAHOO
QQQ,2025-04-17,441.4756,USD,YAHOO
QQQ,2025-04-21,430.5505,USD,YAHOO
QQQ,2025-04-22,441.8533,USD,YAHOO
QQQ,2025-04-23,451.8738,USD,YAHOO
QQQ,2025-04-24,464.5882,USD,YAHOO
QQQ,2025-04-25,469.7674,USD,YAHOO
QQQ,2025-04-28,469.6183,USD,YAHOO
QQQ,2025-04-29,472.7198,USD,YAHOO
QQQ,2025-04-30,472.6602,USD,YAHOO
QQQ,2025-05-01,478.8335,USD,YAHOO
QQQ,2025-05-02,485.9412,USD,YAHOO
QQQ,2025-05-05,483.0583,USD,YAHOO
QQQ,2025-05-06,478.5651,USD,YAHOO
QQQ,2025-05-07,480.4439,USD,YAHOO
QQQ,2025-05-08,485.4044,USD,YAHOO
QQQ,2025-05-09,485.0863,USD,YAHOO
QQQ,2025-05-12,504.8488,USD,YAHOO
QQQ,2025-05-13,512.5432,USD,YAHOO
QQQ,2025-05-14,515.6147,USD,YAHOO
QQQ,2025-05-15,516.1814,USD,YAHOO
QQQ,2025-05-16,518.4282,USD,YAHOO
QQQ,2025-05-19,518.9252,USD,YAHOO
QQQ,2025-05-20,517.1954,USD,YAHOO
QQQ,2025-05-21,510.0081,USD,YAHOO
QQQ,2025-05-22,510.9625,USD,YAHOO
QQQ,2025-05-23,506.2306,USD,YAHOO
QQQ,2025-05-27,518.1398,USD,YAHOO
QQQ,2025-05-28,515.8434,USD,YAHOO
QQQ,2025-05-29,516.8575,USD,YAHOO
QQQ,2025-05-30,516.0423,USD,YAHOO
QQQ,2025-06-02,520.1181,USD,YAHOO
QQQ,2025-06-03,524.1839,USD,YAHOO
QQQ,2025-06-04,525.6452,USD,YAHOO
QQQ,2025-06-05,521.6887,USD,YAHOO
QQQ,2025-06-06,526.7883,USD,YAHOO
QQQ,2025-06-09,527.5638,USD,YAHOO
QQQ,2025-06-10,531.053,USD,YAHOO
QQQ,2025-06-11,529.2637,USD,YAHOO
QQQ,2025-06-12,530.5062,USD,YAHOO
QQQ,2025-06-13,523.846,USD,YAHOO
QQQ,2025-06-16,531.1326,USD,YAHOO
QQQ,2025-06-17,525.9534,USD,YAHOO
QQQ,2025-06-18,525.8639,USD,YAHOO
QQQ,2025-06-20,523.7166,USD,YAHOO
QQQ,2025-06-23,529.1017,USD,YAHOO
QQQ,2025-06-24,537.1927,USD,YAHOO
QQQ,2025-06-25,538.5662,USD,YAHOO
QQQ,2025-06-26,543.6019,USD,YAHOO
QQQ,2025-06-27,545.463,USD,YAHOO
QQQ,2025-06-30,548.9958,USD,YAHOO
QQQ,2025-07-01,544.3682,USD,YAHOO
QQQ,2025-07-02,548.1599,USD,YAHOO
QQQ,2025-07-03,553.554,USD,YAHOO
QQQ,2025-07-07,549.384,USD,YAHOO
QQQ,2025-07-08,549.6926,USD,YAHOO
QQQ,2025-07-09,553.5839,USD,YAHOO
QQQ,2025-07-10,552.7877,USD,YAHOO
QQQ,2025-07-11,551.5436,USD,YAHOO
QQQ,2025-07-14,553.544,USD,YAHOO
QQQ,2025-07-15,554.0515,USD,YAHOO
QQQ,2025-07-16,554.6188,USD,YAHOO
QQQ,2025-07-17,559.1072,USD,YAHOO
QQQ,2025-07-18,558.5698,USD,YAHOO
QQQ,2025-07-21,561.4658,USD,YAHOO
QQQ,2025-07-22,558.5599,USD,YAHOO
QQQ,2025-07-23,561.1076,USD,YAHOO
QQQ,2025-07-24,562.3018,USD,YAHOO
QQQ,2025-07-25,563.6554,USD,YAHOO
QQQ,2025-07-28,565.4168,USD,YAHOO
QQQ,2025-07-29,564.5411,USD,YAHOO
QQQ,2025-07-30,565.2974,USD,YAHOO
QQQ,2025-07-31,562.3018,USD,YAHOO
QQQ,2025-08-01,551.2252,USD,YAHOO
QQQ,2025-08-04,561.3962,USD,YAHOO
QQQ,2025-08-05,557.5845,USD,YAHOO
QQQ,2025-08-06,564.6008,USD,YAHOO
QQQ,2025-08-07,566.5115,USD,YAHOO
QQQ,2025-08-08,571.7961,USD,YAHOO
QQQ,2025-08-11,570.1042,USD,YAHOO
QQQ,2025-08-12,577.2697,USD,YAHOO
QQQ,2025-08-13,577.5583,USD,YAHOO
QQQ,2025-08-14,577.1106,USD,YAHOO
QQQ,2025-08-15,574.5728,USD,YAHOO
QQQ,2025-08-18,574.3438,USD,YAHOO
QQQ,2025-08-19,566.5514,USD,YAHOO
QQQ,2025-08-20,563.1876,USD,YAHOO
QQQ,2025-08-21,560.5801,USD,YAHOO
QQQ,2025-08-22,569.2285,USD,YAHOO
QQQ,2025-08-25,567.5864,USD,YAHOO
QQQ,2025-08-26,569.8654,USD,YAHOO
QQQ,2025-08-27,570.7412,USD,YAHOO
QQQ,2025-08-28,574.314,USD,YAHOO
QQQ,2025-08-29,567.666,USD,YAHOO
QQQ,2025-09-02,562.9089,USD,YAHOO
QQQ,2025-09-03,567.3376,USD,YAHOO
QQQ,2025-09-04,572.4728,USD,YAHOO
QQQ,2025-09-05,573.2988,USD,YAHOO
QQQ,2025-09-08,576.0954,USD,YAHOO
QQQ,2025-09-09,577.7276,USD,YAHOO
QQQ,2025-09-10,577.9166,USD,YAHOO
QQQ,2025-09-11,581.2804,USD,YAHOO
QQQ,2025-09-12,583.848,USD,YAHOO
QQQ,2025-09-15,588.844,USD,YAHOO
QQQ,2025-09-16,588.3464,USD,YAHOO
QQQ,2025-09-17,587.1721,USD,YAHOO
QQQ,2025-09-18,592.4666,USD,YAHOO
QQQ,2025-09-19,596.4771,USD,YAHOO
QQQ,2025-09-22,600.0084,USD,YAHOO
QQQ,2025-09-23,596.0229,USD,YAHOO
QQQ,2025-09-24,593.9305,USD,YAHOO
QQQ,2025-09-25,591.3699,USD,YAHOO
QQQ,2025-09-26,593.801,USD,YAHOO
QQQ,2025-09-29,596.551,USD,YAHOO
QQQ,2025-09-30,598.185,USD,YAHOO
QQQ,2025-10-01,601.0545,USD,YAHOO
QQQ,2025-10-02,603.5255,USD,YAHOO
QQQ,2025-10-03,600.9848,USD,YAHOO
QQQ,2025-10-06,605.4983,USD,YAHOO
QQQ,2025-10-07,602.31,USD,YAHOO
QQQ,2025-10-08,609.2147,USD,YAHOO
QQQ,2025-10-09,608.4774,USD,YAHOO
QQQ,2025-10-10,587.3546,USD,YAHOO
QQQ,2025-10-13,599.819,USD,YAHOO
QQQ,2025-10-14,595.8237,USD,YAHOO
QQQ,2025-10-15,600.0283,USD,YAHOO
QQQ,2025-10-16,597.8064,USD,YAHOO
QQQ,2025-10-17,601.7321,USD,YAHOO
QQQ,2025-10-20,609.3143,USD,YAHOO
QQQ,2025-10-21,609.155,USD,YAHOO
QQQ,2025-10-22,603.2864,USD,YAHOO
QQQ,2025-10-23,608.3579,USD,YAHOO
QQQ,2025-10-24,614.8541,USD,YAHOO
QQQ,2025-10-27,625.8042,USD,YAHOO
QQQ,2025-10-28,630.6165,USD,YAHOO
QQQ,2025-10-29,633.4562,USD,YAHOO
QQQ,2025-10-30,623.7716,USD,YAHOO
QQQ,2025-10-31,626.7806,USD,YAHOO
QQQ,2025-11-03,629.7795,USD,YAHOO
QQQ,2025-11-04,616.9963,USD,YAHOO
QQQ,2025-11-05,621.0117,USD,YAHOO
QQQ,2025-11-06,609.4439,USD,YAHOO
QQQ,2025-11-07,607.5209,USD,YAHOO
QQQ,2025-11-10,620.9618,USD,YAHOO
QQQ,2025-11-11,619.3079,USD,YAHOO
QQQ,2025-11-12,618.8196,USD,YAHOO
QQQ,2025-11-13,606.1859,USD,YAHOO
QQQ,2025-11-14,606.6441,USD,YAHOO
QQQ,2025-11-17,601.463,USD,YAHOO
QQQ,2025-11-18,594.1398,USD,YAHOO
QQQ,2025-11-19,597.6868,USD,YAHOO
QQQ,2025-11-20,583.5385,USD,YAHOO
QQQ,2025-11-21,587.9225,USD,YAHOO
QQQ,2025-11-24,602.9576,USD,YAHOO
QQQ,2025-11-25,606.674,USD,YAHOO
QQQ,2025-11-26,612.0344,USD,YAHOO
QQQ,2025-11-28,616.9963,USD,YAHOO
QQQ,2025-12-01,614.9238,USD,YAHOO
QQQ,2025-12-02,619.7363,USD,YAHOO
QQQ,2025-12-03,621.2508,USD,YAHOO
QQQ,2025-12-04,620.6729,USD,YAHOO
QQQ,2025-12-05,623.2036,USD,YAHOO
QQQ,2025-12-08,622.0081,USD,YAHOO
QQQ,2025-12-09,622.7752,USD,YAHOO
QQQ,2025-12-10,625.3259,USD,YAHOO
QQQ,2025-12-11,623.3033,USD,YAHOO
QQQ,2025-12-12,611.3868,USD,YAHOO
QQQ,2025-12-15,608.318,USD,YAHOO
QQQ,2025-12-16,609.5236,USD,YAHOO
QQQ,2025-12-17,598.2248,USD,YAHOO
QQQ,2025-12-18,606.8932,USD,YAHOO
QQQ,2025-12-19,614.8043,USD,YAHOO
QQQ,2025-12-22,617.7513,USD,YAHOO
QQQ,2025-12-23,620.6445,USD,YAHOO
QQQ,2025-12-24,622.4602,USD,YAHOO
QQQ,2025-12-26,622.4203,USD,YAHOO
QQQ,2025-12-29,619.4074,USD,YAHOO
QQQ,2025-12-30,617.9708,USD,YAHOO
QQQ,2025-12-31,612.8629,USD,YAHOO
QQQ,2026-01-02,611.6757,USD,YAHOO
QQQ,2026-01-05,616.5342,USD,YAHOO
QQQ,2026-01-06,621.9514,USD,YAHOO
QQQ,2026-01-07,622.55,USD,YAHOO
QQQ,2026-01-08,619.0084,USD,YAHOO
QQQ,2026-01-09,625.1738,USD,YAHOO
QQQ,2026-01-12,625.6926,USD,YAHOO
QQQ,2026-01-13,624.7648,USD,YAHOO
QQQ,2026-01-14,618.0905,USD,YAHOO
QQQ,2026-01-15,620.3153,USD,YAHOO
QQQ,2026-01-16,619.7965,USD,YAHOO
QQQ,2026-01-20,606.6276,USD,YAHOO
QQQ,2026-01-21,614.8282,USD,YAHOO
QQQ,2026-01-22,619.2977,USD,YAHOO
QQQ,2026-01-23,621.2531,USD,YAHOO
QQQ,2026-01-26,623.9866,USD,YAHOO
QQQ,2026-01-27,629.6432,USD,YAHOO
QQQ,2026-01-28,631.7283,USD,YAHOO
QQQ,2026-01-29,627.9472,USD,YAHOO
QQQ,2026-01-30,620.405,USD,YAHOO
QQQ,2026-02-02,624.665,USD,YAHOO
QQQ,2026-02-03,615.0677,USD,YAHOO
QQQ,2026-02-04,604.323,USD,YAHOO
QQQ,2026-02-05,595.6236,USD,YAHOO
QQQ,2026-02-06,608.2139,USD,YAHOO
QQQ,2026-02-09,612.8729,USD,YAHOO
QQQ,2026-02-10,610.0295,USD,YAHOO
QQQ,2026-02-11,611.6657,USD,YAHOO
QQQ,2026-02-12,599.2251,USD,YAHOO
QQQ,2026-02-13,600.502,USD,YAHOO
QQQ,2026-02-17,599.8835,USD,YAHOO
QQQ,2026-02-18,604.363,USD,YAHOO
QQQ,2026-02-19,602.0483,USD,YAHOO
QQQ,2026-02-20,607.3758,USD,YAHOO
QQQ,2026-02-23,599.9932,USD,YAHOO
QQQ,2026-02-24,606.438,USD,YAHOO
QQQ,2026-02-25,615.2273,USD,YAHOO
QQQ,2026-02-26,607.8048,USD,YAHOO
QQQ,2026-02-27,605.8594,USD,YAHOO
QQQ,2026-03-02,606.6575,USD,YAHOO
QQQ,2026-03-03,600.1628,USD,YAHOO
QQQ,2026-03-04,609.3112,USD,YAHOO
QQQ,2026-03-05,607.4756,USD,YAHOO
QQQ,2026-03-06,598.3372,USD,YAHOO
QQQ,2026-03-09,606.3283,USD,YAHOO
QQQ,2026-03-10,606.3383,USD,YAHOO
QQQ,2026-03-11,606.2584,USD,YAHOO
QQQ,2026-03-12,595.853,USD,YAHOO
QQQ,2026-03-13,592.3214,USD,YAHOO
QQQ,2026-03-16,598.9657,USD,YAHOO
QQQ,2026-03-17,601.8888,USD,YAHOO
QQQ,2026-03-18,593.4987,USD,YAHOO
QQQ,2026-03-19,591.623,USD,YAHOO
QQQ,2026-03-20,580.6888,USD,YAHOO
QQQ,2026-03-23,587.3546,USD,YAHOO
QQQ,2026-03-24,583.3389,USD,YAHOO
QQQ,2026-03-25,587.1747,USD,YAHOO
QQQ,2026-03-26,573.1601,USD,YAHOO
QQQ,2026-03-27,561.9625,USD,YAHOO
QQQ,2026-03-30,557.6672,USD,YAHOO
QQQ,2026-03-31,576.5464,USD,YAHOO
QQQ,2026-04-01,583.6686,USD,YAHOO
QQQ,2026-04-02,584.3378,USD,YAHOO
QQQ,2026-04-06,587.854,USD,YAHOO
QQQ,2026-04-07,587.9439,USD,YAHOO
QQQ,2026-04-08,605.4247,USD,YAHOO
QQQ,2026-04-09,609.5202,USD,YAHOO
QQQ,2026-04-10,610.3992,USD,YAHOO
QQQ,2026-04-13,616.7123,USD,YAHOO
QQQ,2026-04-14,627.9099,USD,YAHOO
QQQ,2026-04-15,636.7003,USD,YAHOO
QQQ,2026-04-16,639.7669,USD,YAHOO
QQQ,2026-04-17,648.1377,USD,YAHOO
QQQ,2026-04-20,646.08,USD,YAHOO
QQQ,2026-04-21,643.6227,USD,YAHOO
QQQ,2026-04-22,654.3909,USD,YAHOO
QQQ,2026-04-23,650.7049,USD,YAHOO
QQQ,2026-04-24,663.1512,USD,YAHOO
QQQ,2026-04-27,663.5009,USD,YAHOO
QQQ,2026-04-28,656.8282,USD,YAHOO
QQQ,2026-04-29,660.8438,USD,YAHOO
QQQ,2026-04-30,667.007,USD,YAHOO
QQQ,2026-05-01,673.41,USD,YAHOO
QQQ,2026-05-04,672.1414,USD,YAHOO
QQQ,2026-05-05,680.8618,USD,YAHOO
QQQ,2026-05-06,695.0062,USD,YAHOO
QQQ,2026-05-07,694.1771,USD,YAHOO
QQQ,2026-05-08,710.4492,USD,YAHOO
QQQ,2026-05-11,712.507,USD,YAHOO
QQQ,2026-05-12,706.4636,USD,YAHOO
QQQ,2026-05-13,713.9255,USD,YAHOO
QQQ,2026-05-14,718.9998,USD,YAHOO
QQQ,2026-05-15,708.1518,USD,YAHOO
QQQ,2026-05-18,705.1051,USD,YAHOO
QQQ,2026-05-19,700.7599,USD,YAHOO
QQQ,2026-05-20,712.3672,USD,YAHOO
QQQ,2026-05-21,713.7256,USD,YAHOO
QQQ,2026-05-22,716.7523,USD,YAHOO
QQQ,2026-05-26,729.4784,USD,YAHOO
QQQ,2026-05-27,728.6493,USD,YAHOO
QQQ,2026-05-28,734.7925,USD,YAHOO
QQQ,2026-05-29,737.4995,USD,YAHOO
QQQ,2026-06-01,741.9247,USD,YAHOO
QQQ,2026-06-02,745.3409,USD,YAHOO
QQQ,2026-06-03,743.3931,USD,YAHOO
QQQ,2026-06-04,739.797,USD,YAHOO
QQQ,2026-06-05,704.286,USD,YAHOO
QQQ,2026-06-08,715.2839,USD,YAHOO
QQQ,2026-06-09,707.053,USD,YAHOO
QQQ,2026-06-10,692.9285,USD,YAHOO
QQQ,2026-06-11,716.3328,USD,YAHOO
QQQ,2026-06-12,720.5482,USD,YAHOO
QQQ,2026-06-15,743.1833,USD,YAHOO
QQQ,2026-06-16,729.0588,USD,YAHOO
QQQ,2026-06-17,721.7169,USD,YAHOO
QQQ,2026-06-18,739.807,USD,YAHOO
QQQ,2026-06-22,737.95,USD,YAHOO
QQQ,2026-06-23,713.65,USD,YAHOO
QQQ,2026-06-24,710.62,USD,YAHOO
QQQ,2026-06-25,716.38,USD,YAHOO
QQQ,2026-06-26,706.52,USD,YAHOO
QQQ,2026-06-29,724.08,USD,YAHOO
QQQ,2026-06-30,736.4,USD,YAHOO
QQQ,2026-07-01,725.17,USD,YAHOO
QQQ,2026-07-02,712.6,USD,YAHOO
QQQ,2026-07-06,722.82,USD,YAHOO
QQQ,2026-07-07,709.43,USD,YAHOO
QQQ,2026-07-08,711.44,USD,YAHOO
QQQ,2026-07-09,723.28,USD,YAHOO
QQQ,2026-07-10,725.51,USD,YAHOO
QQQ,2026-07-13,711.74,USD,YAHOO
QQQ,2026-07-14,719.69,USD,YAHOO
QQQ,2026-07-15,717.74,USD,YAHOO
QQQ,2026-07-16,705.94,USD,YAHOO
QQQ,2026-07-17,695.33,USD,YAHOO
QQQ,2026-07-20,696.06,USD,YAHOO
QQQ,2026-07-21,708.97,USD,YAHOO
QQQ,2026-07-22,705.35,USD,YAHOO
QQQ,2026-07-23,691.96,USD,YAHOO
QQQ,2026-07-24,684.23,USD,YAHOO
QQQ,2026-07-27,682.12,USD,YAHOO
QQQ,2026-07-28,675.49,USD,YAHOO
QQQ,2026-07-29,661.73,USD,YAHOO
QQQ,2026-07-30,683.55,USD,YAHOO
QQQ,2026-07-31,687.99,USD,YAHOO
QQQ,2026-08-03,700.07,USD,YAHOO
QQQ,2026-08-04,723.85,USD,YAHOO
QQQ,2026-08-05,717.3,USD,YAHOO
QQQ,2026-08-06,714.65,USD,YAHOO
QQQ,2026-08-07,723.03,USD,YAHOO
QQQ,2026-08-10,720.87,USD,YAHOO
QQQ,2026-08-11,718.45,USD,YAHOO
QQQ,2026-08-12,723.7,USD,YAHOO
QQQ,2026-08-13,732.07,USD,YAHOO
QQQ,2026-08-14,731.07,USD,YAHOO
QQQ,2026-08-17,729.87,USD,YAHOO
QQQ,2026-08-18,717.51,USD,YAHOO
QQQ,2026-08-19,716.08,USD,YAHOO
QQQ,2026-08-20,710.93,USD,YAHOO
QQQ,2026-08-21,713.44,USD,YAHOO
QQQ,2026-08-24,706.32,USD,YAHOO
QQQ,2026-08-25,710.72,USD,YAHOO
QQQ,2026-08-26,711.37,USD,YAHOO
QQQ,2026-08-27,721.11,USD,YAHOO
QQQ,2026-08-28,716.43,USD,YAHOO
QQQ,2026-08-31,716.76,USD,YAHOO
QQQ,2026-09-01,707.64,USD,YAHOO
QQQ,2026-09-02,709.24,USD,YAHOO
QQQ,2026-09-03,717.67,USD,YAHOO
QQQ,2026-09-04,718.96,USD,YAHOO
QQQ,2026-09-08,718.36,USD,YAHOO
QQQ,2026-09-09,716.31,USD,YAHOO
QQQ,2026-09-10,708.69,USD,YAHOO
QQQ,2026-09-11,714.88,USD,YAHOO
SAN.PA,2023-09-14,89.2017,EUR,YAHOO
SAN.PA,2023-09-15,89.5327,EUR,YAHOO
SAN.PA,2023-09-18,88.5572,EUR,YAHOO
SAN.PA,2023-09-19,88.923,EUR,YAHOO
SAN.PA,2023-09-20,90.4036,EUR,YAHOO
SAN.PA,2023-09-21,89.2714,EUR,YAHOO
SAN.PA,2023-09-22,88.923,EUR,YAHOO
SAN.PA,2023-09-25,89.3933,EUR,YAHOO
SAN.PA,2023-09-26,89.5153,EUR,YAHOO
SAN.PA,2023-09-27,88.5572,EUR,YAHOO
SAN.PA,2023-09-28,87.756,EUR,YAHOO
SAN.PA,2023-09-29,88.383,EUR,YAHOO
SAN.PA,2023-10-02,88.6792,EUR,YAHOO
SAN.PA,2023-10-03,88.4527,EUR,YAHOO
SAN.PA,2023-10-04,88.6792,EUR,YAHOO
SAN.PA,2023-10-05,89.5849,EUR,YAHOO
SAN.PA,2023-10-06,89.0101,EUR,YAHOO
SAN.PA,2023-10-09,89.3411,EUR,YAHOO
SAN.PA,2023-10-10,89.4282,EUR,YAHOO
SAN.PA,2023-10-11,89.9856,EUR,YAHOO
SAN.PA,2023-10-12,90.5604,EUR,YAHOO
SAN.PA,2023-10-13,90.0378,EUR,YAHOO
SAN.PA,2023-10-16,90.4733,EUR,YAHOO
SAN.PA,2023-10-17,89.6546,EUR,YAHOO
SAN.PA,2023-10-18,88.2785,EUR,YAHOO
SAN.PA,2023-10-19,86.0576,EUR,YAHOO
SAN.PA,2023-10-20,86.0751,EUR,YAHOO
SAN.PA,2023-10-23,85.6222,EUR,YAHOO
SAN.PA,2023-10-24,86.1709,EUR,YAHOO
SAN.PA,2023-10-25,87.9824,EUR,YAHOO
SAN.PA,2023-10-26,87.4947,EUR,YAHOO
SAN.PA,2023-10-27,70.9294,EUR,YAHOO
SAN.PA,2023-10-30,73.2809,EUR,YAHOO
SAN.PA,2023-10-31,74.6396,EUR,YAHOO
SAN.PA,2023-11-01,75.6412,EUR,YAHOO
SAN.PA,2023-11-02,75.946,EUR,YAHOO
SAN.PA,2023-11-03,74.3348,EUR,YAHOO
SAN.PA,2023-11-06,73.9777,EUR,YAHOO
SAN.PA,2023-11-07,73.5248,EUR,YAHOO
SAN.PA,2023-11-08,75.0141,EUR,YAHOO
SAN.PA,2023-11-09,74.9706,EUR,YAHOO
SAN.PA,2023-11-10,74.1519,EUR,YAHOO
SAN.PA,2023-11-13,74.2825,EUR,YAHOO
SAN.PA,2023-11-14,73.6729,EUR,YAHOO
SAN.PA,2023-11-15,72.8542,EUR,YAHOO
SAN.PA,2023-11-16,73.8732,EUR,YAHOO
SAN.PA,2023-11-17,74.8051,EUR,YAHOO
SAN.PA,2023-11-20,74.3957,EUR,YAHOO
SAN.PA,2023-11-21,74.3261,EUR,YAHOO
SAN.PA,2023-11-22,73.9603,EUR,YAHOO
SAN.PA,2023-11-23,75.1099,EUR,YAHOO
SAN.PA,2023-11-24,75.2318,EUR,YAHOO
SAN.PA,2023-11-27,75.4496,EUR,YAHOO
SAN.PA,2023-11-28,74.6919,EUR,YAHOO
SAN.PA,2023-11-29,73.9167,EUR,YAHOO
SAN.PA,2023-11-30,74.4306,EUR,YAHOO
SAN.PA,2023-12-01,74.7093,EUR,YAHOO
SAN.PA,2023-12-04,75.4147,EUR,YAHOO
SAN.PA,2023-12-05,75.2493,EUR,YAHOO
SAN.PA,2023-12-06,75.0141,EUR,YAHOO
SAN.PA,2023-12-07,74.117,EUR,YAHOO
SAN.PA,2023-12-08,75.0141,EUR,YAHOO
SAN.PA,2023-12-11,76.4686,EUR,YAHOO
SAN.PA,2023-12-12,76.5295,EUR,YAHOO
SAN.PA,2023-12-13,77.1131,EUR,YAHOO
SAN.PA,2023-12-14,76.6602,EUR,YAHOO
SAN.PA,2023-12-15,76.3815,EUR,YAHOO
SAN.PA,2023-12-18,77.174,EUR,YAHOO
SAN.PA,2023-12-19,77.4527,EUR,YAHOO
SAN.PA,2023-12-20,77.6618,EUR,YAHOO
SAN.PA,2023-12-21,77.4789,EUR,YAHOO
SAN.PA,2023-12-22,77.8098,EUR,YAHOO
SAN.PA,2023-12-27,77.6618,EUR,YAHOO
SAN.PA,2023-12-28,77.7402,EUR,YAHOO
SAN.PA,2023-12-29,78.1756,EUR,YAHOO
SAN.PA,2024-01-02,79.1598,EUR,YAHOO
SAN.PA,2024-01-03,80.1091,EUR,YAHOO
SAN.PA,2024-01-04,80.8494,EUR,YAHOO
SAN.PA,2024-01-05,81.4155,EUR,YAHOO
SAN.PA,2024-01-08,81.9816,EUR,YAHOO
SAN.PA,2024-01-09,82.9048,EUR,YAHOO
SAN.PA,2024-01-10,82.6087,EUR,YAHOO
SAN.PA,2024-01-11,82.8264,EUR,YAHOO
SAN.PA,2024-01-12,83.3055,EUR,YAHOO
SAN.PA,2024-01-15,82.1819,EUR,YAHOO
SAN.PA,2024-01-16,82.9222,EUR,YAHOO
SAN.PA,2024-01-17,83.0703,EUR,YAHOO
SAN.PA,2024-01-18,82.4693,EUR,YAHOO
SAN.PA,2024-01-19,81.9032,EUR,YAHOO
SAN.PA,2024-01-22,82.0426,EUR,YAHOO
SAN.PA,2024-01-23,80.6143,EUR,YAHOO
SAN.PA,2024-01-24,80.6055,EUR,YAHOO
SAN.PA,2024-01-25,79.8478,EUR,YAHOO
SAN.PA,2024-01-26,80.1962,EUR,YAHOO
SAN.PA,2024-01-29,80.7101,EUR,YAHOO
SAN.PA,2024-01-30,80.5184,EUR,YAHOO
SAN.PA,2024-01-31,81.311,EUR,YAHOO
SAN.PA,2024-02-01,77.9753,EUR,YAHOO
SAN.PA,2024-02-02,76.2682,EUR,YAHOO
SAN.PA,2024-02-05,76.1202,EUR,YAHOO
SAN.PA,2024-02-06,75.9721,EUR,YAHOO
SAN.PA,2024-02-07,76.1115,EUR,YAHOO
SAN.PA,2024-02-08,74.718,EUR,YAHOO
SAN.PA,2024-02-09,75.3363,EUR,YAHOO
SAN.PA,2024-02-12,74.9618,EUR,YAHOO
SAN.PA,2024-02-13,74.6309,EUR,YAHOO
SAN.PA,2024-02-14,74.6657,EUR,YAHOO
SAN.PA,2024-02-15,75.3451,EUR,YAHOO
SAN.PA,2024-02-16,75.3015,EUR,YAHOO
SAN.PA,2024-02-19,75.0925,EUR,YAHOO
SAN.PA,2024-02-20,75.885,EUR,YAHOO
SAN.PA,2024-02-21,76.0941,EUR,YAHOO
SAN.PA,2024-02-22,77.2873,EUR,YAHOO
SAN.PA,2024-02-23,78.1321,EUR,YAHOO
SAN.PA,2024-02-26,77.7576,EUR,YAHOO
SAN.PA,2024-02-27,77.3656,EUR,YAHOO
SAN.PA,2024-02-28,77.3744,EUR,YAHOO
SAN.PA,2024-02-29,76.547,EUR,YAHOO
SAN.PA,2024-03-01,76.0418,EUR,YAHOO
SAN.PA,2024-03-04,75.6151,EUR,YAHOO
SAN.PA,2024-03-05,76.2944,EUR,YAHOO
SAN.PA,2024-03-06,75.8763,EUR,YAHOO
SAN.PA,2024-03-07,76.6428,EUR,YAHOO
SAN.PA,2024-03-08,76.3728,EUR,YAHOO
SAN.PA,2024-03-11,76.9215,EUR,YAHOO
SAN.PA,2024-03-12,76.9389,EUR,YAHOO
SAN.PA,2024-03-13,77.0695,EUR,YAHOO
SAN.PA,2024-03-14,76.8257,EUR,YAHOO
SAN.PA,2024-03-15,76.8169,EUR,YAHOO
SAN.PA,2024-03-18,76.6428,EUR,YAHOO
SAN.PA,2024-03-19,75.946,EUR,YAHOO
SAN.PA,2024-03-20,76.3292,EUR,YAHOO
SAN.PA,2024-03-21,76.3902,EUR,YAHOO
SAN.PA,2024-03-22,77.2089,EUR,YAHOO
SAN.PA,2024-03-25,78.0798,EUR,YAHOO
SAN.PA,2024-03-26,79.5169,EUR,YAHOO
SAN.PA,2024-03-27,79.9175,EUR,YAHOO
SAN.PA,2024-03-28,79.2207,EUR,YAHOO
SAN.PA,2024-04-02,77.1044,EUR,YAHOO
SAN.PA,2024-04-03,77.4963,EUR,YAHOO
SAN.PA,2024-04-04,77.2698,EUR,YAHOO
SAN.PA,2024-04-05,76.0679,EUR,YAHOO
SAN.PA,2024-04-08,75.7718,EUR,YAHOO
SAN.PA,2024-04-09,75.9634,EUR,YAHOO
SAN.PA,2024-04-10,76.7473,EUR,YAHOO
SAN.PA,2024-04-11,75.4844,EUR,YAHOO
SAN.PA,2024-04-12,75.3102,EUR,YAHOO
SAN.PA,2024-04-15,76.1637,EUR,YAHOO
SAN.PA,2024-04-16,75.5889,EUR,YAHOO
SAN.PA,2024-04-17,75.0576,EUR,YAHOO
SAN.PA,2024-04-18,74.2303,EUR,YAHOO
SAN.PA,2024-04-19,75.676,EUR,YAHOO
SAN.PA,2024-04-22,76.7908,EUR,YAHOO
SAN.PA,2024-04-23,77.3831,EUR,YAHOO
SAN.PA,2024-04-24,76.3815,EUR,YAHOO
SAN.PA,2024-04-25,79.7956,EUR,YAHOO
SAN.PA,2024-04-26,79.4559,EUR,YAHOO
SAN.PA,2024-04-29,79.9872,EUR,YAHOO
SAN.PA,2024-04-30,81.0671,EUR,YAHOO
SAN.PA,2024-05-02,80.0394,EUR,YAHOO
SAN.PA,2024-05-03,,EUR,YAHOO
SAN.PA,2024-05-06,79.273,EUR,YAHOO
SAN.PA,2024-05-07,80.022,EUR,YAHOO
SAN.PA,2024-05-08,81.0671,EUR,YAHOO
SAN.PA,2024-05-09,81.1542,EUR,YAHOO
SAN.PA,2024-05-10,82.1558,EUR,YAHOO
SAN.PA,2024-05-13,84.097,EUR,YAHOO
SAN.PA,2024-05-14,83.1718,EUR,YAHOO
SAN.PA,2024-05-15,82.1467,EUR,YAHOO
SAN.PA,2024-05-16,81.8565,EUR,YAHOO
SAN.PA,2024-05-17,80.8859,EUR,YAHOO
SAN.PA,2024-05-20,80.8768,EUR,YAHOO
SAN.PA,2024-05-21,81.6388,EUR,YAHOO
SAN.PA,2024-05-22,82.3644,EUR,YAHOO
SAN.PA,2024-05-23,81.7839,EUR,YAHOO
SAN.PA,2024-05-24,81.2034,EUR,YAHOO
SAN.PA,2024-05-27,81.5118,EUR,YAHOO
SAN.PA,2024-05-28,80.3507,EUR,YAHOO
SAN.PA,2024-05-29,79.5615,EUR,YAHOO
SAN.PA,2024-05-30,80.3416,EUR,YAHOO
SAN.PA,2024-05-31,81.4211,EUR,YAHOO
SAN.PA,2024-06-03,81.7385,EUR,YAHOO
SAN.PA,2024-06-04,81.8837,EUR,YAHOO
SAN.PA,2024-06-05,82.2647,EUR,YAHOO
SAN.PA,2024-06-06,82.5549,EUR,YAHOO
SAN.PA,2024-06-07,82.6638,EUR,YAHOO
SAN.PA,2024-06-10,81.8837,EUR,YAHOO
SAN.PA,2024-06-11,81.539,EUR,YAHOO
SAN.PA,2024-06-12,81.0038,EUR,YAHOO
SAN.PA,2024-06-13,79.7611,EUR,YAHOO
SAN.PA,2024-06-14,78.4004,EUR,YAHOO
SAN.PA,2024-06-17,79.5252,EUR,YAHOO
SAN.PA,2024-06-18,80.2872,EUR,YAHOO
SAN.PA,2024-06-19,78.7542,EUR,YAHOO
SAN.PA,2024-06-20,79.9244,EUR,YAHOO
SAN.PA,2024-06-21,79.4799,EUR,YAHOO
SAN.PA,2024-06-24,81.9653,EUR,YAHOO
SAN.PA,2024-06-25,82.4279,EUR,YAHOO
SAN.PA,2024-06-26,82.3554,EUR,YAHOO
SAN.PA,2024-06-27,81.5118,EUR,YAHOO
SAN.PA,2024-06-28,81.5843,EUR,YAHOO
SAN.PA,2024-07-01,83.3169,EUR,YAHOO
SAN.PA,2024-07-02,82.0379,EUR,YAHOO
SAN.PA,2024-07-03,81.8474,EUR,YAHOO
SAN.PA,2024-07-04,82.5459,EUR,YAHOO
SAN.PA,2024-07-05,82.4914,EUR,YAHOO
SAN.PA,2024-07-08,83.5437,EUR,YAHOO
SAN.PA,2024-07-09,83.4802,EUR,YAHOO
SAN.PA,2024-07-10,84.859,EUR,YAHOO
SAN.PA,2024-07-11,85.0948,EUR,YAHOO
SAN.PA,2024-07-12,85.63,EUR,YAHOO
SAN.PA,2024-07-15,83.843,EUR,YAHOO
SAN.PA,2024-07-16,83.3804,EUR,YAHOO
SAN.PA,2024-07-17,83.4711,EUR,YAHOO
SAN.PA,2024-07-18,83.6888,EUR,YAHOO
SAN.PA,2024-07-19,83.7795,EUR,YAHOO
SAN.PA,2024-07-22,84.8136,EUR,YAHOO
SAN.PA,2024-07-23,84.1696,EUR,YAHOO
SAN.PA,2024-07-24,84.8771,EUR,YAHOO
SAN.PA,2024-07-25,88.4329,EUR,YAHOO
SAN.PA,2024-07-26,87.8252,EUR,YAHOO
SAN.PA,2024-07-29,86.8818,EUR,YAHOO
SAN.PA,2024-07-30,86.528,EUR,YAHOO
SAN.PA,2024-07-31,86.4736,EUR,YAHOO
SAN.PA,2024-08-01,86.2015,EUR,YAHOO
SAN.PA,2024-08-02,87.2174,EUR,YAHOO
SAN.PA,2024-08-05,85.4939,EUR,YAHOO
SAN.PA,2024-08-06,84.6957,EUR,YAHOO
SAN.PA,2024-08-07,86.401,EUR,YAHOO
SAN.PA,2024-08-08,86.7457,EUR,YAHOO
SAN.PA,2024-08-09,87.3081,EUR,YAHOO
SAN.PA,2024-08-12,86.782,EUR,YAHOO
SAN.PA,2024-08-13,88.0792,EUR,YAHOO
SAN.PA,2024-08-14,88.5236,EUR,YAHOO
SAN.PA,2024-08-15,88.8502,EUR,YAHOO
SAN.PA,2024-08-16,89.4126,EUR,YAHOO
SAN.PA,2024-08-19,89.204,EUR,YAHOO
SAN.PA,2024-08-20,89.3582,EUR,YAHOO
SAN.PA,2024-08-21,89.7301,EUR,YAHOO
SAN.PA,2024-08-22,89.8117,EUR,YAHOO
SAN.PA,2024-08-23,91.0182,EUR,YAHOO
SAN.PA,2024-08-26,91.4536,EUR,YAHOO
SAN.PA,2024-08-27,91.3629,EUR,YAHOO
SAN.PA,2024-08-28,91.5987,EUR,YAHOO
SAN.PA,2024-08-29,92.016,EUR,YAHOO
SAN.PA,2024-08-30,91.7983,EUR,YAHOO
SAN.PA,2024-09-02,95.1182,EUR,YAHOO
SAN.PA,2024-09-03,94.3563,EUR,YAHOO
SAN.PA,2024-09-04,95.7532,EUR,YAHOO
SAN.PA,2024-09-05,95.1727,EUR,YAHOO
SAN.PA,2024-09-06,94.828,EUR,YAHOO
SAN.PA,2024-09-09,95.9346,EUR,YAHOO
SAN.PA,2024-09-10,95.7713,EUR,YAHOO
SAN.PA,2024-09-11,94.8461,EUR,YAHOO
SAN.PA,2024-09-12,93.2496,EUR,YAHOO
SAN.PA,2024-09-13,93.7939,EUR,YAHOO
SAN.PA,2024-09-16,93.7213,EUR,YAHOO
SAN.PA,2024-09-17,93.3403,EUR,YAHOO
SAN.PA,2024-09-18,93.3948,EUR,YAHOO
SAN.PA,2024-09-19,94.447,EUR,YAHOO
SAN.PA,2024-09-20,93.9209,EUR,YAHOO
SAN.PA,2024-09-23,93.558,EUR,YAHOO
SAN.PA,2024-09-24,94.0479,EUR,YAHOO
SAN.PA,2024-09-25,92.9231,EUR,YAHOO
SAN.PA,2024-09-26,92.8142,EUR,YAHOO
SAN.PA,2024-09-27,93.4129,EUR,YAHOO
SAN.PA,2024-09-30,93.3403,EUR,YAHOO
SAN.PA,2024-10-01,94.2656,EUR,YAHOO
SAN.PA,2024-10-02,92.6872,EUR,YAHOO
SAN.PA,2024-10-03,90.9093,EUR,YAHOO
SAN.PA,2024-10-04,92.27,EUR,YAHOO
SAN.PA,2024-10-07,91.4898,EUR,YAHOO
SAN.PA,2024-10-08,91.0,EUR,YAHOO
SAN.PA,2024-10-09,91.762,EUR,YAHOO
SAN.PA,2024-10-10,91.254,EUR,YAHOO
SAN.PA,2024-10-11,90.8367,EUR,YAHOO
SAN.PA,2024-10-14,92.143,EUR,YAHOO
SAN.PA,2024-10-15,91.3084,EUR,YAHOO
SAN.PA,2024-10-16,91.0544,EUR,YAHOO
SAN.PA,2024-10-17,91.635,EUR,YAHOO
SAN.PA,2024-10-18,91.4536,EUR,YAHOO
SAN.PA,2024-10-21,90.5555,EUR,YAHOO
SAN.PA,2024-10-22,89.204,EUR,YAHOO
SAN.PA,2024-10-23,89.4489,EUR,YAHOO
SAN.PA,2024-10-24,88.5327,EUR,YAHOO
SAN.PA,2024-10-25,90.7823,EUR,YAHOO
SAN.PA,2024-10-28,91.4173,EUR,YAHOO
SAN.PA,2024-10-29,90.746,EUR,YAHOO
SAN.PA,2024-10-30,89.5396,EUR,YAHOO
SAN.PA,2024-10-31,88.0882,EUR,YAHOO
SAN.PA,2024-11-01,89.5305,EUR,YAHOO
SAN.PA,2024-11-04,88.6234,EUR,YAHOO
SAN.PA,2024-11-05,87.553,EUR,YAHOO
SAN.PA,2024-11-06,86.7457,EUR,YAHOO
SAN.PA,2024-11-07,86.8364,EUR,YAHOO
SAN.PA,2024-11-08,86.8455,EUR,YAHOO
SAN.PA,2024-11-11,86.8183,EUR,YAHOO
SAN.PA,2024-11-12,85.9293,EUR,YAHOO
SAN.PA,2024-11-13,85.3034,EUR,YAHOO
SAN.PA,2024-11-14,85.63,EUR,YAHOO
SAN.PA,2024-11-15,82.8271,EUR,YAHOO
SAN.PA,2024-11-18,82.9722,EUR,YAHOO
SAN.PA,2024-11-19,82.7364,EUR,YAHOO
SAN.PA,2024-11-20,82.3644,EUR,YAHOO
SAN.PA,2024-11-21,82.4279,EUR,YAHOO
SAN.PA,2024-11-22,84.5143,EUR,YAHOO
SAN.PA,2024-11-25,84.1696,EUR,YAHOO
SAN.PA,2024-11-26,83.199,EUR,YAHOO
SAN.PA,2024-11-27,83.7342,EUR,YAHOO
SAN.PA,2024-11-28,83.5437,EUR,YAHOO
SAN.PA,2024-11-29,83.5346,EUR,YAHOO
SAN.PA,2024-12-02,83.2897,EUR,YAHOO
SAN.PA,2024-12-03,83.1536,EUR,YAHOO
SAN.PA,2024-12-04,82.8633,EUR,YAHOO
SAN.PA,2024-12-05,83.2715,EUR,YAHOO
SAN.PA,2024-12-06,83.6162,EUR,YAHOO
SAN.PA,2024-12-09,83.2897,EUR,YAHOO
SAN.PA,2024-12-10,83.2262,EUR,YAHOO
SAN.PA,2024-12-11,82.8089,EUR,YAHOO
SAN.PA,2024-12-12,82.2647,EUR,YAHOO
SAN.PA,2024-12-13,80.8859,EUR,YAHOO
SAN.PA,2024-12-16,80.5684,EUR,YAHOO
SAN.PA,2024-12-17,83.2171,EUR,YAHOO
SAN.PA,2024-12-18,83.2715,EUR,YAHOO
SAN.PA,2024-12-19,82.9994,EUR,YAHOO
SAN.PA,2024-12-20,82.7999,EUR,YAHOO
SAN.PA,2024-12-23,83.2534,EUR,YAHOO
SAN.PA,2024-12-24,83.2262,EUR,YAHOO
SAN.PA,2024-12-27,84.6141,EUR,YAHOO
SAN.PA,2024-12-30,84.4871,EUR,YAHOO
SAN.PA,2024-12-31,85.0313,EUR,YAHOO
SAN.PA,2025-01-02,85.5574,EUR,YAHOO
SAN.PA,2025-01-03,84.2421,EUR,YAHOO
SAN.PA,2025-01-06,85.8658,EUR,YAHOO
SAN.PA,2025-01-07,86.9453,EUR,YAHOO
SAN.PA,2025-01-08,86.782,EUR,YAHOO
SAN.PA,2025-01-09,87.3535,EUR,YAHOO
SAN.PA,2025-01-10,86.7276,EUR,YAHOO
SAN.PA,2025-01-13,86.147,EUR,YAHOO
SAN.PA,2025-01-14,84.5778,EUR,YAHOO
SAN.PA,2025-01-15,86.9181,EUR,YAHOO
SAN.PA,2025-01-16,88.7867,EUR,YAHOO
SAN.PA,2025-01-17,89.0679,EUR,YAHOO
SAN.PA,2025-01-20,89.6666,EUR,YAHOO
SAN.PA,2025-01-21,89.8208,EUR,YAHOO
SAN.PA,2025-01-22,89.6666,EUR,YAHOO
SAN.PA,2025-01-23,90.61,EUR,YAHOO
SAN.PA,2025-01-24,90.8549,EUR,YAHOO
SAN.PA,2025-01-27,91.9252,EUR,YAHOO
SAN.PA,2025-01-28,92.27,EUR,YAHOO
SAN.PA,2025-01-29,92.3969,EUR,YAHOO
SAN.PA,2025-01-30,93.9934,EUR,YAHOO
SAN.PA,2025-01-31,94.701,EUR,YAHOO
SAN.PA,2025-02-03,94.7554,EUR,YAHOO
SAN.PA,2025-02-04,93.1408,EUR,YAHOO
SAN.PA,2025-02-05,93.9753,EUR,YAHOO
SAN.PA,2025-02-06,94.0842,EUR,YAHOO
SAN.PA,2025-02-07,93.7576,EUR,YAHOO
SAN.PA,2025-02-10,94.1567,EUR,YAHOO
SAN.PA,2025-02-11,94.0116,EUR,YAHOO
SAN.PA,2025-02-12,94.7917,EUR,YAHOO
SAN.PA,2025-02-13,95.5718,EUR,YAHOO
SAN.PA,2025-02-14,94.066,EUR,YAHOO
SAN.PA,2025-02-17,94.3744,EUR,YAHOO
SAN.PA,2025-02-18,94.0479,EUR,YAHOO
SAN.PA,2025-02-19,93.5036,EUR,YAHOO
SAN.PA,2025-02-20,93.9572,EUR,YAHOO
SAN.PA,2025-02-21,94.447,EUR,YAHOO
SAN.PA,2025-02-24,93.7757,EUR,YAHOO
SAN.PA,2025-02-25,94.4288,EUR,YAHOO
SAN.PA,2025-02-26,94.9731,EUR,YAHOO
SAN.PA,2025-02-27,95.1001,EUR,YAHOO
SAN.PA,2025-02-28,94.6647,EUR,YAHOO
SAN.PA,2025-03-03,97.6763,EUR,YAHOO
SAN.PA,2025-03-04,99.1458,EUR,YAHOO
SAN.PA,2025-03-05,98.6922,EUR,YAHOO
SAN.PA,2025-03-06,99.436,EUR,YAHOO
SAN.PA,2025-03-07,99.436,EUR,YAHOO
SAN.PA,2025-03-10,99.309,EUR,YAHOO
SAN.PA,2025-03-11,97.4585,EUR,YAHOO
SAN.PA,2025-03-12,96.0979,EUR,YAHOO
SAN.PA,2025-03-13,96.3519,EUR,YAHOO
SAN.PA,2025-03-14,96.3519,EUR,YAHOO
SAN.PA,2025-03-17,97.5311,EUR,YAHOO
SAN.PA,2025-03-18,97.64,EUR,YAHOO
SAN.PA,2025-03-19,97.9484,EUR,YAHOO
SAN.PA,2025-03-20,96.3337,EUR,YAHOO
SAN.PA,2025-03-21,96.0072,EUR,YAHOO
SAN.PA,2025-03-24,94.2293,EUR,YAHOO
SAN.PA,2025-03-25,94.0842,EUR,YAHOO
SAN.PA,2025-03-26,92.0341,EUR,YAHOO
SAN.PA,2025-03-27,92.3969,EUR,YAHOO
SAN.PA,2025-03-28,93.7939,EUR,YAHOO
SAN.PA,2025-03-31,92.4514,EUR,YAHOO
SAN.PA,2025-04-01,92.5421,EUR,YAHOO
SAN.PA,2025-04-02,91.0726,EUR,YAHOO
SAN.PA,2025-04-03,90.4558,EUR,YAHOO
SAN.PA,2025-04-04,87.0814,EUR,YAHOO
SAN.PA,2025-04-07,82.9178,EUR,YAHOO
SAN.PA,2025-04-08,84.5233,EUR,YAHOO
SAN.PA,2025-04-09,78.6998,EUR,YAHOO
SAN.PA,2025-04-10,80.777,EUR,YAHOO
SAN.PA,2025-04-11,81.2941,EUR,YAHOO
SAN.PA,2025-04-14,83.3441,EUR,YAHOO
SAN.PA,2025-04-15,83.1083,EUR,YAHOO
SAN.PA,2025-04-16,81.9925,EUR,YAHOO
SAN.PA,2025-04-17,82.2828,EUR,YAHOO
SAN.PA,2025-04-22,82.691,EUR,YAHOO
SAN.PA,2025-04-23,84.5778,EUR,YAHOO
SAN.PA,2025-04-24,84.6775,EUR,YAHOO
SAN.PA,2025-04-25,83.7795,EUR,YAHOO
SAN.PA,2025-04-28,84.4508,EUR,YAHOO
SAN.PA,2025-04-29,85.4758,EUR,YAHOO
SAN.PA,2025-04-30,86.9906,EUR,YAHOO
SAN.PA,2025-05-02,88.823,EUR,YAHOO
SAN.PA,2025-05-05,87.0814,EUR,YAHOO
SAN.PA,2025-05-06,86.8999,EUR,YAHOO
SAN.PA,2025-05-07,83.1536,EUR,YAHOO
SAN.PA,2025-05-08,83.2353,EUR,YAHOO
SAN.PA,2025-05-09,84.2875,EUR,YAHOO
SAN.PA,2025-05-12,86.3142,EUR,YAHOO
SAN.PA,2025-05-13,84.9599,EUR,YAHOO
SAN.PA,2025-05-14,84.136,EUR,YAHOO
SAN.PA,2025-05-15,85.1114,EUR,YAHOO
SAN.PA,2025-05-16,86.9298,EUR,YAHOO
SAN.PA,2025-05-19,87.3749,EUR,YAHOO
SAN.PA,2025-05-20,88.5682,EUR,YAHOO
SAN.PA,2025-05-21,88.786,EUR,YAHOO
SAN.PA,2025-05-22,88.464,EUR,YAHOO
SAN.PA,2025-05-23,87.2612,EUR,YAHOO
SAN.PA,2025-05-26,87.8768,EUR,YAHOO
SAN.PA,2025-05-27,87.8863,EUR,YAHOO
SAN.PA,2025-05-28,87.7158,EUR,YAHOO
SAN.PA,2025-05-29,87.1002,EUR,YAHOO
SAN.PA,2025-05-30,82.8859,EUR,YAHOO
SAN.PA,2025-06-02,81.3611,EUR,YAHOO
SAN.PA,2025-06-03,82.1756,EUR,YAHOO
SAN.PA,2025-06-04,82.507,EUR,YAHOO
SAN.PA,2025-06-05,82.8574,EUR,YAHOO
SAN.PA,2025-06-06,83.7287,EUR,YAHOO
SAN.PA,2025-06-09,82.8385,EUR,YAHOO
SAN.PA,2025-06-10,82.9521,EUR,YAHOO
SAN.PA,2025-06-11,82.1188,EUR,YAHOO
SAN.PA,2025-06-12,83.0374,EUR,YAHOO
SAN.PA,2025-06-13,82.204,EUR,YAHOO
SAN.PA,2025-06-16,81.3327,EUR,YAHOO
SAN.PA,2025-06-17,80.3572,EUR,YAHOO
SAN.PA,2025-06-18,78.4252,EUR,YAHOO
SAN.PA,2025-06-19,78.7188,EUR,YAHOO
SAN.PA,2025-06-20,78.8135,EUR,YAHOO
SAN.PA,2025-06-23,78.6715,EUR,YAHOO
SAN.PA,2025-06-24,79.2302,EUR,YAHOO
SAN.PA,2025-06-25,77.9044,EUR,YAHOO
SAN.PA,2025-06-26,77.9423,EUR,YAHOO
SAN.PA,2025-06-27,78.1222,EUR,YAHOO
SAN.PA,2025-06-30,77.857,EUR,YAHOO
SAN.PA,2025-07-01,78.6715,EUR,YAHOO
SAN.PA,2025-07-02,79.1829,EUR,YAHOO
SAN.PA,2025-07-03,78.1033,EUR,YAHOO
SAN.PA,2025-07-04,78.8798,EUR,YAHOO
SAN.PA,2025-07-07,78.0748,EUR,YAHOO
SAN.PA,2025-07-08,78.9177,EUR,YAHOO
SAN.PA,2025-07-09,78.9082,EUR,YAHOO
SAN.PA,2025-07-10,79.7038,EUR,YAHOO
SAN.PA,2025-07-11,78.6336,EUR,YAHOO
SAN.PA,2025-07-14,79.1166,EUR,YAHOO
SAN.PA,2025-07-15,78.3211,EUR,YAHOO
SAN.PA,2025-07-16,78.7946,EUR,YAHOO
SAN.PA,2025-07-17,79.1166,EUR,YAHOO
SAN.PA,2025-07-18,78.7188,EUR,YAHOO
SAN.PA,2025-07-21,77.9423,EUR,YAHOO
SAN.PA,2025-07-22,78.179,EUR,YAHOO
SAN.PA,2025-07-23,80.1678,EUR,YAHOO
SAN.PA,2025-07-24,80.7076,EUR,YAHOO
SAN.PA,2025-07-25,80.6035,EUR,YAHOO
SAN.PA,2025-07-28,80.9728,EUR,YAHOO
SAN.PA,2025-07-29,81.3043,EUR,YAHOO
SAN.PA,2025-07-30,80.9918,EUR,YAHOO
SAN.PA,2025-07-31,74.6655,EUR,YAHOO
SAN.PA,2025-08-01,76.086,EUR,YAHOO
SAN.PA,2025-08-04,77.6581,EUR,YAHOO
SAN.PA,2025-08-05,77.6866,EUR,YAHOO
SAN.PA,2025-08-06,75.4515,EUR,YAHOO
SAN.PA,2025-08-07,76.5596,EUR,YAHOO
SAN.PA,2025-08-08,76.6448,EUR,YAHOO
SAN.PA,2025-08-11,77.0331,EUR,YAHOO
SAN.PA,2025-08-12,77.3267,EUR,YAHOO
SAN.PA,2025-08-13,78.7757,EUR,YAHOO
SAN.PA,2025-08-14,79.1166,EUR,YAHOO
SAN.PA,2025-08-15,80.4519,EUR,YAHOO
SAN.PA,2025-08-18,81.0486,EUR,YAHOO
SAN.PA,2025-08-19,81.9104,EUR,YAHOO
SAN.PA,2025-08-20,82.4218,EUR,YAHOO
SAN.PA,2025-08-21,82.8385,EUR,YAHOO
SAN.PA,2025-08-22,82.7154,EUR,YAHOO
SAN.PA,2025-08-25,81.6926,EUR,YAHOO
SAN.PA,2025-08-26,81.7115,EUR,YAHOO
SAN.PA,2025-08-27,81.9577,EUR,YAHOO
SAN.PA,2025-08-28,80.8402,EUR,YAHOO
SAN.PA,2025-08-29,80.0163,EUR,YAHOO
SAN.PA,2025-09-01,80.2057,EUR,YAHOO
SAN.PA,2025-09-02,80.0352,EUR,YAHOO
SAN.PA,2025-09-03,81.56,EUR,YAHOO
SAN.PA,2025-09-04,74.7791,EUR,YAHOO
SAN.PA,2025-09-05,75.2905,EUR,YAHOO
SAN.PA,2025-09-08,74.9401,EUR,YAHOO
SAN.PA,2025-09-09,76.4933,EUR,YAHOO
SAN.PA,2025-09-10,76.0292,EUR,YAHOO
SAN.PA,2025-09-11,76.4649,EUR,YAHOO
SAN.PA,2025-09-12,76.427,EUR,YAHOO
SAN.PA,2025-09-15,75.3,EUR,YAHOO
SAN.PA,2025-09-16,74.6655,EUR,YAHOO
SAN.PA,2025-09-17,75.2337,EUR,YAHOO
SAN.PA,2025-09-18,75.9061,EUR,YAHOO
SAN.PA,2025-09-19,76.1997,EUR,YAHOO
SAN.PA,2025-09-22,75.9819,EUR,YAHOO
SAN.PA,2025-09-23,75.0632,EUR,YAHOO
SAN.PA,2025-09-24,75.2905,EUR,YAHOO
SAN.PA,2025-09-25,73.4154,EUR,YAHOO
SAN.PA,2025-09-26,74.173,EUR,YAHOO
SAN.PA,2025-09-29,74.1351,EUR,YAHOO
SAN.PA,2025-09-30,74.3908,EUR,YAHOO
SAN.PA,2025-10-01,80.6698,EUR,YAHOO
SAN.PA,2025-10-02,80.5372,EUR,YAHOO
SAN.PA,2025-10-03,82.204,EUR,YAHOO
SAN.PA,2025-10-06,81.238,EUR,YAHOO
SAN.PA,2025-10-07,80.3478,EUR,YAHOO
SAN.PA,2025-10-08,80.111,EUR,YAHOO
SAN.PA,2025-10-09,80.3288,EUR,YAHOO
SAN.PA,2025-10-10,78.9272,EUR,YAHOO
SAN.PA,2025-10-13,79.7038,EUR,YAHOO
SAN.PA,2025-10-14,79.4954,EUR,YAHOO
SAN.PA,2025-10-15,79.8174,EUR,YAHOO
SAN.PA,2025-10-16,81.7589,EUR,YAHOO
SAN.PA,2025-10-17,81.8536,EUR,YAHOO
SAN.PA,2025-10-20,81.9956,EUR,YAHOO
SAN.PA,2025-10-21,81.721,EUR,YAHOO
SAN.PA,2025-10-22,82.1282,EUR,YAHOO
SAN.PA,2025-10-23,82.024,EUR,YAHOO
SAN.PA,2025-10-24,84.0886,EUR,YAHOO
SAN.PA,2025-10-27,83.4636,EUR,YAHOO
SAN.PA,2025-10-28,82.6302,EUR,YAHOO
SAN.PA,2025-10-29,83.2647,EUR,YAHOO
SAN.PA,2025-10-30,83.4067,EUR,YAHOO
SAN.PA,2025-10-31,82.9616,EUR,YAHOO
SAN.PA,2025-11-03,82.3366,EUR,YAHOO
SAN.PA,2025-11-04,81.7399,EUR,YAHOO
SAN.PA,2025-11-05,80.7171,EUR,YAHOO
SAN.PA,2025-11-06,81.077,EUR,YAHOO
SAN.PA,2025-11-07,80.916,EUR,YAHOO
SAN.PA,2025-11-10,82.2135,EUR,YAHOO
SAN.PA,2025-11-11,84.3349,EUR,YAHOO
SAN.PA,2025-11-12,85.3577,EUR,YAHOO
SAN.PA,2025-11-13,85.6513,EUR,YAHOO
SAN.PA,2025-11-14,84.8463,EUR,YAHOO
SAN.PA,2025-11-17,85.1304,EUR,YAHOO
SAN.PA,2025-11-18,82.9427,EUR,YAHOO
SAN.PA,2025-11-19,81.3895,EUR,YAHOO
SAN.PA,2025-11-20,80.8024,EUR,YAHOO
SAN.PA,2025-11-21,81.7494,EUR,YAHOO
SAN.PA,2025-11-24,81.399,EUR,YAHOO
SAN.PA,2025-11-25,81.8157,EUR,YAHOO
SAN.PA,2025-11-26,81.6642,EUR,YAHOO
SAN.PA,2025-11-27,81.3422,EUR,YAHOO
SAN.PA,2025-11-28,81.2191,EUR,YAHOO
SAN.PA,2025-12-01,82.0051,EUR,YAHOO
SAN.PA,2025-12-02,81.5884,EUR,YAHOO
SAN.PA,2025-12-03,81.1054,EUR,YAHOO
SAN.PA,2025-12-04,80.0921,EUR,YAHOO
SAN.PA,2025-12-05,80.4993,EUR,YAHOO
SAN.PA,2025-12-08,79.1734,EUR,YAHOO
SAN.PA,2025-12-09,78.823,EUR,YAHOO
SAN.PA,2025-12-10,78.3021,EUR,YAHOO
SAN.PA,2025-12-11,79.2113,EUR,YAHOO
SAN.PA,2025-12-12,78.9082,EUR,YAHOO
SAN.PA,2025-12-15,76.3323,EUR,YAHOO
SAN.PA,2025-12-16,76.6543,EUR,YAHOO
SAN.PA,2025-12-17,77.7718,EUR,YAHOO
SAN.PA,2025-12-18,77.7528,EUR,YAHOO
SAN.PA,2025-12-19,78.018,EUR,YAHOO
SAN.PA,2025-12-22,77.2604,EUR,YAHOO
SAN.PA,2025-12-23,77.8665,EUR,YAHOO
SAN.PA,2025-12-24,77.2888,EUR,YAHOO
SAN.PA,2025-12-29,77.8854,EUR,YAHOO
SAN.PA,2025-12-30,78.6052,EUR,YAHOO
SAN.PA,2025-12-31,78.34,EUR,YAHOO
SAN.PA,2026-01-02,77.9612,EUR,YAHOO
SAN.PA,2026-01-05,76.891,EUR,YAHOO
SAN.PA,2026-01-06,77.9328,EUR,YAHOO
SAN.PA,2026-01-07,78.3684,EUR,YAHOO
SAN.PA,2026-01-08,78.501,EUR,YAHOO
SAN.PA,2026-01-09,79.9689,EUR,YAHOO
SAN.PA,2026-01-12,78.0464,EUR,YAHOO
SAN.PA,2026-01-13,76.2376,EUR,YAHOO
SAN.PA,2026-01-14,78.179,EUR,YAHOO
SAN.PA,2026-01-15,77.3077,EUR,YAHOO
SAN.PA,2026-01-16,76.5027,EUR,YAHOO
SAN.PA,2026-01-19,74.8075,EUR,YAHOO
SAN.PA,2026-01-20,73.8984,EUR,YAHOO
SAN.PA,2026-01-21,74.2488,EUR,YAHOO
SAN.PA,2026-01-22,75.5368,EUR,YAHOO
SAN.PA,2026-01-23,75.1106,EUR,YAHOO
SAN.PA,2026-01-26,75.6504,EUR,YAHOO
SAN.PA,2026-01-27,75.5273,EUR,YAHOO
SAN.PA,2026-01-28,73.4343,EUR,YAHOO
SAN.PA,2026-01-29,72.9987,EUR,YAHOO
SAN.PA,2026-01-30,75.0064,EUR,YAHOO
SAN.PA,2026-02-02,76.1902,EUR,YAHOO
SAN.PA,2026-02-03,76.7869,EUR,YAHOO
SAN.PA,2026-02-04,77.5066,EUR,YAHOO
SAN.PA,2026-02-05,76.7963,EUR,YAHOO
SAN.PA,2026-02-06,76.105,EUR,YAHOO
SAN.PA,2026-02-09,76.0387,EUR,YAHOO
SAN.PA,2026-02-10,77.8475,EUR,YAHOO
SAN.PA,2026-02-11,78.1885,EUR,YAHOO
SAN.PA,2026-02-12,74.9117,EUR,YAHOO
SAN.PA,2026-02-13,73.5101,EUR,YAHOO
SAN.PA,2026-02-16,73.2733,EUR,YAHOO
SAN.PA,2026-02-17,73.9931,EUR,YAHOO
SAN.PA,2026-02-18,73.6048,EUR,YAHOO
SAN.PA,2026-02-19,74.817,EUR,YAHOO
SAN.PA,2026-02-20,75.3663,EUR,YAHOO
SAN.PA,2026-02-23,76.4838,EUR,YAHOO
SAN.PA,2026-02-24,76.3417,EUR,YAHOO
SAN.PA,2026-02-25,76.5122,EUR,YAHOO
SAN.PA,2026-02-26,76.5974,EUR,YAHOO
SAN.PA,2026-02-27,77.8475,EUR,YAHOO
SAN.PA,2026-03-02,77.1373,EUR,YAHOO
SAN.PA,2026-03-03,75.6315,EUR,YAHOO
SAN.PA,2026-03-04,75.0348,EUR,YAHOO
SAN.PA,2026-03-05,73.6142,EUR,YAHOO
SAN.PA,2026-03-06,72.3452,EUR,YAHOO
SAN.PA,2026-03-09,71.7959,EUR,YAHOO
SAN.PA,2026-03-10,72.2694,EUR,YAHOO
SAN.PA,2026-03-11,72.2126,EUR,YAHOO
SAN.PA,2026-03-12,72.4683,EUR,YAHOO
SAN.PA,2026-03-13,72.3452,EUR,YAHOO
SAN.PA,2026-03-16,72.4588,EUR,YAHOO
SAN.PA,2026-03-17,72.8187,EUR,YAHOO
SAN.PA,2026-03-18,72.0895,EUR,YAHOO
SAN.PA,2026-03-19,74.012,EUR,YAHOO
SAN.PA,2026-03-20,73.6711,EUR,YAHOO
SAN.PA,2026-03-23,72.7619,EUR,YAHOO
SAN.PA,2026-03-24,73.6521,EUR,YAHOO
SAN.PA,2026-03-25,75.8209,EUR,YAHOO
SAN.PA,2026-03-26,76.8531,EUR,YAHOO
SAN.PA,2026-03-27,77.6487,EUR,YAHOO
SAN.PA,2026-03-30,77.5634,EUR,YAHOO
SAN.PA,2026-03-31,78.34,EUR,YAHOO
SAN.PA,2026-04-01,78.4821,EUR,YAHOO
SAN.PA,2026-04-02,78.2074,EUR,YAHOO
SAN.PA,2026-04-07,76.247,EUR,YAHOO
SAN.PA,2026-04-08,76.588,EUR,YAHOO
SAN.PA,2026-04-09,76.6353,EUR,YAHOO
SAN.PA,2026-04-10,75.944,EUR,YAHOO
SAN.PA,2026-04-13,75.2053,EUR,YAHOO
SAN.PA,2026-04-14,76.73,EUR,YAHOO
SAN.PA,2026-04-15,76.8153,EUR,YAHOO
SAN.PA,2026-04-16,76.569,EUR,YAHOO
SAN.PA,2026-04-17,77.6771,EUR,YAHOO
SAN.PA,2026-04-20,77.6866,EUR,YAHOO
SAN.PA,2026-04-21,76.73,EUR,YAHOO
SAN.PA,2026-04-22,76.5027,EUR,YAHOO
SAN.PA,2026-04-23,77.4309,EUR,YAHOO
SAN.PA,2026-04-24,75.8398,EUR,YAHOO
SAN.PA,2026-04-27,74.7223,EUR,YAHOO
SAN.PA,2026-04-28,74.7128,EUR,YAHOO
SAN.PA,2026-04-29,74.173,EUR,YAHOO
SAN.PA,2026-04-30,75.5936,EUR,YAHOO
SAN.PA,2026-05-04,73.69,EUR,YAHOO
SAN.PA,2026-05-05,74.16,EUR,YAHOO
SAN.PA,2026-05-06,74.64,EUR,YAHOO
SAN.PA,2026-05-07,73.74,EUR,YAHOO
SAN.PA,2026-05-08,73.1,EUR,YAHOO
SAN.PA,2026-05-11,73.22,EUR,YAHOO
SAN.PA,2026-05-12,73.36,EUR,YAHOO
SAN.PA,2026-05-13,72.72,EUR,YAHOO
SAN.PA,2026-05-14,73.24,EUR,YAHOO
SAN.PA,2026-05-15,73.96,EUR,YAHOO
SAN.PA,2026-05-18,74.34,EUR,YAHOO
SAN.PA,2026-05-19,75.2,EUR,YAHOO
SAN.PA,2026-05-20,76.67,EUR,YAHOO
SAN.PA,2026-05-21,77.54,EUR,YAHOO
SAN.PA,2026-05-22,76.88,EUR,YAHOO
SAN.PA,2026-05-25,77.46,EUR,YAHOO
SAN.PA,2026-05-26,76.32,EUR,YAHOO
SAN.PA,2026-05-27,77.14,EUR,YAHOO
SAN.PA,2026-05-28,76.36,EUR,YAHOO
SAN.PA,2026-05-29,75.29,EUR,YAHOO
SAN.PA,2026-06-01,74.16,EUR,YAHOO
SAN.PA,2026-06-02,73.42,EUR,YAHOO
SAN.PA,2026-06-03,73.52,EUR,YAHOO
SAN.PA,2026-06-04,76.44,EUR,YAHOO
SAN.PA,2026-06-05,77.95,EUR,YAHOO
SAN.PA,2026-06-08,76.67,EUR,YAHOO
SAN.PA,2026-06-09,77.04,EUR,YAHOO
SAN.PA,2026-06-10,76.01,EUR,YAHOO
SAN.PA,2026-06-11,76.3,EUR,YAHOO
SAN.PA,2026-06-12,76.59,EUR,YAHOO
SAN.PA,2026-06-15,75.54,EUR,YAHOO
SAN.PA,2026-06-16,75.66,EUR,YAHOO
SAN.PA,2026-06-17,74.88,EUR,YAHOO
SAN.PA,2026-06-18,73.34,EUR,YAHOO
SAN.PA,2026-06-19,74.14,EUR,YAHOO
SAN.PA,2026-06-22,72.49,EUR,YAHOO
SAN.PA,2026-06-23,73.47,EUR,YAHOO
SAN.PA,2026-06-24,73.55,EUR,YAHOO
SAN.PA,2026-06-25,73.76,EUR,YAHOO
SAN.PA,2026-06-26,75.07,EUR,YAHOO
SAN.PA,2026-06-29,75.5,EUR,YAHOO
SAN.PA,2026-06-30,75.08,EUR,YAHOO
SAN.PA,2026-07-01,73.05,EUR,YAHOO
SAN.PA,2026-07-02,75.25,EUR,YAHOO
SAN.PA,2026-07-03,75.81,EUR,YAHOO
SAN.PA,2026-07-06,74.51,EUR,YAHOO
SAN.PA,2026-07-07,75.78,EUR,YAHOO
SAN.PA,2026-07-08,75.37,EUR,YAHOO
SAN.PA,2026-07-09,76.48,EUR,YAHOO
SAN.PA,2026-07-10,76.23,EUR,YAHOO
SAN.PA,2026-07-13,77.1,EUR,YAHOO
SAN.PA,2026-07-14,75.5,EUR,YAHOO
SAN.PA,2026-07-15,76.26,EUR,YAHOO
SAN.PA,2026-07-16,76.94,EUR,YAHOO
SAN.PA,2026-07-17,77.34,EUR,YAHOO
SAN.PA,2026-07-20,76.91,EUR,YAHOO
SAN.PA,2026-07-21,76.75,EUR,YAHOO
SAN.PA,2026-07-22,76.84,EUR,YAHOO
SAN.PA,2026-07-23,76.36,EUR,YAHOO
SAN.PA,2026-07-24,76.03,EUR,YAHOO
SAN.PA,2026-07-27,77.79,EUR,YAHOO
SAN.PA,2026-07-28,79.38,EUR,YAHOO
SAN.PA,2026-07-29,79.92,EUR,YAHOO
SAN.PA,2026-07-30,72.77,EUR,YAHOO
SAN.PA,2026-07-31,74.47,EUR,YAHOO
SAN.PA,2026-08-03,74.5,EUR,YAHOO
SAN.PA,2026-08-04,74.39,EUR,YAHOO
SAN.PA,2026-08-05,74.5,EUR,YAHOO
SAN.PA,2026-08-06,74.31,EUR,YAHOO
SAN.PA,2026-08-07,75.31,EUR,YAHOO
SAN.PA,2026-08-10,75.53,EUR,YAHOO
SAN.PA,2026-08-11,75.4,EUR,YAHOO
SAN.PA,2026-08-12,75.42,EUR,YAHOO
SAN.PA,2026-08-13,76.43,EUR,YAHOO
SAN.PA,2026-08-14,75.52,EUR,YAHOO
SAN.PA,2026-08-17,76.66,EUR,YAHOO
SAN.PA,2026-08-18,77.67,EUR,YAHOO
SAN.PA,2026-08-19,78.56,EUR,YAHOO
SAN.PA,2026-08-20,77.79,EUR,YAHOO
SAN.PA,2026-08-21,78.94,EUR,YAHOO
SAN.PA,2026-08-24,78.28,EUR,YAHOO
SAN.PA,2026-08-25,78.74,EUR,YAHOO
SAN.PA,2026-08-26,78.29,EUR,YAHOO
SAN.PA,2026-08-27,77.28,EUR,YAHOO
SAN.PA,2026-08-28,77.25,EUR,YAHOO
SAN.PA,2026-08-31,76.81,EUR,YAHOO
SAN.PA,2026-09-01,76.86,EUR,YAHOO
SAN.PA,2026-09-02,77.16,EUR,YAHOO
SAN.PA,2026-09-03,76.27,EUR,YAHOO
SAN.PA,2026-09-04,76.26,EUR,YAHOO
SAN.PA,2026-09-08,74.7,EUR,YAHOO
SAN.PA,2026-09-09,74.24,EUR,YAHOO
SAN.PA,2026-09-10,73.57,EUR,YAHOO
SAN.PA,2026-09-11,73.26,EUR,YAHOO
SAP.DE,2023-09-14,122.6007,EUR,YAHOO
SAP.DE,2023-09-15,122.4275,EUR,YAHOO
SAP.DE,2023-09-18,121.9078,EUR,YAHOO
SAP.DE,2023-09-19,121.0802,EUR,YAHOO
SAP.DE,2023-09-20,120.7337,EUR,YAHOO
SAP.DE,2023-09-21,119.3672,EUR,YAHOO
SAP.DE,2023-09-22,120.3488,EUR,YAHOO
SAP.DE,2023-09-25,119.7329,EUR,YAHOO
SAP.DE,2023-09-26,116.4225,EUR,YAHOO
SAP.DE,2023-09-27,116.692,EUR,YAHOO
SAP.DE,2023-09-28,116.9037,EUR,YAHOO
SAP.DE,2023-09-29,118.1932,EUR,YAHOO
SAP.DE,2023-10-02,118.2317,EUR,YAHOO
SAP.DE,2023-10-03,117.6928,EUR,YAHOO
SAP.DE,2023-10-04,117.4041,EUR,YAHOO
SAP.DE,2023-10-05,117.5388,EUR,YAHOO
SAP.DE,2023-10-06,118.9053,EUR,YAHOO
SAP.DE,2023-10-09,117.6351,EUR,YAHOO
SAP.DE,2023-10-10,119.4827,EUR,YAHOO
SAP.DE,2023-10-11,120.1371,EUR,YAHOO
SAP.DE,2023-10-12,120.907,EUR,YAHOO
SAP.DE,2023-10-13,117.5773,EUR,YAHOO
SAP.DE,2023-10-16,118.0392,EUR,YAHOO
SAP.DE,2023-10-17,118.6744,EUR,YAHOO
SAP.DE,2023-10-18,116.5765,EUR,YAHOO
SAP.DE,2023-10-19,122.4852,EUR,YAHOO
SAP.DE,2023-10-20,119.2518,EUR,YAHOO
SAP.DE,2023-10-23,119.2518,EUR,YAHOO
SAP.DE,2023-10-24,121.0225,EUR,YAHOO
SAP.DE,2023-10-25,120.2911,EUR,YAHOO
SAP.DE,2023-10-26,120.0794,EUR,YAHOO
SAP.DE,2023-10-27,120.3103,EUR,YAHOO
SAP.DE,2023-10-30,120.8685,EUR,YAHOO
SAP.DE,2023-10-31,121.9655,EUR,YAHOO
SAP.DE,2023-11-01,123.0048,EUR,YAHOO
SAP.DE,2023-11-02,125.2182,EUR,YAHOO
SAP.DE,2023-11-03,124.4099,EUR,YAHOO
SAP.DE,2023-11-06,123.8709,EUR,YAHOO
SAP.DE,2023-11-07,126.7964,EUR,YAHOO
SAP.DE,2023-11-08,128.1629,EUR,YAHOO
SAP.DE,2023-11-09,129.6449,EUR,YAHOO
SAP.DE,2023-11-10,129.7796,EUR,YAHOO
SAP.DE,2023-11-13,130.3185,EUR,YAHOO
SAP.DE,2023-11-14,131.1269,EUR,YAHOO
SAP.DE,2023-11-15,132.0892,EUR,YAHOO
SAP.DE,2023-11-16,131.3001,EUR,YAHOO
SAP.DE,2023-11-17,132.0507,EUR,YAHOO
SAP.DE,2023-11-20,134.649,EUR,YAHOO
SAP.DE,2023-11-21,134.1871,EUR,YAHOO
SAP.DE,2023-11-22,135.8423,EUR,YAHOO
SAP.DE,2023-11-23,137.1318,EUR,YAHOO
SAP.DE,2023-11-24,135.7653,EUR,YAHOO
SAP.DE,2023-11-27,136.2657,EUR,YAHOO
SAP.DE,2023-11-28,137.1703,EUR,YAHOO
SAP.DE,2023-11-29,139.095,EUR,YAHOO
SAP.DE,2023-11-30,139.9996,EUR,YAHOO
SAP.DE,2023-12-01,141.1736,EUR,YAHOO
SAP.DE,2023-12-04,140.8079,EUR,YAHOO
SAP.DE,2023-12-05,141.597,EUR,YAHOO
SAP.DE,2023-12-06,141.597,EUR,YAHOO
SAP.DE,2023-12-07,141.5586,EUR,YAHOO
SAP.DE,2023-12-08,142.5979,EUR,YAHOO
SAP.DE,2023-12-11,141.7895,EUR,YAHOO
SAP.DE,2023-12-12,141.7703,EUR,YAHOO
SAP.DE,2023-12-13,140.9812,EUR,YAHOO
SAP.DE,2023-12-14,137.1703,EUR,YAHOO
SAP.DE,2023-12-15,136.1503,EUR,YAHOO
SAP.DE,2023-12-18,135.8808,EUR,YAHOO
SAP.DE,2023-12-19,135.9385,EUR,YAHOO
SAP.DE,2023-12-20,133.9561,EUR,YAHOO
SAP.DE,2023-12-21,132.3972,EUR,YAHOO
SAP.DE,2023-12-22,133.0323,EUR,YAHOO
SAP.DE,2023-12-27,134.572,EUR,YAHOO
SAP.DE,2023-12-28,134.3796,EUR,YAHOO
SAP.DE,2023-12-29,134.2256,EUR,YAHOO
SAP.DE,2024-01-02,132.1662,EUR,YAHOO
SAP.DE,2024-01-03,131.9545,EUR,YAHOO
SAP.DE,2024-01-04,131.3001,EUR,YAHOO
SAP.DE,2024-01-05,131.916,EUR,YAHOO
SAP.DE,2024-01-08,133.552,EUR,YAHOO
SAP.DE,2024-01-09,134.0331,EUR,YAHOO
SAP.DE,2024-01-10,136.6892,EUR,YAHOO
SAP.DE,2024-01-11,136.5352,EUR,YAHOO
SAP.DE,2024-01-12,139.4029,EUR,YAHOO
SAP.DE,2024-01-15,139.1142,EUR,YAHOO
SAP.DE,2024-01-16,139.1335,EUR,YAHOO
SAP.DE,2024-01-17,139.3644,EUR,YAHOO
SAP.DE,2024-01-18,141.7125,EUR,YAHOO
SAP.DE,2024-01-19,143.2715,EUR,YAHOO
SAP.DE,2024-01-22,144.6765,EUR,YAHOO
SAP.DE,2024-01-23,143.7334,EUR,YAHOO
SAP.DE,2024-01-24,154.7039,EUR,YAHOO
SAP.DE,2024-01-25,154.7039,EUR,YAHOO
SAP.DE,2024-01-26,153.9726,EUR,YAHOO
SAP.DE,2024-01-29,155.8972,EUR,YAHOO
SAP.DE,2024-01-30,156.3014,EUR,YAHOO
SAP.DE,2024-01-31,154.7424,EUR,YAHOO
SAP.DE,2024-02-01,156.1859,EUR,YAHOO
SAP.DE,2024-02-02,157.4755,EUR,YAHOO
SAP.DE,2024-02-05,158.3223,EUR,YAHOO
SAP.DE,2024-02-06,160.1315,EUR,YAHOO
SAP.DE,2024-02-07,161.6712,EUR,YAHOO
SAP.DE,2024-02-08,161.6712,EUR,YAHOO
SAP.DE,2024-02-09,161.9792,EUR,YAHOO
SAP.DE,2024-02-12,161.4402,EUR,YAHOO
SAP.DE,2024-02-13,156.6286,EUR,YAHOO
SAP.DE,2024-02-14,158.6688,EUR,YAHOO
SAP.DE,2024-02-15,158.1876,EUR,YAHOO
SAP.DE,2024-02-16,158.8612,EUR,YAHOO
SAP.DE,2024-02-19,158.0529,EUR,YAHOO
SAP.DE,2024-02-20,156.9173,EUR,YAHOO
SAP.DE,2024-02-21,156.1667,EUR,YAHOO
SAP.DE,2024-02-22,160.9206,EUR,YAHOO
SAP.DE,2024-02-23,163.4034,EUR,YAHOO
SAP.DE,2024-02-26,166.4828,EUR,YAHOO
SAP.DE,2024-02-27,168.2151,EUR,YAHOO
SAP.DE,2024-02-28,165.636,EUR,YAHOO
SAP.DE,2024-02-29,166.3674,EUR,YAHOO
SAP.DE,2024-03-01,166.8101,EUR,YAHOO
SAP.DE,2024-03-04,168.6192,EUR,YAHOO
SAP.DE,2024-03-05,166.9448,EUR,YAHOO
SAP.DE,2024-03-06,168.677,EUR,YAHOO
SAP.DE,2024-03-07,171.0828,EUR,YAHOO
SAP.DE,2024-03-08,170.2744,EUR,YAHOO
SAP.DE,2024-03-11,166.9833,EUR,YAHOO
SAP.DE,2024-03-12,170.3322,EUR,YAHOO
SAP.DE,2024-03-13,168.9079,EUR,YAHOO
SAP.DE,2024-03-14,168.3113,EUR,YAHOO
SAP.DE,2024-03-15,165.4435,EUR,YAHOO
SAP.DE,2024-03-18,165.7323,EUR,YAHOO
SAP.DE,2024-03-19,166.7138,EUR,YAHOO
SAP.DE,2024-03-20,167.0025,EUR,YAHOO
SAP.DE,2024-03-21,173.7581,EUR,YAHOO
SAP.DE,2024-03-22,173.4886,EUR,YAHOO
SAP.DE,2024-03-25,173.9313,EUR,YAHOO
SAP.DE,2024-03-26,175.7212,EUR,YAHOO
SAP.DE,2024-03-27,175.1823,EUR,YAHOO
SAP.DE,2024-03-28,173.6618,EUR,YAHOO
SAP.DE,2024-04-02,170.3899,EUR,YAHOO
SAP.DE,2024-04-03,171.5062,EUR,YAHOO
SAP.DE,2024-04-04,171.3138,EUR,YAHOO
SAP.DE,2024-04-05,170.7364,EUR,YAHOO
SAP.DE,2024-04-08,170.5439,EUR,YAHOO
SAP.DE,2024-04-09,165.9247,EUR,YAHOO
SAP.DE,2024-04-10,164.8469,EUR,YAHOO
SAP.DE,2024-04-11,164.7699,EUR,YAHOO
SAP.DE,2024-04-12,164.6159,EUR,YAHOO
SAP.DE,2024-04-15,165.1933,EUR,YAHOO
SAP.DE,2024-04-16,163.9616,EUR,YAHOO
SAP.DE,2024-04-17,162.4026,EUR,YAHOO
SAP.DE,2024-04-18,162.8068,EUR,YAHOO
SAP.DE,2024-04-19,159.5541,EUR,YAHOO
SAP.DE,2024-04-22,159.8428,EUR,YAHOO
SAP.DE,2024-04-23,168.2728,EUR,YAHOO
SAP.DE,2024-04-24,168.9464,EUR,YAHOO
SAP.DE,2024-04-25,163.7883,EUR,YAHOO
SAP.DE,2024-04-26,167.4452,EUR,YAHOO
SAP.DE,2024-04-29,164.9624,EUR,YAHOO
SAP.DE,2024-04-30,163.3072,EUR,YAHOO
SAP.DE,2024-05-02,162.1909,EUR,YAHOO
SAP.DE,2024-05-03,164.2888,EUR,YAHOO
SAP.DE,2024-05-06,165.0201,EUR,YAHOO
SAP.DE,2024-05-07,167.7916,EUR,YAHOO
SAP.DE,2024-05-08,169.8125,EUR,YAHOO
SAP.DE,2024-05-09,171.0828,EUR,YAHOO
SAP.DE,2024-05-10,169.4276,EUR,YAHOO
SAP.DE,2024-05-13,170.0242,EUR,YAHOO
SAP.DE,2024-05-14,168.0996,EUR,YAHOO
SAP.DE,2024-05-15,169.4661,EUR,YAHOO
SAP.DE,2024-05-16,172.2337,EUR,YAHOO
SAP.DE,2024-05-17,172.5065,EUR,YAHOO
SAP.DE,2024-05-20,174.8064,EUR,YAHOO
SAP.DE,2024-05-21,175.4106,EUR,YAHOO
SAP.DE,2024-05-22,174.7479,EUR,YAHOO
SAP.DE,2024-05-23,176.7359,EUR,YAHOO
SAP.DE,2024-05-24,175.469,EUR,YAHOO
SAP.DE,2024-05-27,175.8198,EUR,YAHOO
SAP.DE,2024-05-28,172.7014,EUR,YAHOO
SAP.DE,2024-05-29,171.3371,EUR,YAHOO
SAP.DE,2024-05-30,164.2817,EUR,YAHOO
SAP.DE,2024-05-31,161.7285,EUR,YAHOO
SAP.DE,2024-06-03,163.9699,EUR,YAHOO
SAP.DE,2024-06-04,164.3012,EUR,YAHOO
SAP.DE,2024-06-05,167.1468,EUR,YAHOO
SAP.DE,2024-06-06,173.1887,EUR,YAHOO
SAP.DE,2024-06-07,172.8379,EUR,YAHOO
SAP.DE,2024-06-10,172.3116,EUR,YAHOO
SAP.DE,2024-06-11,170.9278,EUR,YAHOO
SAP.DE,2024-06-12,176.7748,EUR,YAHOO
SAP.DE,2024-06-13,173.442,EUR,YAHOO
SAP.DE,2024-06-14,170.3236,EUR,YAHOO
SAP.DE,2024-06-17,171.2787,EUR,YAHOO
SAP.DE,2024-06-18,171.5125,EUR,YAHOO
SAP.DE,2024-06-19,171.7854,EUR,YAHOO
SAP.DE,2024-06-20,175.1182,EUR,YAHOO
SAP.DE,2024-06-21,176.4435,EUR,YAHOO
SAP.DE,2024-06-24,174.8843,EUR,YAHOO
SAP.DE,2024-06-25,177.0867,EUR,YAHOO
SAP.DE,2024-06-26,181.2771,EUR,YAHOO
SAP.DE,2024-06-27,182.6608,EUR,YAHOO
SAP.DE,2024-06-28,184.6878,EUR,YAHOO
SAP.DE,2024-07-01,180.9457,EUR,YAHOO
SAP.DE,2024-07-02,180.478,EUR,YAHOO
SAP.DE,2024-07-03,182.8752,EUR,YAHOO
SAP.DE,2024-07-04,182.2516,EUR,YAHOO
SAP.DE,2024-07-05,184.259,EUR,YAHOO
SAP.DE,2024-07-08,183.0507,EUR,YAHOO
SAP.DE,2024-07-09,180.0492,EUR,YAHOO
SAP.DE,2024-07-10,181.0627,EUR,YAHOO
SAP.DE,2024-07-11,181.7058,EUR,YAHOO
SAP.DE,2024-07-12,183.9277,EUR,YAHOO
SAP.DE,2024-07-15,182.9727,EUR,YAHOO
SAP.DE,2024-07-16,182.4465,EUR,YAHOO
SAP.DE,2024-07-17,178.5874,EUR,YAHOO
SAP.DE,2024-07-18,175.9758,EUR,YAHOO
SAP.DE,2024-07-19,176.8723,EUR,YAHOO
SAP.DE,2024-07-22,178.9382,EUR,YAHOO
SAP.DE,2024-07-23,191.7237,EUR,YAHOO
SAP.DE,2024-07-24,188.8782,EUR,YAHOO
SAP.DE,2024-07-25,190.2425,EUR,YAHOO
SAP.DE,2024-07-26,190.7882,EUR,YAHOO
SAP.DE,2024-07-29,187.9622,EUR,YAHOO
SAP.DE,2024-07-30,187.1241,EUR,YAHOO
SAP.DE,2024-07-31,190.0476,EUR,YAHOO
SAP.DE,2024-08-01,186.5784,EUR,YAHOO
SAP.DE,2024-08-02,181.4135,EUR,YAHOO
SAP.DE,2024-08-05,176.5994,EUR,YAHOO
SAP.DE,2024-08-06,180.6729,EUR,YAHOO
SAP.DE,2024-08-07,183.1871,EUR,YAHOO
SAP.DE,2024-08-08,183.4794,EUR,YAHOO
SAP.DE,2024-08-09,185.0776,EUR,YAHOO
SAP.DE,2024-08-12,184.4734,EUR,YAHOO
SAP.DE,2024-08-13,186.6953,EUR,YAHOO
SAP.DE,2024-08-14,187.1826,EUR,YAHOO
SAP.DE,2024-08-15,190.9831,EUR,YAHOO
SAP.DE,2024-08-16,191.7822,EUR,YAHOO
SAP.DE,2024-08-19,192.211,EUR,YAHOO
SAP.DE,2024-08-20,190.9051,EUR,YAHOO
SAP.DE,2024-08-21,191.4899,EUR,YAHOO
SAP.DE,2024-08-22,191.5288,EUR,YAHOO
SAP.DE,2024-08-23,190.6323,EUR,YAHOO
SAP.DE,2024-08-26,189.2485,EUR,YAHOO
SAP.DE,2024-08-27,190.2815,EUR,YAHOO
SAP.DE,2024-08-28,190.223,EUR,YAHOO
SAP.DE,2024-08-29,193.9456,EUR,YAHOO
SAP.DE,2024-08-30,192.6787,EUR,YAHOO
SAP.DE,2024-09-02,194.7642,EUR,YAHOO
SAP.DE,2024-09-03,193.1465,EUR,YAHOO
SAP.DE,2024-09-04,188.6443,EUR,YAHOO
SAP.DE,2024-09-05,186.5589,EUR,YAHOO
SAP.DE,2024-09-06,185.8572,EUR,YAHOO
SAP.DE,2024-09-09,187.6698,EUR,YAHOO
SAP.DE,2024-09-10,187.6308,EUR,YAHOO
SAP.DE,2024-09-11,189.4629,EUR,YAHOO
SAP.DE,2024-09-12,194.1015,EUR,YAHOO
SAP.DE,2024-09-13,195.534,EUR,YAHOO
SAP.DE,2024-09-16,195.0468,EUR,YAHOO
SAP.DE,2024-09-17,195.534,EUR,YAHOO
SAP.DE,2024-09-18,194.4913,EUR,YAHOO
SAP.DE,2024-09-19,200.8451,EUR,YAHOO
SAP.DE,2024-09-20,199.2859,EUR,YAHOO
SAP.DE,2024-09-23,201.576,EUR,YAHOO
SAP.DE,2024-09-24,201.576,EUR,YAHOO
SAP.DE,2024-09-25,196.6547,EUR,YAHOO
SAP.DE,2024-09-26,199.2859,EUR,YAHOO
SAP.DE,2024-09-27,200.4553,EUR,YAHOO
SAP.DE,2024-09-30,199.1884,EUR,YAHOO
SAP.DE,2024-10-01,199.091,EUR,YAHOO
SAP.DE,2024-10-02,198.555,EUR,YAHOO
SAP.DE,2024-10-03,195.6802,EUR,YAHOO
SAP.DE,2024-10-04,195.5827,EUR,YAHOO
SAP.DE,2024-10-07,195.193,EUR,YAHOO
SAP.DE,2024-10-08,199.7731,EUR,YAHOO
SAP.DE,2024-10-09,202.5505,EUR,YAHOO
SAP.DE,2024-10-10,200.7964,EUR,YAHOO
SAP.DE,2024-10-11,203.2813,EUR,YAHOO
SAP.DE,2024-10-14,206.1561,EUR,YAHOO
SAP.DE,2024-10-15,204.4507,EUR,YAHOO
SAP.DE,2024-10-16,205.2791,EUR,YAHOO
SAP.DE,2024-10-17,206.2049,EUR,YAHOO
SAP.DE,2024-10-18,207.423,EUR,YAHOO
SAP.DE,2024-10-21,205.3765,EUR,YAHOO
SAP.DE,2024-10-22,209.7618,EUR,YAHOO
SAP.DE,2024-10-23,213.0751,EUR,YAHOO
SAP.DE,2024-10-24,213.4649,EUR,YAHOO
SAP.DE,2024-10-25,215.4139,EUR,YAHOO
SAP.DE,2024-10-28,217.0218,EUR,YAHOO
SAP.DE,2024-10-29,218.2887,EUR,YAHOO
SAP.DE,2024-10-30,213.9521,EUR,YAHOO
SAP.DE,2024-10-31,209.3233,EUR,YAHOO
SAP.DE,2024-11-01,211.2235,EUR,YAHOO
SAP.DE,2024-11-04,208.3488,EUR,YAHOO
SAP.DE,2024-11-05,210.1516,EUR,YAHOO
SAP.DE,2024-11-06,207.5204,EUR,YAHOO
SAP.DE,2024-11-07,214.9754,EUR,YAHOO
SAP.DE,2024-11-08,215.755,EUR,YAHOO
SAP.DE,2024-11-11,215.9499,EUR,YAHOO
SAP.DE,2024-11-12,214.7805,EUR,YAHOO
SAP.DE,2024-11-13,213.8547,EUR,YAHOO
SAP.DE,2024-11-14,215.4139,EUR,YAHOO
SAP.DE,2024-11-15,211.7595,EUR,YAHOO
SAP.DE,2024-11-18,213.0264,EUR,YAHOO
SAP.DE,2024-11-19,214.2932,EUR,YAHOO
SAP.DE,2024-11-20,214.9754,EUR,YAHOO
SAP.DE,2024-11-21,218.9708,EUR,YAHOO
SAP.DE,2024-11-22,220.1402,EUR,YAHOO
SAP.DE,2024-11-25,217.8014,EUR,YAHOO
SAP.DE,2024-11-26,217.5091,EUR,YAHOO
SAP.DE,2024-11-27,214.5368,EUR,YAHOO
SAP.DE,2024-11-28,215.5113,EUR,YAHOO
SAP.DE,2024-11-29,219.1657,EUR,YAHOO
SAP.DE,2024-12-02,225.1589,EUR,YAHOO
SAP.DE,2024-12-03,227.0105,EUR,YAHOO
SAP.DE,2024-12-04,235.5374,EUR,YAHOO
SAP.DE,2024-12-05,235.1963,EUR,YAHOO
SAP.DE,2024-12-06,235.8297,EUR,YAHOO
SAP.DE,2024-12-09,234.368,EUR,YAHOO
SAP.DE,2024-12-10,233.9295,EUR,YAHOO
SAP.DE,2024-12-11,232.5164,EUR,YAHOO
SAP.DE,2024-12-12,235.3425,EUR,YAHOO
SAP.DE,2024-12-13,234.904,EUR,YAHOO
SAP.DE,2024-12-16,234.5141,EUR,YAHOO
SAP.DE,2024-12-17,232.955,EUR,YAHOO
SAP.DE,2024-12-18,234.1731,EUR,YAHOO
SAP.DE,2024-12-19,231.006,EUR,YAHOO
SAP.DE,2024-12-20,230.7136,EUR,YAHOO
SAP.DE,2024-12-23,230.3238,EUR,YAHOO
SAP.DE,2024-12-27,233.3935,EUR,YAHOO
SAP.DE,2024-12-30,230.2751,EUR,YAHOO
SAP.DE,2025-01-02,232.4677,EUR,YAHOO
SAP.DE,2025-01-03,228.862,EUR,YAHOO
SAP.DE,2025-01-06,233.1499,EUR,YAHOO
SAP.DE,2025-01-07,237.0966,EUR,YAHOO
SAP.DE,2025-01-08,238.5096,EUR,YAHOO
SAP.DE,2025-01-09,238.8994,EUR,YAHOO
SAP.DE,2025-01-10,239.5816,EUR,YAHOO
SAP.DE,2025-01-13,237.6813,EUR,YAHOO
SAP.DE,2025-01-14,241.0921,EUR,YAHOO
SAP.DE,2025-01-15,247.134,EUR,YAHOO
SAP.DE,2025-01-16,248.547,EUR,YAHOO
SAP.DE,2025-01-17,250.3011,EUR,YAHOO
SAP.DE,2025-01-20,249.4728,EUR,YAHOO
SAP.DE,2025-01-21,250.2037,EUR,YAHOO
SAP.DE,2025-01-22,255.6121,EUR,YAHOO
SAP.DE,2025-01-23,255.7096,EUR,YAHOO
SAP.DE,2025-01-24,256.8303,EUR,YAHOO
SAP.DE,2025-01-27,254.7351,EUR,YAHOO
SAP.DE,2025-01-28,255.9045,EUR,YAHOO
SAP.DE,2025-01-29,260.3872,EUR,YAHOO
SAP.DE,2025-01-30,261.2155,EUR,YAHOO
SAP.DE,2025-01-31,261.6541,EUR,YAHOO
SAP.DE,2025-02-03,256.4405,EUR,YAHOO
SAP.DE,2025-02-04,1172.1807,EUR,YAHOO
SAP.DE,2025-02-05,263.8954,EUR,YAHOO
SAP.DE,2025-02-06,266.6727,EUR,YAHOO
SAP.DE,2025-02-07,264.0903,EUR,YAHOO
SAP.DE,2025-02-10,264.8699,EUR,YAHOO
SAP.DE,2025-02-11,271.2529,EUR,YAHOO
SAP.DE,2025-02-12,272.0325,EUR,YAHOO
SAP.DE,2025-02-13,273.1532,EUR,YAHOO
SAP.DE,2025-02-14,269.8886,EUR,YAHOO
SAP.DE,2025-02-17,272.9583,EUR,YAHOO
SAP.DE,2025-02-18,271.2529,EUR,YAHOO
SAP.DE,2025-02-19,269.2552,EUR,YAHOO
SAP.DE,2025-02-20,267.9396,EUR,YAHOO
SAP.DE,2025-02-21,266.624,EUR,YAHOO
SAP.DE,2025-02-24,267.3062,EUR,YAHOO
SAP.DE,2025-02-25,265.4546,EUR,YAHOO
SAP.DE,2025-02-26,268.1832,EUR,YAHOO
SAP.DE,2025-02-27,260.6796,EUR,YAHOO
SAP.DE,2025-02-28,258.5356,EUR,YAHOO
SAP.DE,2025-03-03,264.6263,EUR,YAHOO
SAP.DE,2025-03-04,252.3476,EUR,YAHOO
SAP.DE,2025-03-05,257.951,EUR,YAHOO
SAP.DE,2025-03-06,254.6864,EUR,YAHOO
SAP.DE,2025-03-07,247.8649,EUR,YAHOO
SAP.DE,2025-03-10,236.0246,EUR,YAHOO
SAP.DE,2025-03-11,232.5651,EUR,YAHOO
SAP.DE,2025-03-12,236.3657,EUR,YAHOO
SAP.DE,2025-03-13,230.8598,EUR,YAHOO
SAP.DE,2025-03-14,236.4144,EUR,YAHOO
SAP.DE,2025-03-17,240.4099,EUR,YAHOO
SAP.DE,2025-03-18,240.4099,EUR,YAHOO
SAP.DE,2025-03-19,242.0178,EUR,YAHOO
SAP.DE,2025-03-20,243.7719,EUR,YAHOO
SAP.DE,2025-03-21,245.526,EUR,YAHOO
SAP.DE,2025-03-24,248.8394,EUR,YAHOO
SAP.DE,2025-03-25,252.1527,EUR,YAHOO
SAP.DE,2025-03-26,243.7232,EUR,YAHOO
SAP.DE,2025-03-27,242.8949,EUR,YAHOO
SAP.DE,2025-03-28,240.4586,EUR,YAHOO
SAP.DE,2025-03-31,238.1685,EUR,YAHOO
SAP.DE,2025-04-01,243.7719,EUR,YAHOO
SAP.DE,2025-04-02,242.7487,EUR,YAHOO
SAP.DE,2025-04-03,232.8575,EUR,YAHOO
SAP.DE,2025-04-04,225.3051,EUR,YAHOO
SAP.DE,2025-04-07,215.755,EUR,YAHOO
SAP.DE,2025-04-08,218.0938,EUR,YAHOO
SAP.DE,2025-04-09,208.9335,EUR,YAHOO
SAP.DE,2025-04-10,224.1357,EUR,YAHOO
SAP.DE,2025-04-11,219.0683,EUR,YAHOO
SAP.DE,2025-04-14,222.9663,EUR,YAHOO
SAP.DE,2025-04-15,226.7181,EUR,YAHOO
SAP.DE,2025-04-16,226.4258,EUR,YAHOO
SAP.DE,2025-04-17,220.2377,EUR,YAHOO
SAP.DE,2025-04-22,212.9289,EUR,YAHOO
SAP.DE,2025-04-23,235.5374,EUR,YAHOO
SAP.DE,2025-04-24,235.0014,EUR,YAHOO
SAP.DE,2025-04-25,238.4609,EUR,YAHOO
SAP.DE,2025-04-28,242.4564,EUR,YAHOO
SAP.DE,2025-04-29,248.1085,EUR,YAHOO
SAP.DE,2025-04-30,248.7906,EUR,YAHOO
SAP.DE,2025-05-02,259.5102,EUR,YAHOO
SAP.DE,2025-05-05,260.5334,EUR,YAHOO
SAP.DE,2025-05-06,257.6099,EUR,YAHOO
SAP.DE,2025-05-07,254.8326,EUR,YAHOO
SAP.DE,2025-05-08,256.0994,EUR,YAHOO
SAP.DE,2025-05-09,254.9787,EUR,YAHOO
SAP.DE,2025-05-12,255.8071,EUR,YAHOO
SAP.DE,2025-05-13,255.6609,EUR,YAHOO
SAP.DE,2025-05-14,253.6943,EUR,YAHOO
SAP.DE,2025-05-15,258.8075,EUR,YAHOO
SAP.DE,2025-05-16,261.8066,EUR,YAHOO
SAP.DE,2025-05-19,261.0199,EUR,YAHOO
SAP.DE,2025-05-20,260.6758,EUR,YAHOO
SAP.DE,2025-05-21,261.3641,EUR,YAHOO
SAP.DE,2025-05-22,261.0691,EUR,YAHOO
SAP.DE,2025-05-23,256.2017,EUR,YAHOO
SAP.DE,2025-05-26,257.9225,EUR,YAHOO
SAP.DE,2025-05-27,261.2166,EUR,YAHOO
SAP.DE,2025-05-28,258.9058,EUR,YAHOO
SAP.DE,2025-05-29,258.07,EUR,YAHOO
SAP.DE,2025-05-30,261.4624,EUR,YAHOO
SAP.DE,2025-06-02,259.8891,EUR,YAHOO
SAP.DE,2025-06-03,265.0515,EUR,YAHOO
SAP.DE,2025-06-04,266.7723,EUR,YAHOO
SAP.DE,2025-06-05,266.4281,EUR,YAHOO
SAP.DE,2025-06-06,267.8048,EUR,YAHOO
SAP.DE,2025-06-09,263.134,EUR,YAHOO
SAP.DE,2025-06-10,261.2657,EUR,YAHOO
SAP.DE,2025-06-11,258.7583,EUR,YAHOO
SAP.DE,2025-06-12,256.7917,EUR,YAHOO
SAP.DE,2025-06-13,250.4985,EUR,YAHOO
SAP.DE,2025-06-16,253.1534,EUR,YAHOO
SAP.DE,2025-06-17,251.7768,EUR,YAHOO
SAP.DE,2025-06-18,248.7285,EUR,YAHOO
SAP.DE,2025-06-19,243.6153,EUR,YAHOO
SAP.DE,2025-06-20,246.9586,EUR,YAHOO
SAP.DE,2025-06-23,245.7786,EUR,YAHOO
SAP.DE,2025-06-24,250.6951,EUR,YAHOO
SAP.DE,2025-06-25,248.286,EUR,YAHOO
SAP.DE,2025-06-26,247.4502,EUR,YAHOO
SAP.DE,2025-06-27,253.6943,EUR,YAHOO
SAP.DE,2025-06-30,253.8417,EUR,YAHOO
SAP.DE,2025-07-01,251.3343,EUR,YAHOO
SAP.DE,2025-07-02,248.876,EUR,YAHOO
SAP.DE,2025-07-03,253.8909,EUR,YAHOO
SAP.DE,2025-07-04,251.236,EUR,YAHOO
SAP.DE,2025-07-07,256.7917,EUR,YAHOO
SAP.DE,2025-07-08,259.7416,EUR,YAHOO
SAP.DE,2025-07-09,261.0691,EUR,YAHOO
SAP.DE,2025-07-10,258.7091,EUR,YAHOO
SAP.DE,2025-07-11,254.4317,EUR,YAHOO
SAP.DE,2025-07-14,253.7434,EUR,YAHOO
SAP.DE,2025-07-15,255.4642,EUR,YAHOO
SAP.DE,2025-07-16,255.6117,EUR,YAHOO
SAP.DE,2025-07-17,261.3641,EUR,YAHOO
SAP.DE,2025-07-18,259.6433,EUR,YAHOO
SAP.DE,2025-07-21,259.0533,EUR,YAHOO
SAP.DE,2025-07-22,255.1692,EUR,YAHOO
SAP.DE,2025-07-23,244.697,EUR,YAHOO
SAP.DE,2025-07-24,241.9929,EUR,YAHOO
SAP.DE,2025-07-25,240.9112,EUR,YAHOO
SAP.DE,2025-07-28,239.9771,EUR,YAHOO
SAP.DE,2025-07-29,244.3036,EUR,YAHOO
SAP.DE,2025-07-30,248.7777,EUR,YAHOO
SAP.DE,2025-07-31,246.6144,EUR,YAHOO
SAP.DE,2025-08-01,240.567,EUR,YAHOO
SAP.DE,2025-08-04,240.6654,EUR,YAHOO
SAP.DE,2025-08-05,242.5337,EUR,YAHOO
SAP.DE,2025-08-06,244.697,EUR,YAHOO
SAP.DE,2025-08-07,250.4985,EUR,YAHOO
SAP.DE,2025-08-08,245.9261,EUR,YAHOO
SAP.DE,2025-08-11,245.1886,EUR,YAHOO
SAP.DE,2025-08-12,228.1282,EUR,YAHOO
SAP.DE,2025-08-13,235.0113,EUR,YAHOO
SAP.DE,2025-08-14,235.6505,EUR,YAHOO
SAP.DE,2025-08-15,233.0447,EUR,YAHOO
SAP.DE,2025-08-18,232.7006,EUR,YAHOO
SAP.DE,2025-08-19,232.9464,EUR,YAHOO
SAP.DE,2025-08-20,229.849,EUR,YAHOO
SAP.DE,2025-08-21,228.2757,EUR,YAHOO
SAP.DE,2025-08-22,228.7182,EUR,YAHOO
SAP.DE,2025-08-25,229.1115,EUR,YAHOO
SAP.DE,2025-08-26,227.9807,EUR,YAHOO
SAP.DE,2025-08-27,232.4547,EUR,YAHOO
SAP.DE,2025-08-28,232.4056,EUR,YAHOO
SAP.DE,2025-08-29,227.8332,EUR,YAHOO
SAP.DE,2025-09-01,229.9964,EUR,YAHOO
SAP.DE,2025-09-02,223.4574,EUR,YAHOO
SAP.DE,2025-09-03,227.489,EUR,YAHOO
SAP.DE,2025-09-04,229.3081,EUR,YAHOO
SAP.DE,2025-09-05,224.4408,EUR,YAHOO
SAP.DE,2025-09-08,226.604,EUR,YAHOO
SAP.DE,2025-09-09,226.4565,EUR,YAHOO
SAP.DE,2025-09-10,219.9667,EUR,YAHOO
SAP.DE,2025-09-11,216.1318,EUR,YAHOO
SAP.DE,2025-09-12,217.2134,EUR,YAHOO
SAP.DE,2025-09-15,211.0677,EUR,YAHOO
SAP.DE,2025-09-16,207.4295,EUR,YAHOO
SAP.DE,2025-09-17,214.0668,EUR,YAHOO
SAP.DE,2025-09-18,225.6699,EUR,YAHOO
SAP.DE,2025-09-19,,EUR,YAHOO
SAP.DE,2025-09-22,220.95,EUR,YAHOO
SAP.DE,2025-09-23,222.425,EUR,YAHOO
SAP.DE,2025-09-24,224.1949,EUR,YAHOO
SAP.DE,2025-09-25,221.4417,EUR,YAHOO
SAP.DE,2025-09-26,221.3925,EUR,YAHOO
SAP.DE,2025-09-29,221.7858,EUR,YAHOO
SAP.DE,2025-09-30,224.0966,EUR,YAHOO
SAP.DE,2025-10-01,223.9983,EUR,YAHOO
SAP.DE,2025-10-02,228.2265,EUR,YAHOO
SAP.DE,2025-10-03,226.309,EUR,YAHOO
SAP.DE,2025-10-06,227.7348,EUR,YAHOO
SAP.DE,2025-10-07,231.0781,EUR,YAHOO
SAP.DE,2025-10-08,233.2414,EUR,YAHOO
SAP.DE,2025-10-09,233.8314,EUR,YAHOO
SAP.DE,2025-10-10,226.7024,EUR,YAHOO
SAP.DE,2025-10-13,227.5382,EUR,YAHOO
SAP.DE,2025-10-14,228.8165,EUR,YAHOO
SAP.DE,2025-10-15,230.2914,EUR,YAHOO
SAP.DE,2025-10-16,229.3081,EUR,YAHOO
SAP.DE,2025-10-17,227.0957,EUR,YAHOO
SAP.DE,2025-10-20,234.618,EUR,YAHOO
SAP.DE,2025-10-21,236.388,EUR,YAHOO
SAP.DE,2025-10-22,232.8972,EUR,YAHOO
SAP.DE,2025-10-23,237.9613,EUR,YAHOO
SAP.DE,2025-10-24,229.4556,EUR,YAHOO
SAP.DE,2025-10-27,231.6189,EUR,YAHOO
SAP.DE,2025-10-28,230.1931,EUR,YAHOO
SAP.DE,2025-10-29,220.5567,EUR,YAHOO
SAP.DE,2025-10-30,222.0808,EUR,YAHOO
SAP.DE,2025-10-31,220.7042,EUR,YAHOO
SAP.DE,2025-11-03,225.0307,EUR,YAHOO
SAP.DE,2025-11-04,222.2775,EUR,YAHOO
SAP.DE,2025-11-05,224.1458,EUR,YAHOO
SAP.DE,2025-11-06,214.3126,EUR,YAHOO
SAP.DE,2025-11-07,212.051,EUR,YAHOO
SAP.DE,2025-11-10,212.641,EUR,YAHOO
SAP.DE,2025-11-11,213.4277,EUR,YAHOO
SAP.DE,2025-11-12,214.7551,EUR,YAHOO
SAP.DE,2025-11-13,214.4601,EUR,YAHOO
SAP.DE,2025-11-14,207.577,EUR,YAHOO
SAP.DE,2025-11-17,203.5454,EUR,YAHOO
SAP.DE,2025-11-18,201.9229,EUR,YAHOO
SAP.DE,2025-11-19,202.0704,EUR,YAHOO
SAP.DE,2025-11-20,203.1521,EUR,YAHOO
SAP.DE,2025-11-21,201.5788,EUR,YAHOO
SAP.DE,2025-11-24,204.037,EUR,YAHOO
SAP.DE,2025-11-25,201.4313,EUR,YAHOO
SAP.DE,2025-11-26,203.2504,EUR,YAHOO
SAP.DE,2025-11-27,203.5454,EUR,YAHOO
SAP.DE,2025-11-28,205.0695,EUR,YAHOO
SAP.DE,2025-12-01,205.4137,EUR,YAHOO
SAP.DE,2025-12-02,204.3812,EUR,YAHOO
SAP.DE,2025-12-03,203.0537,EUR,YAHOO
SAP.DE,2025-12-04,206.6428,EUR,YAHOO
SAP.DE,2025-12-05,209.6911,EUR,YAHOO
SAP.DE,2025-12-08,206.5937,EUR,YAHOO
SAP.DE,2025-12-09,206.4953,EUR,YAHOO
SAP.DE,2025-12-10,207.4295,EUR,YAHOO
SAP.DE,2025-12-11,205.807,EUR,YAHOO
SAP.DE,2025-12-12,204.7254,EUR,YAHOO
SAP.DE,2025-12-15,206.1512,EUR,YAHOO
SAP.DE,2025-12-16,203.2012,EUR,YAHOO
SAP.DE,2025-12-17,203.5946,EUR,YAHOO
SAP.DE,2025-12-18,205.9545,EUR,YAHOO
SAP.DE,2025-12-19,205.3154,EUR,YAHOO
SAP.DE,2025-12-22,205.0695,EUR,YAHOO
SAP.DE,2025-12-23,204.2337,EUR,YAHOO
SAP.DE,2025-12-29,204.9712,EUR,YAHOO
SAP.DE,2025-12-30,204.8729,EUR,YAHOO
SAP.DE,2026-01-02,198.5797,EUR,YAHOO
SAP.DE,2026-01-05,202.7587,EUR,YAHOO
SAP.DE,2026-01-06,198.678,EUR,YAHOO
SAP.DE,2026-01-07,204.922,EUR,YAHOO
SAP.DE,2026-01-08,203.0537,EUR,YAHOO
SAP.DE,2026-01-09,208.8061,EUR,YAHOO
SAP.DE,2026-01-12,209.5436,EUR,YAHOO
SAP.DE,2026-01-13,209.8877,EUR,YAHOO
SAP.DE,2026-01-14,202.6604,EUR,YAHOO
SAP.DE,2026-01-15,202.1688,EUR,YAHOO
SAP.DE,2026-01-16,198.7763,EUR,YAHOO
SAP.DE,2026-01-19,192.6896,EUR,YAHOO
SAP.DE,2026-01-20,190.7623,EUR,YAHOO
SAP.DE,2026-01-21,187.8517,EUR,YAHOO
SAP.DE,2026-01-22,186.6718,EUR,YAHOO
SAP.DE,2026-01-23,194.6169,EUR,YAHOO
SAP.DE,2026-01-26,197.5964,EUR,YAHOO
SAP.DE,2026-01-27,192.2766,EUR,YAHOO
SAP.DE,2026-01-28,192.8666,EUR,YAHOO
SAP.DE,2026-01-29,161.8727,EUR,YAHOO
SAP.DE,2026-01-30,167.7135,EUR,YAHOO
SAP.DE,2026-02-02,172.1778,EUR,YAHOO
SAP.DE,2026-02-03,164.213,EUR,YAHOO
SAP.DE,2026-02-04,164.4096,EUR,YAHOO
SAP.DE,2026-02-05,167.6349,EUR,YAHOO
SAP.DE,2026-02-06,168.3625,EUR,YAHOO
SAP.DE,2026-02-09,172.0008,EUR,YAHOO
SAP.DE,2026-02-10,175.3047,EUR,YAHOO
SAP.DE,2026-02-11,166.1796,EUR,YAHOO
SAP.DE,2026-02-12,166.8679,EUR,YAHOO
SAP.DE,2026-02-13,168.8542,EUR,YAHOO
SAP.DE,2026-02-16,165.5502,EUR,YAHOO
SAP.DE,2026-02-17,166.8089,EUR,YAHOO
SAP.DE,2026-02-18,170.4865,EUR,YAHOO
SAP.DE,2026-02-19,167.8905,EUR,YAHOO
SAP.DE,2026-02-20,170.8995,EUR,YAHOO
SAP.DE,2026-02-23,165.0586,EUR,YAHOO
SAP.DE,2026-02-24,163.0723,EUR,YAHOO
SAP.DE,2026-02-25,163.9966,EUR,YAHOO
SAP.DE,2026-02-26,169.3458,EUR,YAHOO
SAP.DE,2026-02-27,168.1069,EUR,YAHOO
SAP.DE,2026-03-02,164.3113,EUR,YAHOO
SAP.DE,2026-03-03,162.7183,EUR,YAHOO
SAP.DE,2026-03-04,164.5866,EUR,YAHOO
SAP.DE,2026-03-05,168.1265,EUR,YAHOO
SAP.DE,2026-03-06,169.8572,EUR,YAHOO
SAP.DE,2026-03-09,169.0115,EUR,YAHOO
SAP.DE,2026-03-10,166.7696,EUR,YAHOO
SAP.DE,2026-03-11,162.679,EUR,YAHOO
SAP.DE,2026-03-12,164.2326,EUR,YAHOO
SAP.DE,2026-03-13,163.6623,EUR,YAHOO
SAP.DE,2026-03-16,162.6987,EUR,YAHOO
SAP.DE,2026-03-17,163.4656,EUR,YAHOO
SAP.DE,2026-03-18,158.7457,EUR,YAHOO
SAP.DE,2026-03-19,157.3298,EUR,YAHOO
SAP.DE,2026-03-20,151.2529,EUR,YAHOO
SAP.DE,2026-03-23,151.2922,EUR,YAHOO
SAP.DE,2026-03-24,145.1564,EUR,YAHOO
SAP.DE,2026-03-25,144.4484,EUR,YAHOO
SAP.DE,2026-03-26,142.2261,EUR,YAHOO
SAP.DE,2026-03-27,140.1808,EUR,YAHOO
SAP.DE,2026-03-30,144.5664,EUR,YAHOO
SAP.DE,2026-03-31,144.4484,EUR,YAHOO
SAP.DE,2026-04-01,146.3757,EUR,YAHOO
SAP.DE,2026-04-02,146.415,EUR,YAHOO
SAP.DE,2026-04-07,142.7964,EUR,YAHOO
SAP.DE,2026-04-08,147.2017,EUR,YAHOO
SAP.DE,2026-04-09,137.1719,EUR,YAHOO
SAP.DE,2026-04-10,137.0539,EUR,YAHOO
SAP.DE,2026-04-13,140.1218,EUR,YAHOO
SAP.DE,2026-04-14,141.0658,EUR,YAHOO
SAP.DE,2026-04-15,144.0944,EUR,YAHOO
SAP.DE,2026-04-16,149.129,EUR,YAHOO
SAP.DE,2026-04-17,153.6325,EUR,YAHOO
SAP.DE,2026-04-20,147.6933,EUR,YAHOO
SAP.DE,2026-04-21,148.6373,EUR,YAHOO
SAP.DE,2026-04-22,147.3197,EUR,YAHOO
SAP.DE,2026-04-23,138.3519,EUR,YAHOO
SAP.DE,2026-04-24,144.8221,EUR,YAHOO
SAP.DE,2026-04-27,146.474,EUR,YAHOO
SAP.DE,2026-04-28,146.3954,EUR,YAHOO
SAP.DE,2026-04-29,143.4454,EUR,YAHOO
SAP.DE,2026-04-30,143.0718,EUR,YAHOO
SAP.DE,2026-05-04,145.589,EUR,YAHOO
SAP.DE,2026-05-05,147.3,EUR,YAHOO
SAP.DE,2026-05-06,149.32,EUR,YAHOO
SAP.DE,2026-05-07,151.38,EUR,YAHOO
SAP.DE,2026-05-08,146.2,EUR,YAHOO
SAP.DE,2026-05-11,144.46,EUR,YAHOO
SAP.DE,2026-05-12,142.4,EUR,YAHOO
SAP.DE,2026-05-13,136.26,EUR,YAHOO
SAP.DE,2026-05-14,141.22,EUR,YAHOO
SAP.DE,2026-05-15,144.06,EUR,YAHOO
SAP.DE,2026-05-18,147.86,EUR,YAHOO
SAP.DE,2026-05-19,156.72,EUR,YAHOO
SAP.DE,2026-05-20,153.42,EUR,YAHOO
SAP.DE,2026-05-21,150.9,EUR,YAHOO
SAP.DE,2026-05-22,151.78,EUR,YAHOO
SAP.DE,2026-05-25,154.48,EUR,YAHOO
SAP.DE,2026-05-26,151.46,EUR,YAHOO
SAP.DE,2026-05-27,150.0,EUR,YAHOO
SAP.DE,2026-05-28,151.6,EUR,YAHOO
SAP.DE,2026-05-29,155.26,EUR,YAHOO
SAP.DE,2026-06-01,167.9,EUR,YAHOO
SAP.DE,2026-06-02,162.86,EUR,YAHOO
SAP.DE,2026-06-03,155.94,EUR,YAHOO
SAP.DE,2026-06-04,164.5,EUR,YAHOO
SAP.DE,2026-06-05,161.48,EUR,YAHOO
SAP.DE,2026-06-08,158.1,EUR,YAHOO
SAP.DE,2026-06-09,154.7,EUR,YAHOO
SAP.DE,2026-06-10,149.7,EUR,YAHOO
SAP.DE,2026-06-11,139.9,EUR,YAHOO
SAP.DE,2026-06-12,140.26,EUR,YAHOO
SAP.DE,2026-06-15,143.18,EUR,YAHOO
SAP.DE,2026-06-16,142.9,EUR,YAHOO
SAP.DE,2026-06-17,141.18,EUR,YAHOO
SAP.DE,2026-06-18,134.86,EUR,YAHOO
SAP.DE,2026-06-19,134.14,EUR,YAHOO
SAP.DE,2026-06-22,132.22,EUR,YAHOO
SAP.DE,2026-06-23,134.52,EUR,YAHOO
SAP.DE,2026-06-24,134.86,EUR,YAHOO
SAP.DE,2026-06-25,132.28,EUR,YAHOO
SAP.DE,2026-06-26,135.14,EUR,YAHOO
SAP.DE,2026-06-29,136.64,EUR,YAHOO
SAP.DE,2026-06-30,134.0,EUR,YAHOO
SAP.DE,2026-07-01,140.88,EUR,YAHOO
SAP.DE,2026-07-02,141.72,EUR,YAHOO
SAP.DE,2026-07-03,139.64,EUR,YAHOO
SAP.DE,2026-07-06,140.06,EUR,YAHOO
SAP.DE,2026-07-07,143.9,EUR,YAHOO
SAP.DE,2026-07-08,137.96,EUR,YAHOO
SAP.DE,2026-07-09,137.74,EUR,YAHOO
SAP.DE,2026-07-10,137.58,EUR,YAHOO
SAP.DE,2026-07-13,140.72,EUR,YAHOO
SAP.DE,2026-07-14,136.72,EUR,YAHOO
SAP.DE,2026-07-15,136.98,EUR,YAHOO
SAP.DE,2026-07-16,137.64,EUR,YAHOO
SAP.DE,2026-07-17,137.92,EUR,YAHOO
SAP.DE,2026-07-20,138.26,EUR,YAHOO
SAP.DE,2026-07-21,136.42,EUR,YAHOO
SAP.DE,2026-07-22,132.04,EUR,YAHOO
SAP.DE,2026-07-23,128.32,EUR,YAHOO
SAP.DE,2026-07-24,140.2,EUR,YAHOO
SAP.DE,2026-07-27,151.28,EUR,YAHOO
SAP.DE,2026-07-28,159.24,EUR,YAHOO
SAP.DE,2026-07-29,162.04,EUR,YAHOO
SAP.DE,2026-07-30,155.92,EUR,YAHOO
SAP.DE,2026-07-31,157.68,EUR,YAHOO
SAP.DE,2026-08-03,164.64,EUR,YAHOO
SAP.DE,2026-08-04,167.38,EUR,YAHOO
SAP.DE,2026-08-05,169.26,EUR,YAHOO
SAP.DE,2026-08-06,170.98,EUR,YAHOO
SAP.DE,2026-08-07,177.96,EUR,YAHOO
SAP.DE,2026-08-10,179.3,EUR,YAHOO
SAP.DE,2026-08-11,180.7,EUR,YAHOO
SAP.DE,2026-08-12,175.96,EUR,YAHOO
SAP.DE,2026-08-13,175.38,EUR,YAHOO
SAP.DE,2026-08-14,180.14,EUR,YAHOO
SAP.DE,2026-08-17,179.58,EUR,YAHOO
SAP.DE,2026-08-18,182.5,EUR,YAHOO
SAP.DE,2026-08-19,185.9,EUR,YAHOO
SAP.DE,2026-08-20,185.64,EUR,YAHOO
SAP.DE,2026-08-21,188.12,EUR,YAHOO
SAP.DE,2026-08-24,187.2,EUR,YAHOO
SAP.DE,2026-08-25,185.46,EUR,YAHOO
SAP.DE,2026-08-26,180.02,EUR,YAHOO
SAP.DE,2026-08-27,189.88,EUR,YAHOO
SAP.DE,2026-08-28,191.32,EUR,YAHOO
SAP.DE,2026-08-31,190.9,EUR,YAHOO
SAP.DE,2026-09-01,184.26,EUR,YAHOO
SAP.DE,2026-09-02,181.44,EUR,YAHOO
SAP.DE,2026-09-03,185.58,EUR,YAHOO
SAP.DE,2026-09-04,185.68,EUR,YAHOO
SAP.DE,2026-09-08,181.7,EUR,YAHOO
SAP.DE,2026-09-09,182.86,EUR,YAHOO
SAP.DE,2026-09-10,177.82,EUR,YAHOO
SAP.DE,2026-09-11,177.26,EUR,YAHOO
SPY,2023-09-14,433.8762,USD,YAHOO
SPY,2023-09-15,428.6487,USD,YAHOO
SPY,2023-09-18,428.9001,USD,YAHOO
SPY,2023-09-19,,USD,YAHOO
SPY,2023-09-20,424.0757,USD,YAHOO
SPY,2023-09-21,417.0665,USD,YAHOO
SPY,2023-09-22,416.1288,USD,YAHOO
SPY,2023-09-25,417.8786,USD,YAHOO
SPY,2023-09-26,411.7394,USD,YAHOO
SPY,2023-09-27,411.9038,USD,YAHOO
SPY,2023-09-28,414.2918,USD,YAHOO
SPY,2023-09-29,413.2863,USD,YAHOO
SPY,2023-10-02,413.122,USD,YAHOO
SPY,2023-10-03,407.5919,USD,YAHOO
SPY,2023-10-04,410.5599,USD,YAHOO
SPY,2023-10-05,410.4052,USD,YAHOO
SPY,2023-10-06,415.278,USD,YAHOO
SPY,2023-10-09,417.9366,USD,YAHOO
SPY,2023-10-10,420.1119,USD,YAHOO
SPY,2023-10-11,421.8328,USD,YAHOO
SPY,2023-10-12,419.2612,USD,YAHOO
SPY,2023-10-13,417.1728,USD,YAHOO
SPY,2023-10-16,421.5621,USD,YAHOO
SPY,2023-10-17,421.5428,USD,YAHOO
SPY,2023-10-18,415.9256,USD,YAHOO
SPY,2023-10-19,412.2712,USD,YAHOO
SPY,2023-10-20,407.2052,USD,YAHOO
SPY,2023-10-23,406.4994,USD,YAHOO
SPY,2023-10-24,409.5641,USD,YAHOO
SPY,2023-10-25,403.686,USD,YAHOO
SPY,2023-10-26,398.852,USD,YAHOO
SPY,2023-10-27,397.0441,USD,YAHOO
SPY,2023-10-30,401.7912,USD,YAHOO
SPY,2023-10-31,404.3144,USD,YAHOO
SPY,2023-11-01,408.6264,USD,YAHOO
SPY,2023-11-02,416.4574,USD,YAHOO
SPY,2023-11-03,420.257,USD,YAHOO
SPY,2023-11-06,421.2237,USD,YAHOO
SPY,2023-11-07,422.4225,USD,YAHOO
SPY,2023-11-08,422.7319,USD,YAHOO
SPY,2023-11-09,419.4351,USD,YAHOO
SPY,2023-11-10,425.9803,USD,YAHOO
SPY,2023-11-13,425.5743,USD,YAHOO
SPY,2023-11-14,433.8307,USD,YAHOO
SPY,2023-11-15,434.7491,USD,YAHOO
SPY,2023-11-16,435.281,USD,YAHOO
SPY,2023-11-17,435.8223,USD,YAHOO
SPY,2023-11-20,439.1772,USD,YAHOO
SPY,2023-11-21,438.22,USD,YAHOO
SPY,2023-11-22,439.9119,USD,YAHOO
SPY,2023-11-24,440.1826,USD,YAHOO
SPY,2023-11-27,439.3898,USD,YAHOO
SPY,2023-11-28,439.8248,USD,YAHOO
SPY,2023-11-29,439.5155,USD,YAHOO
SPY,2023-11-30,441.2461,USD,YAHOO
SPY,2023-12-01,443.8564,USD,YAHOO
SPY,2023-12-04,441.5265,USD,YAHOO
SPY,2023-12-05,441.4394,USD,YAHOO
SPY,2023-12-06,439.6606,USD,YAHOO
SPY,2023-12-07,443.0153,USD,YAHOO
SPY,2023-12-08,444.92,USD,YAHOO
SPY,2023-12-11,446.6505,USD,YAHOO
SPY,2023-12-12,448.6904,USD,YAHOO
SPY,2023-12-13,454.8779,USD,YAHOO
SPY,2023-12-14,456.3378,USD,YAHOO
SPY,2023-12-15,455.5864,USD,YAHOO
SPY,2023-12-18,458.1491,USD,YAHOO
SPY,2023-12-19,460.9351,USD,YAHOO
SPY,2023-12-20,454.5478,USD,YAHOO
SPY,2023-12-21,458.8577,USD,YAHOO
SPY,2023-12-22,459.7798,USD,YAHOO
SPY,2023-12-26,461.7213,USD,YAHOO
SPY,2023-12-27,462.5562,USD,YAHOO
SPY,2023-12-28,462.731,USD,YAHOO
SPY,2023-12-29,461.3913,USD,YAHOO
SPY,2024-01-02,458.8092,USD,YAHOO
SPY,2024-01-03,455.0622,USD,YAHOO
SPY,2024-01-04,453.5964,USD,YAHOO
SPY,2024-01-05,454.2177,USD,YAHOO
SPY,2024-01-08,460.7021,USD,YAHOO
SPY,2024-01-09,460.0032,USD,YAHOO
SPY,2024-01-10,462.6047,USD,YAHOO
SPY,2024-01-11,462.4009,USD,YAHOO
SPY,2024-01-12,462.7212,USD,YAHOO
SPY,2024-01-16,461.0225,USD,YAHOO
SPY,2024-01-17,458.4598,USD,YAHOO
SPY,2024-01-18,462.5367,USD,YAHOO
SPY,2024-01-19,468.3028,USD,YAHOO
SPY,2024-01-22,469.293,USD,YAHOO
SPY,2024-01-23,470.6617,USD,YAHOO
SPY,2024-01-24,471.1761,USD,YAHOO
SPY,2024-01-25,473.7388,USD,YAHOO
SPY,2024-01-26,473.137,USD,YAHOO
SPY,2024-01-29,476.8839,USD,YAHOO
SPY,2024-01-30,476.515,USD,YAHOO
SPY,2024-01-31,468.7397,USD,YAHOO
SPY,2024-02-01,474.8745,USD,YAHOO
SPY,2024-02-02,479.8737,USD,YAHOO
SPY,2024-02-05,478.1264,USD,YAHOO
SPY,2024-02-06,479.5146,USD,YAHOO
SPY,2024-02-07,483.514,USD,YAHOO
SPY,2024-02-08,483.7275,USD,YAHOO
SPY,2024-02-09,486.5232,USD,YAHOO
SPY,2024-02-12,486.3096,USD,YAHOO
SPY,2024-02-13,479.6117,USD,YAHOO
SPY,2024-02-14,483.9702,USD,YAHOO
SPY,2024-02-15,487.3095,USD,YAHOO
SPY,2024-02-16,484.8826,USD,YAHOO
SPY,2024-02-20,482.2132,USD,YAHOO
SPY,2024-02-21,482.65,USD,YAHOO
SPY,2024-02-22,492.6387,USD,YAHOO
SPY,2024-02-23,492.9785,USD,YAHOO
SPY,2024-02-26,491.1729,USD,YAHOO
SPY,2024-02-27,492.0853,USD,YAHOO
SPY,2024-02-28,491.435,USD,YAHOO
SPY,2024-02-29,493.2017,USD,YAHOO
SPY,2024-03-01,497.832,USD,YAHOO
SPY,2024-03-04,497.2982,USD,YAHOO
SPY,2024-03-05,492.328,USD,YAHOO
SPY,2024-03-06,494.8228,USD,YAHOO
SPY,2024-03-07,499.7346,USD,YAHOO
SPY,2024-03-08,496.7351,USD,YAHOO
SPY,2024-03-11,496.308,USD,YAHOO
SPY,2024-03-12,501.647,USD,YAHOO
SPY,2024-03-13,500.8607,USD,YAHOO
SPY,2024-03-14,499.8705,USD,YAHOO
SPY,2024-03-15,496.4381,USD,YAHOO
SPY,2024-03-18,499.3885,USD,YAHOO
SPY,2024-03-19,502.1638,USD,YAHOO
SPY,2024-03-20,506.8084,USD,YAHOO
SPY,2024-03-21,508.4832,USD,YAHOO
SPY,2024-03-22,507.5192,USD,YAHOO
SPY,2024-03-25,506.117,USD,YAHOO
SPY,2024-03-26,505.1822,USD,YAHOO
SPY,2024-03-27,509.4278,USD,YAHOO
SPY,2024-03-28,509.3303,USD,YAHOO
SPY,2024-04-01,508.4442,USD,YAHOO
SPY,2024-04-02,505.2115,USD,YAHOO
SPY,2024-04-03,505.7664,USD,YAHOO
SPY,2024-04-04,499.593,USD,YAHOO
SPY,2024-04-05,504.8122,USD,YAHOO
SPY,2024-04-08,505.0945,USD,YAHOO
SPY,2024-04-09,505.6788,USD,YAHOO
SPY,2024-04-10,500.6154,USD,YAHOO
SPY,2024-04-11,504.3936,USD,YAHOO
SPY,2024-04-12,497.4314,USD,YAHOO
SPY,2024-04-15,491.1995,USD,YAHOO
SPY,2024-04-16,490.3036,USD,YAHOO
SPY,2024-04-17,487.4019,USD,YAHOO
SPY,2024-04-18,486.3989,USD,YAHOO
SPY,2024-04-19,482.1534,USD,YAHOO
SPY,2024-04-22,486.5937,USD,YAHOO
SPY,2024-04-23,492.3679,USD,YAHOO
SPY,2024-04-24,492.1342,USD,YAHOO
SPY,2024-04-25,490.2646,USD,YAHOO
SPY,2024-04-26,494.9094,USD,YAHOO
SPY,2024-04-29,496.6621,USD,YAHOO
SPY,2024-04-30,488.7943,USD,YAHOO
SPY,2024-05-01,487.2072,USD,YAHOO
SPY,2024-05-02,491.7642,USD,YAHOO
SPY,2024-05-03,497.8598,USD,YAHOO
SPY,2024-05-06,503.0011,USD,YAHOO
SPY,2024-05-07,503.5562,USD,YAHOO
SPY,2024-05-08,503.6048,USD,YAHOO
SPY,2024-05-09,506.5065,USD,YAHOO
SPY,2024-05-10,507.159,USD,YAHOO
SPY,2024-05-13,507.2271,USD,YAHOO
SPY,2024-05-14,509.5543,USD,YAHOO
SPY,2024-05-15,515.8641,USD,YAHOO
SPY,2024-05-16,514.8027,USD,YAHOO
SPY,2024-05-17,515.5427,USD,YAHOO
SPY,2024-05-20,516.1367,USD,YAHOO
SPY,2024-05-21,517.4026,USD,YAHOO
SPY,2024-05-22,515.9128,USD,YAHOO
SPY,2024-05-23,512.1444,USD,YAHOO
SPY,2024-05-24,515.5331,USD,YAHOO
SPY,2024-05-28,515.8934,USD,YAHOO
SPY,2024-05-29,512.2808,USD,YAHOO
SPY,2024-05-30,508.8824,USD,YAHOO
SPY,2024-05-31,513.5173,USD,YAHOO
SPY,2024-06-03,513.9361,USD,YAHOO
SPY,2024-06-04,514.5107,USD,YAHOO
SPY,2024-06-05,520.6255,USD,YAHOO
SPY,2024-06-06,520.6159,USD,YAHOO
SPY,2024-06-07,519.983,USD,YAHOO
SPY,2024-06-10,521.5895,USD,YAHOO
SPY,2024-06-11,522.8458,USD,YAHOO
SPY,2024-06-12,527.14,USD,YAHOO
SPY,2024-06-13,528.2012,USD,YAHOO
SPY,2024-06-14,528.5226,USD,YAHOO
SPY,2024-06-17,532.7291,USD,YAHOO
SPY,2024-06-18,534.0826,USD,YAHOO
SPY,2024-06-20,532.6317,USD,YAHOO
SPY,2024-06-21,531.9177,USD,YAHOO
SPY,2024-06-24,530.1886,USD,YAHOO
SPY,2024-06-25,532.2303,USD,YAHOO
SPY,2024-06-26,532.8946,USD,YAHOO
SPY,2024-06-27,533.7347,USD,YAHOO
SPY,2024-06-28,531.6344,USD,YAHOO
SPY,2024-07-01,532.7285,USD,YAHOO
SPY,2024-07-02,536.3137,USD,YAHOO
SPY,2024-07-03,538.707,USD,YAHOO
SPY,2024-07-05,541.8134,USD,YAHOO
SPY,2024-07-08,542.4387,USD,YAHOO
SPY,2024-07-09,542.9661,USD,YAHOO
SPY,2024-07-10,548.3389,USD,YAHOO
SPY,2024-07-11,543.6108,USD,YAHOO
SPY,2024-07-12,547.0397,USD,YAHOO
SPY,2024-07-15,548.5441,USD,YAHOO
SPY,2024-07-16,551.7971,USD,YAHOO
SPY,2024-07-17,544.0602,USD,YAHOO
SPY,2024-07-18,539.8792,USD,YAHOO
SPY,2024-07-19,536.2941,USD,YAHOO
SPY,2024-07-22,541.8232,USD,YAHOO
SPY,2024-07-23,540.9734,USD,YAHOO
SPY,2024-07-24,528.7135,USD,YAHOO
SPY,2024-07-25,525.9587,USD,YAHOO
SPY,2024-07-26,531.8492,USD,YAHOO
SPY,2024-07-29,532.162,USD,YAHOO
SPY,2024-07-30,529.4656,USD,YAHOO
SPY,2024-07-31,538.072,USD,YAHOO
SPY,2024-08-01,530.4524,USD,YAHOO
SPY,2024-08-02,520.5762,USD,YAHOO
SPY,2024-08-05,505.4151,USD,YAHOO
SPY,2024-08-06,510.0748,USD,YAHOO
SPY,2024-08-07,506.6654,USD,YAHOO
SPY,2024-08-08,518.3782,USD,YAHOO
SPY,2024-08-09,520.6641,USD,YAHOO
SPY,2024-08-12,520.9377,USD,YAHOO
SPY,2024-08-13,529.5048,USD,YAHOO
SPY,2024-08-14,531.1753,USD,YAHOO
SPY,2024-08-15,540.2797,USD,YAHOO
SPY,2024-08-16,541.491,USD,YAHOO
SPY,2024-08-19,546.6684,USD,YAHOO
SPY,2024-08-20,545.7796,USD,YAHOO
SPY,2024-08-21,547.6551,USD,YAHOO
SPY,2024-08-22,543.3569,USD,YAHOO
SPY,2024-08-23,549.1301,USD,YAHOO
SPY,2024-08-26,547.8212,USD,YAHOO
SPY,2024-08-27,548.5734,USD,YAHOO
SPY,2024-08-28,545.3888,USD,YAHOO
SPY,2024-08-29,545.4375,USD,YAHOO
SPY,2024-08-30,550.6444,USD,YAHOO
SPY,2024-09-03,539.3126,USD,YAHOO
SPY,2024-09-04,538.2087,USD,YAHOO
SPY,2024-09-05,536.8998,USD,YAHOO
SPY,2024-09-06,527.8636,USD,YAHOO
SPY,2024-09-09,533.7736,USD,YAHOO
SPY,2024-09-10,536.0987,USD,YAHOO
SPY,2024-09-11,541.5984,USD,YAHOO
SPY,2024-09-12,546.1605,USD,YAHOO
SPY,2024-09-13,549.0129,USD,YAHOO
SPY,2024-09-16,549.8239,USD,YAHOO
SPY,2024-09-17,550.0485,USD,YAHOO
SPY,2024-09-18,548.4172,USD,YAHOO
SPY,2024-09-19,557.7756,USD,YAHOO
SPY,2024-09-20,556.8113,USD,YAHOO
SPY,2024-09-23,558.2028,USD,YAHOO
SPY,2024-09-24,559.7999,USD,YAHOO
SPY,2024-09-25,558.5652,USD,YAHOO
SPY,2024-09-26,560.7799,USD,YAHOO
SPY,2024-09-27,559.9666,USD,YAHOO
SPY,2024-09-30,562.2104,USD,YAHOO
SPY,2024-10-01,557.1739,USD,YAHOO
SPY,2024-10-02,557.4091,USD,YAHOO
SPY,2024-10-03,556.39,USD,YAHOO
SPY,2024-10-04,561.4461,USD,YAHOO
SPY,2024-10-07,556.3704,USD,YAHOO
SPY,2024-10-08,561.6323,USD,YAHOO
SPY,2024-10-09,565.5225,USD,YAHOO
SPY,2024-10-10,564.5327,USD,YAHOO
SPY,2024-10-11,567.9133,USD,YAHOO
SPY,2024-10-14,572.5579,USD,YAHOO
SPY,2024-10-15,568.1093,USD,YAHOO
SPY,2024-10-16,570.5786,USD,YAHOO
SPY,2024-10-17,570.6275,USD,YAHOO
SPY,2024-10-18,572.8224,USD,YAHOO
SPY,2024-10-21,571.8817,USD,YAHOO
SPY,2024-10-22,571.5779,USD,YAHOO
SPY,2024-10-23,566.3553,USD,YAHOO
SPY,2024-10-24,567.5801,USD,YAHOO
SPY,2024-10-25,567.3841,USD,YAHOO
SPY,2024-10-28,569.1382,USD,YAHOO
SPY,2024-10-29,570.0593,USD,YAHOO
SPY,2024-10-30,568.3346,USD,YAHOO
SPY,2024-10-31,557.1936,USD,YAHOO
SPY,2024-11-01,559.5452,USD,YAHOO
SPY,2024-11-04,558.3399,USD,YAHOO
SPY,2024-11-05,565.0912,USD,YAHOO
SPY,2024-11-06,579.1426,USD,YAHOO
SPY,2024-11-07,583.6205,USD,YAHOO
SPY,2024-11-08,586.1486,USD,YAHOO
SPY,2024-11-11,586.7072,USD,YAHOO
SPY,2024-11-12,584.8847,USD,YAHOO
SPY,2024-11-13,585.1688,USD,YAHOO
SPY,2024-11-14,581.4061,USD,YAHOO
SPY,2024-11-15,573.9591,USD,YAHOO
SPY,2024-11-18,576.3108,USD,YAHOO
SPY,2024-11-19,578.4174,USD,YAHOO
SPY,2024-11-20,578.6135,USD,YAHOO
SPY,2024-11-21,581.7196,USD,YAHOO
SPY,2024-11-22,583.5226,USD,YAHOO
SPY,2024-11-25,585.502,USD,YAHOO
SPY,2024-11-26,588.5591,USD,YAHOO
SPY,2024-11-27,586.7758,USD,YAHOO
SPY,2024-11-29,590.4209,USD,YAHOO
SPY,2024-12-02,591.4792,USD,YAHOO
SPY,2024-12-03,591.7535,USD,YAHOO
SPY,2024-12-04,595.428,USD,YAHOO
SPY,2024-12-05,594.4481,USD,YAHOO
SPY,2024-12-06,595.575,USD,YAHOO
SPY,2024-12-09,592.508,USD,YAHOO
SPY,2024-12-10,590.6658,USD,YAHOO
SPY,2024-12-11,595.232,USD,YAHOO
SPY,2024-12-12,592.1651,USD,YAHOO
SPY,2024-12-13,592.0475,USD,YAHOO
SPY,2024-12-16,594.5755,USD,YAHOO
SPY,2024-12-17,592.1258,USD,YAHOO
SPY,2024-12-18,574.4785,USD,YAHOO
SPY,2024-12-19,574.302,USD,YAHOO
SPY,2024-12-20,581.2,USD,YAHOO
SPY,2024-12-23,584.6804,USD,YAHOO
SPY,2024-12-24,591.1791,USD,YAHOO
SPY,2024-12-26,591.2184,USD,YAHOO
SPY,2024-12-27,584.995,USD,YAHOO
SPY,2024-12-30,578.3192,USD,YAHOO
SPY,2024-12-31,576.2153,USD,YAHOO
SPY,2025-01-02,574.7996,USD,YAHOO
SPY,2025-01-03,581.9865,USD,YAHOO
SPY,2025-01-06,585.339,USD,YAHOO
SPY,2025-01-07,578.7224,USD,YAHOO
SPY,2025-01-08,579.5678,USD,YAHOO
SPY,2025-01-10,570.7194,USD,YAHOO
SPY,2025-01-13,571.6042,USD,YAHOO
SPY,2025-01-14,572.3908,USD,YAHOO
SPY,2025-01-15,582.8025,USD,YAHOO
SPY,2025-01-16,581.6818,USD,YAHOO
SPY,2025-01-17,587.5217,USD,YAHOO
SPY,2025-01-21,592.8996,USD,YAHOO
SPY,2025-01-22,596.2326,USD,YAHOO
SPY,2025-01-23,599.4868,USD,YAHOO
SPY,2025-01-24,597.7368,USD,YAHOO
SPY,2025-01-27,589.2816,USD,YAHOO
SPY,2025-01-28,594.3449,USD,YAHOO
SPY,2025-01-29,591.6805,USD,YAHOO
SPY,2025-01-30,594.8561,USD,YAHOO
SPY,2025-01-31,591.6904,USD,YAHOO
SPY,2025-02-03,587.7085,USD,YAHOO
SPY,2025-02-04,591.6511,USD,YAHOO
SPY,2025-02-05,594.0499,USD,YAHOO
SPY,2025-02-06,596.1146,USD,YAHOO
SPY,2025-02-07,590.658,USD,YAHOO
SPY,2025-02-10,594.6693,USD,YAHOO
SPY,2025-02-11,595.1216,USD,YAHOO
SPY,2025-02-12,593.2043,USD,YAHOO
SPY,2025-02-13,599.4672,USD,YAHOO
SPY,2025-02-14,599.4377,USD,YAHOO
SPY,2025-02-18,601.1976,USD,YAHOO
SPY,2025-02-19,602.6133,USD,YAHOO
SPY,2025-02-20,600.1062,USD,YAHOO
SPY,2025-02-21,589.842,USD,YAHOO
SPY,2025-02-24,587.158,USD,YAHOO
SPY,2025-02-25,584.2379,USD,YAHOO
SPY,2025-02-26,584.5329,USD,YAHOO
SPY,2025-02-27,575.2026,USD,YAHOO
SPY,2025-02-28,584.1789,USD,YAHOO
SPY,2025-03-03,573.9441,USD,YAHOO
SPY,2025-03-04,567.1505,USD,YAHOO
SPY,2025-03-05,573.246,USD,YAHOO
SPY,2025-03-06,563.0703,USD,YAHOO
SPY,2025-03-07,566.2263,USD,YAHOO
SPY,2025-03-10,551.1445,USD,YAHOO
SPY,2025-03-11,546.5629,USD,YAHOO
SPY,2025-03-12,549.4633,USD,YAHOO
SPY,2025-03-13,542.1387,USD,YAHOO
SPY,2025-03-14,553.337,USD,YAHOO
SPY,2025-03-17,557.6039,USD,YAHOO
SPY,2025-03-18,551.5771,USD,YAHOO
SPY,2025-03-19,557.5843,USD,YAHOO
SPY,2025-03-20,555.9718,USD,YAHOO
SPY,2025-03-21,556.1552,USD,YAHOO
SPY,2025-03-24,566.1152,USD,YAHOO
SPY,2025-03-25,567.476,USD,YAHOO
SPY,2025-03-26,560.7013,USD,YAHOO
SPY,2025-03-27,559.2123,USD,YAHOO
SPY,2025-03-28,547.9507,USD,YAHOO
SPY,2025-03-31,551.6289,USD,YAHOO
SPY,2025-04-01,553.187,USD,YAHOO
SPY,2025-04-02,556.6877,USD,YAHOO
SPY,2025-04-03,529.2537,USD,YAHOO
SPY,2025-04-04,498.2697,USD,YAHOO
SPY,2025-04-07,497.3822,USD,YAHOO
SPY,2025-04-08,489.5918,USD,YAHOO
SPY,2025-04-09,541.0084,USD,YAHOO
SPY,2025-04-10,517.3019,USD,YAHOO
SPY,2025-04-11,526.5321,USD,YAHOO
SPY,2025-04-14,531.6403,USD,YAHOO
SPY,2025-04-15,530.1511,USD,YAHOO
SPY,2025-04-16,518.3669,USD,YAHOO
SPY,2025-04-17,519.1065,USD,YAHOO
SPY,2025-04-21,506.7504,USD,YAHOO
SPY,2025-04-22,519.9349,USD,YAHOO
SPY,2025-04-23,527.9915,USD,YAHOO
SPY,2025-04-24,539.1052,USD,YAHOO
SPY,2025-04-25,543.0004,USD,YAHOO
SPY,2025-04-28,543.2074,USD,YAHOO
SPY,2025-04-29,546.6293,USD,YAHOO
SPY,2025-04-30,546.8462,USD,YAHOO
SPY,2025-05-01,550.7216,USD,YAHOO
SPY,2025-05-02,558.8967,USD,YAHOO
SPY,2025-05-05,555.6918,USD,YAHOO
SPY,2025-05-06,551.0471,USD,YAHOO
SPY,2025-05-07,553.3646,USD,YAHOO
SPY,2025-05-08,557.2202,USD,YAHOO
SPY,2025-05-09,556.5103,USD,YAHOO
SPY,2025-05-12,574.9015,USD,YAHOO
SPY,2025-05-13,578.6981,USD,YAHOO
SPY,2025-05-14,579.4377,USD,YAHOO
SPY,2025-05-15,582.2679,USD,YAHOO
SPY,2025-05-16,585.956,USD,YAHOO
SPY,2025-05-19,586.597,USD,YAHOO
SPY,2025-05-20,584.6247,USD,YAHOO
SPY,2025-05-21,574.7733,USD,YAHOO
SPY,2025-05-22,575.0001,USD,YAHOO
SPY,2025-05-23,571.0754,USD,YAHOO
SPY,2025-05-27,582.9483,USD,YAHOO
SPY,2025-05-28,579.5758,USD,YAHOO
SPY,2025-05-29,581.8635,USD,YAHOO
SPY,2025-05-30,581.2128,USD,YAHOO
SPY,2025-06-02,584.4867,USD,YAHOO
SPY,2025-06-03,587.8199,USD,YAHOO
SPY,2025-06-04,587.6619,USD,YAHOO
SPY,2025-06-05,584.8219,USD,YAHOO
SPY,2025-06-06,590.8276,USD,YAHOO
SPY,2025-06-09,591.3599,USD,YAHOO
SPY,2025-06-10,594.7128,USD,YAHOO
SPY,2025-06-11,593.0166,USD,YAHOO
SPY,2025-06-12,595.3735,USD,YAHOO
SPY,2025-06-13,588.7171,USD,YAHOO
SPY,2025-06-16,594.3184,USD,YAHOO
SPY,2025-06-17,589.2398,USD,YAHOO
SPY,2025-06-18,589.151,USD,YAHOO
SPY,2025-06-20,587.7674,USD,YAHOO
SPY,2025-06-23,593.573,USD,YAHOO
SPY,2025-06-24,600.1304,USD,YAHOO
SPY,2025-06-25,600.4667,USD,YAHOO
SPY,2025-06-26,605.1646,USD,YAHOO
SPY,2025-06-27,608.1713,USD,YAHOO
SPY,2025-06-30,611.0791,USD,YAHOO
SPY,2025-07-01,610.8813,USD,YAHOO
SPY,2025-07-02,613.6506,USD,YAHOO
SPY,2025-07-03,618.487,USD,YAHOO
SPY,2025-07-07,613.878,USD,YAHOO
SPY,2025-07-08,613.5418,USD,YAHOO
SPY,2025-07-09,617.221,USD,YAHOO
SPY,2025-07-10,618.9617,USD,YAHOO
SPY,2025-07-11,616.7858,USD,YAHOO
SPY,2025-07-14,617.9628,USD,YAHOO
SPY,2025-07-15,615.322,USD,YAHOO
SPY,2025-07-16,617.3793,USD,YAHOO
SPY,2025-07-17,621.1574,USD,YAHOO
SPY,2025-07-18,620.7024,USD,YAHOO
SPY,2025-07-21,621.8795,USD,YAHOO
SPY,2025-07-22,621.9684,USD,YAHOO
SPY,2025-07-23,627.2598,USD,YAHOO
SPY,2025-07-24,627.4674,USD,YAHOO
SPY,2025-07-25,630.1181,USD,YAHOO
SPY,2025-07-28,629.9599,USD,YAHOO
SPY,2025-07-29,628.2983,USD,YAHOO
SPY,2025-07-30,627.507,USD,YAHOO
SPY,2025-07-31,625.1531,USD,YAHOO
SPY,2025-08-01,614.9066,USD,YAHOO
SPY,2025-08-04,624.2531,USD,YAHOO
SPY,2025-08-05,621.0881,USD,YAHOO
SPY,2025-08-06,625.8455,USD,YAHOO
SPY,2025-08-07,625.3212,USD,YAHOO
SPY,2025-08-08,630.1972,USD,YAHOO
SPY,2025-08-11,628.951,USD,YAHOO
SPY,2025-08-12,635.6468,USD,YAHOO
SPY,2025-08-13,637.8228,USD,YAHOO
SPY,2025-08-14,637.8821,USD,YAHOO
SPY,2025-08-15,636.3887,USD,YAHOO
SPY,2025-08-18,636.2501,USD,YAHOO
SPY,2025-08-19,632.7984,USD,YAHOO
SPY,2025-08-20,631.1171,USD,YAHOO
SPY,2025-08-21,628.5851,USD,YAHOO
SPY,2025-08-22,638.2381,USD,YAHOO
SPY,2025-08-25,635.4292,USD,YAHOO
SPY,2025-08-26,638.0897,USD,YAHOO
SPY,2025-08-27,639.5437,USD,YAHOO
SPY,2025-08-28,641.8085,USD,YAHOO
SPY,2025-08-29,637.981,USD,YAHOO
SPY,2025-09-02,633.2534,USD,YAHOO
SPY,2025-09-03,636.6853,USD,YAHOO
SPY,2025-09-04,642.0063,USD,YAHOO
SPY,2025-09-05,640.1469,USD,YAHOO
SPY,2025-09-08,641.7195,USD,YAHOO
SPY,2025-09-09,643.2031,USD,YAHOO
SPY,2025-09-10,645.0624,USD,YAHOO
SPY,2025-09-11,650.4232,USD,YAHOO
SPY,2025-09-12,650.2055,USD,YAHOO
SPY,2025-09-15,653.6671,USD,YAHOO
SPY,2025-09-16,652.7671,USD,YAHOO
SPY,2025-09-17,651.9561,USD,YAHOO
SPY,2025-09-18,655.0024,USD,YAHOO
SPY,2025-09-19,658.2465,USD,YAHOO
SPY,2025-09-22,661.3607,USD,YAHOO
SPY,2025-09-23,657.7606,USD,YAHOO
SPY,2025-09-24,655.6678,USD,YAHOO
SPY,2025-09-25,652.6429,USD,YAHOO
SPY,2025-09-26,656.382,USD,YAHOO
SPY,2025-09-29,658.2267,USD,YAHOO
SPY,2025-09-30,660.7061,USD,YAHOO
SPY,2025-10-01,662.9575,USD,YAHOO
SPY,2025-10-02,663.7211,USD,YAHOO
SPY,2025-10-03,663.7113,USD,YAHOO
SPY,2025-10-06,666.0915,USD,YAHOO
SPY,2025-10-07,663.6219,USD,YAHOO
SPY,2025-10-08,667.5792,USD,YAHOO
SPY,2025-10-09,665.6452,USD,YAHOO
SPY,2025-10-10,647.6542,USD,YAHOO
SPY,2025-10-13,657.5919,USD,YAHOO
SPY,2025-10-14,656.7886,USD,YAHOO
SPY,2025-10-15,659.7044,USD,YAHOO
SPY,2025-10-16,655.2116,USD,YAHOO
SPY,2025-10-17,658.9308,USD,YAHOO
SPY,2025-10-20,665.7841,USD,YAHOO
SPY,2025-10-21,665.7741,USD,YAHOO
SPY,2025-10-22,662.3128,USD,YAHOO
SPY,2025-10-23,666.2403,USD,YAHOO
SPY,2025-10-24,671.6852,USD,YAHOO
SPY,2025-10-27,679.6096,USD,YAHOO
SPY,2025-10-28,681.4146,USD,YAHOO
SPY,2025-10-29,681.7419,USD,YAHOO
SPY,2025-10-30,674.244,USD,YAHOO
SPY,2025-10-31,676.4556,USD,YAHOO
SPY,2025-11-03,677.7251,USD,YAHOO
SPY,2025-11-04,669.6917,USD,YAHOO
SPY,2025-11-05,672.0125,USD,YAHOO
SPY,2025-11-06,664.8022,USD,YAHOO
SPY,2025-11-07,665.4567,USD,YAHOO
SPY,2025-11-10,675.8407,USD,YAHOO
SPY,2025-11-11,677.3879,USD,YAHOO
SPY,2025-11-12,677.7648,USD,YAHOO
SPY,2025-11-13,666.518,USD,YAHOO
SPY,2025-11-14,666.4088,USD,YAHOO
SPY,2025-11-17,660.2003,USD,YAHOO
SPY,2025-11-18,654.6562,USD,YAHOO
SPY,2025-11-19,657.1853,USD,YAHOO
SPY,2025-11-20,647.1683,USD,YAHOO
SPY,2025-11-21,653.6149,USD,YAHOO
SPY,2025-11-24,663.2352,USD,YAHOO
SPY,2025-11-25,669.4736,USD,YAHOO
SPY,2025-11-26,674.0952,USD,YAHOO
SPY,2025-11-28,677.7747,USD,YAHOO
SPY,2025-12-01,674.6804,USD,YAHOO
SPY,2025-12-02,675.93,USD,YAHOO
SPY,2025-12-03,678.2706,USD,YAHOO
SPY,2025-12-04,678.7665,USD,YAHOO
SPY,2025-12-05,680.0558,USD,YAHOO
SPY,2025-12-08,678.0127,USD,YAHOO
SPY,2025-12-09,677.4276,USD,YAHOO
SPY,2025-12-10,681.9204,USD,YAHOO
SPY,2025-12-11,683.5072,USD,YAHOO
SPY,2025-12-12,676.1581,USD,YAHOO
SPY,2025-12-15,675.1366,USD,YAHOO
SPY,2025-12-16,673.2919,USD,YAHOO
SPY,2025-12-17,665.8832,USD,YAHOO
SPY,2025-12-18,670.9116,USD,YAHOO
SPY,2025-12-19,676.9923,USD,YAHOO
SPY,2025-12-22,681.2099,USD,YAHOO
SPY,2025-12-23,684.3233,USD,YAHOO
SPY,2025-12-24,686.7305,USD,YAHOO
SPY,2025-12-26,686.6609,USD,YAHOO
SPY,2025-12-29,684.2139,USD,YAHOO
SPY,2025-12-30,683.3784,USD,YAHOO
SPY,2025-12-31,678.3152,USD,YAHOO
SPY,2026-01-02,679.5586,USD,YAHOO
SPY,2026-01-05,684.0845,USD,YAHOO
SPY,2026-01-06,688.153,USD,YAHOO
SPY,2026-01-07,685.9348,USD,YAHOO
SPY,2026-01-08,685.8651,USD,YAHOO
SPY,2026-01-09,690.401,USD,YAHOO
SPY,2026-01-12,691.4852,USD,YAHOO
SPY,2026-01-13,690.1026,USD,YAHOO
SPY,2026-01-14,686.7106,USD,YAHOO
SPY,2026-01-15,688.5807,USD,YAHOO
SPY,2026-01-16,688.0037,USD,YAHOO
SPY,2026-01-20,673.9982,USD,YAHOO
SPY,2026-01-21,681.7769,USD,YAHOO
SPY,2026-01-22,685.338,USD,YAHOO
SPY,2026-01-23,685.5865,USD,YAHOO
SPY,2026-01-26,689.0681,USD,YAHOO
SPY,2026-01-27,691.8135,USD,YAHOO
SPY,2026-01-28,691.7438,USD,YAHOO
SPY,2026-01-29,690.3712,USD,YAHOO
SPY,2026-01-30,688.3121,USD,YAHOO
SPY,2026-02-02,691.7339,USD,YAHOO
SPY,2026-02-03,685.885,USD,YAHOO
SPY,2026-02-04,682.5627,USD,YAHOO
SPY,2026-02-05,674.038,USD,YAHOO
SPY,2026-02-06,686.9692,USD,YAHOO
SPY,2026-02-09,690.2817,USD,YAHOO
SPY,2026-02-10,688.4613,USD,YAHOO
SPY,2026-02-11,688.3022,USD,YAHOO
SPY,2026-02-12,677.6687,USD,YAHOO
SPY,2026-02-13,678.1461,USD,YAHOO
SPY,2026-02-17,679.2403,USD,YAHOO
SPY,2026-02-18,682.6621,USD,YAHOO
SPY,2026-02-19,680.8616,USD,YAHOO
SPY,2026-02-20,685.7856,USD,YAHOO
SPY,2026-02-23,678.7828,USD,YAHOO
SPY,2026-02-24,683.7165,USD,YAHOO
SPY,2026-02-25,689.4859,USD,YAHOO
SPY,2026-02-26,685.6562,USD,YAHOO
SPY,2026-02-27,682.3637,USD,YAHOO
SPY,2026-03-02,682.7517,USD,YAHOO
SPY,2026-03-03,676.7337,USD,YAHOO
SPY,2026-03-04,681.5082,USD,YAHOO
SPY,2026-03-05,677.7085,USD,YAHOO
SPY,2026-03-06,668.8257,USD,YAHOO
SPY,2026-03-09,674.6846,USD,YAHOO
SPY,2026-03-10,673.6003,USD,YAHOO
SPY,2026-03-11,672.7548,USD,YAHOO
SPY,2026-03-12,662.5391,USD,YAHOO
SPY,2026-03-13,658.789,USD,YAHOO
SPY,2026-03-16,665.4934,USD,YAHOO
SPY,2026-03-17,667.244,USD,YAHOO
SPY,2026-03-18,657.9335,USD,YAHOO
SPY,2026-03-19,656.3122,USD,YAHOO
SPY,2026-03-20,646.9034,USD,YAHOO
SPY,2026-03-23,653.6959,USD,YAHOO
SPY,2026-03-24,651.5016,USD,YAHOO
SPY,2026-03-25,655.1322,USD,YAHOO
SPY,2026-03-26,643.4324,USD,YAHOO
SPY,2026-03-27,632.4606,USD,YAHOO
SPY,2026-03-30,630.3461,USD,YAHOO
SPY,2026-03-31,648.6689,USD,YAHOO
SPY,2026-04-01,653.5563,USD,YAHOO
SPY,2026-04-02,654.1448,USD,YAHOO
SPY,2026-04-06,657.2368,USD,YAHOO
SPY,2026-04-07,657.526,USD,YAHOO
SPY,2026-04-08,674.2729,USD,YAHOO
SPY,2026-04-09,678.1628,USD,YAHOO
SPY,2026-04-10,677.7141,USD,YAHOO
SPY,2026-04-13,684.337,USD,YAHOO
SPY,2026-04-14,692.6755,USD,YAHOO
SPY,2026-04-15,698.1414,USD,YAHOO
SPY,2026-04-16,699.857,USD,YAHOO
SPY,2026-04-17,708.3152,USD,YAHOO
SPY,2026-04-20,706.8988,USD,YAHOO
SPY,2026-04-21,702.2708,USD,YAHOO
SPY,2026-04-22,709.3825,USD,YAHOO
SPY,2026-04-23,706.6296,USD,YAHOO
SPY,2026-04-24,712.1055,USD,YAHOO
SPY,2026-04-27,713.3323,USD,YAHOO
SPY,2026-04-28,709.8612,USD,YAHOO
SPY,2026-04-29,709.7515,USD,YAHOO
SPY,2026-04-30,716.8133,USD,YAHOO
SPY,2026-05-01,718.7982,USD,YAHOO
SPY,2026-05-04,716.165,USD,YAHOO
SPY,2026-05-05,721.9102,USD,YAHOO
SPY,2026-05-06,731.9443,USD,YAHOO
SPY,2026-05-07,729.7001,USD,YAHOO
SPY,2026-05-08,735.7246,USD,YAHOO
SPY,2026-05-11,737.4003,USD,YAHOO
SPY,2026-05-12,736.2831,USD,YAHOO
SPY,2026-05-13,740.4025,USD,YAHOO
SPY,2026-05-14,746.2475,USD,YAHOO
SPY,2026-05-15,737.2706,USD,YAHOO
SPY,2026-05-18,736.752,USD,YAHOO
SPY,2026-05-19,731.8446,USD,YAHOO
SPY,2026-05-20,739.3453,USD,YAHOO
SPY,2026-05-21,740.8115,USD,YAHOO
SPY,2026-05-22,743.724,USD,YAHOO
SPY,2026-05-26,748.6613,USD,YAHOO
SPY,2026-05-27,748.5316,USD,YAHOO
SPY,2026-05-28,752.6609,USD,YAHOO
SPY,2026-05-29,754.5361,USD,YAHOO
SPY,2026-06-01,756.5908,USD,YAHOO
SPY,2026-06-02,757.6182,USD,YAHOO
SPY,2026-06-03,752.3019,USD,YAHOO
SPY,2026-06-04,755.1446,USD,YAHOO
SPY,2026-06-05,735.6548,USD,YAHOO
SPY,2026-06-08,737.3204,USD,YAHOO
SPY,2026-06-09,735.1561,USD,YAHOO
SPY,2026-06-10,723.5659,USD,YAHOO
SPY,2026-06-11,735.8643,USD,YAHOO
SPY,2026-06-12,739.844,USD,YAHOO
SPY,2026-06-15,752.8904,USD,YAHOO
SPY,2026-06-16,748.402,USD,YAHOO
SPY,2026-06-17,739.056,USD,YAHOO
SPY,2026-06-18,746.74,USD,YAHOO
SPY,2026-06-22,744.39,USD,YAHOO
SPY,2026-06-23,733.58,USD,YAHOO
SPY,2026-06-24,733.24,USD,YAHOO
SPY,2026-06-25,734.3,USD,YAHOO
SPY,2026-06-26,728.99,USD,YAHOO
SPY,2026-06-29,741.0,USD,YAHOO
SPY,2026-06-30,746.77,USD,YAHOO
SPY,2026-07-01,745.76,USD,YAHOO
SPY,2026-07-02,744.78,USD,YAHOO
SPY,2026-07-06,751.28,USD,YAHOO
SPY,2026-07-07,747.71,USD,YAHOO
SPY,2026-07-08,745.4,USD,YAHOO
SPY,2026-07-09,751.71,USD,YAHOO
SPY,2026-07-10,754.95,USD,YAHOO
SPY,2026-07-13,749.17,USD,YAHOO
SPY,2026-07-14,751.83,USD,YAHOO
SPY,2026-07-15,754.81,USD,YAHOO
SPY,2026-07-16,750.72,USD,YAHOO
SPY,2026-07-17,743.29,USD,YAHOO
SPY,2026-07-20,742.09,USD,YAHOO
SPY,2026-07-21,748.28,USD,YAHOO
SPY,2026-07-22,747.41,USD,YAHOO
SPY,2026-07-23,738.18,USD,YAHOO
SPY,2026-07-24,738.93,USD,YAHOO
SPY,2026-07-27,739.09,USD,YAHOO
SPY,2026-07-28,740.86,USD,YAHOO
SPY,2026-07-29,729.46,USD,YAHOO
SPY,2026-07-30,741.69,USD,YAHOO
SPY,2026-07-31,747.03,USD,YAHOO
SPY,2026-08-03,757.67,USD,YAHOO
SPY,2026-08-04,771.33,USD,YAHOO
SPY,2026-08-05,769.79,USD,YAHOO
SPY,2026-08-06,768.56,USD,YAHOO
SPY,2026-08-07,773.26,USD,YAHOO
SPY,2026-08-10,773.03,USD,YAHOO
SPY,2026-08-11,770.56,USD,YAHOO
SPY,2026-08-12,772.49,USD,YAHOO
SPY,2026-08-13,777.88,USD,YAHOO
SPY,2026-08-14,776.34,USD,YAHOO
SPY,2026-08-17,772.67,USD,YAHOO
SPY,2026-08-18,767.45,USD,YAHOO
SPY,2026-08-19,769.06,USD,YAHOO
SPY,2026-08-20,762.6,USD,YAHOO
SPY,2026-08-21,765.72,USD,YAHOO
SPY,2026-08-24,763.47,USD,YAHOO
SPY,2026-08-25,765.91,USD,YAHOO
SPY,2026-08-26,766.08,USD,YAHOO
SPY,2026-08-27,771.1,USD,YAHOO
SPY,2026-08-28,769.35,USD,YAHOO
SPY,2026-08-31,767.05,USD,YAHOO
SPY,2026-09-01,761.78,USD,YAHOO
SPY,2026-09-02,765.16,USD,YAHOO
SPY,2026-09-03,773.17,USD,YAHOO
SPY,2026-09-04,770.19,USD,YAHOO
SPY,2026-09-08,765.96,USD,YAHOO
SPY,2026-09-09,762.4,USD,YAHOO
SPY,2026-09-10,757.83,USD,YAHOO
SPY,2026-09-11,764.29,USD,YAHOO
TLT,2023-09-14,82.3723,USD,YAHOO
TLT,2023-09-15,81.8703,USD,YAHOO
TLT,2023-09-18,82.337,USD,YAHOO
TLT,2023-09-19,81.7293,USD,YAHOO
TLT,2023-09-20,81.9848,USD,YAHOO
TLT,2023-09-21,79.8799,USD,YAHOO
TLT,2023-09-22,80.5228,USD,YAHOO
TLT,2023-09-25,78.5412,USD,YAHOO
TLT,2023-09-26,78.2682,USD,YAHOO
TLT,2023-09-27,77.8631,USD,YAHOO
TLT,2023-09-28,78.1009,USD,YAHOO
TLT,2023-09-29,78.1097,USD,YAHOO
TLT,2023-10-02,76.8021,USD,YAHOO
TLT,2023-10-03,75.15,USD,YAHOO
TLT,2023-10-04,76.2102,USD,YAHOO
TLT,2023-10-05,75.8303,USD,YAHOO
TLT,2023-10-06,74.9114,USD,YAHOO
TLT,2023-10-09,76.6696,USD,YAHOO
TLT,2023-10-10,76.5636,USD,YAHOO
TLT,2023-10-11,78.1627,USD,YAHOO
TLT,2023-10-12,76.0423,USD,YAHOO
TLT,2023-10-13,77.4029,USD,YAHOO
TLT,2023-10-16,76.1572,USD,YAHOO
TLT,2023-10-17,75.3178,USD,YAHOO
TLT,2023-10-18,74.6552,USD,YAHOO
TLT,2023-10-19,73.1268,USD,YAHOO
TLT,2023-10-20,73.542,USD,YAHOO
TLT,2023-10-23,74.4255,USD,YAHOO
TLT,2023-10-24,75.4062,USD,YAHOO
TLT,2023-10-25,73.7275,USD,YAHOO
TLT,2023-10-26,74.8584,USD,YAHOO
TLT,2023-10-27,74.5404,USD,YAHOO
TLT,2023-10-30,74.2046,USD,YAHOO
TLT,2023-10-31,73.8424,USD,YAHOO
TLT,2023-11-01,75.4435,USD,YAHOO
TLT,2023-11-02,77.1633,USD,YAHOO
TLT,2023-11-03,77.6864,USD,YAHOO
TLT,2023-11-06,76.9328,USD,YAHOO
TLT,2023-11-07,78.0676,USD,YAHOO
TLT,2023-11-08,79.3974,USD,YAHOO
TLT,2023-11-09,77.5712,USD,YAHOO
TLT,2023-11-10,78.0055,USD,YAHOO
TLT,2023-11-13,77.8282,USD,YAHOO
TLT,2023-11-14,79.5924,USD,YAHOO
TLT,2023-11-15,78.4754,USD,YAHOO
TLT,2023-11-16,79.4506,USD,YAHOO
TLT,2023-11-17,79.8229,USD,YAHOO
TLT,2023-11-20,80.3105,USD,YAHOO
TLT,2023-11-21,80.275,USD,YAHOO
TLT,2023-11-22,80.5587,USD,YAHOO
TLT,2023-11-24,79.6101,USD,YAHOO
TLT,2023-11-27,80.9399,USD,YAHOO
TLT,2023-11-28,81.0995,USD,YAHOO
TLT,2023-11-29,82.119,USD,YAHOO
TLT,2023-11-30,81.1704,USD,YAHOO
TLT,2023-12-01,82.6992,USD,YAHOO
TLT,2023-12-04,82.3702,USD,YAHOO
TLT,2023-12-05,84.1399,USD,YAHOO
TLT,2023-12-06,85.2605,USD,YAHOO
TLT,2023-12-07,84.7713,USD,YAHOO
TLT,2023-12-08,84.0777,USD,YAHOO
TLT,2023-12-11,83.8998,USD,YAHOO
TLT,2023-12-12,84.1488,USD,YAHOO
TLT,2023-12-13,86.1231,USD,YAHOO
TLT,2023-12-14,88.3634,USD,YAHOO
TLT,2023-12-15,88.4616,USD,YAHOO
TLT,2023-12-18,87.7568,USD,YAHOO
TLT,2023-12-19,88.2296,USD,YAHOO
TLT,2023-12-20,88.8274,USD,YAHOO
TLT,2023-12-21,88.2653,USD,YAHOO
TLT,2023-12-22,87.8638,USD,YAHOO
TLT,2023-12-26,88.1136,USD,YAHOO
TLT,2023-12-27,89.675,USD,YAHOO
TLT,2023-12-28,89.0237,USD,YAHOO
TLT,2023-12-29,88.2207,USD,YAHOO
TLT,2024-01-02,87.7121,USD,YAHOO
TLT,2024-01-03,88.0779,USD,YAHOO
TLT,2024-01-04,86.7397,USD,YAHOO
TLT,2024-01-05,85.9099,USD,YAHOO
TLT,2024-01-08,86.7575,USD,YAHOO
TLT,2024-01-09,86.2043,USD,YAHOO
TLT,2024-01-10,85.8028,USD,YAHOO
TLT,2024-01-11,86.2846,USD,YAHOO
TLT,2024-01-12,86.1151,USD,YAHOO
TLT,2024-01-16,84.5984,USD,YAHOO
TLT,2024-01-17,84.4645,USD,YAHOO
TLT,2024-01-18,83.6794,USD,YAHOO
TLT,2024-01-19,83.9471,USD,YAHOO
TLT,2024-01-22,84.4467,USD,YAHOO
TLT,2024-01-23,83.7775,USD,YAHOO
TLT,2024-01-24,83.2868,USD,YAHOO
TLT,2024-01-25,83.8311,USD,YAHOO
TLT,2024-01-26,83.6705,USD,YAHOO
TLT,2024-01-29,84.6341,USD,YAHOO
TLT,2024-01-30,85.4013,USD,YAHOO
TLT,2024-01-31,86.24,USD,YAHOO
TLT,2024-02-01,87.9317,USD,YAHOO
TLT,2024-02-02,85.9894,USD,YAHOO
TLT,2024-02-05,84.2529,USD,YAHOO
TLT,2024-02-06,85.0764,USD,YAHOO
TLT,2024-02-07,84.6647,USD,YAHOO
TLT,2024-02-08,84.1724,USD,YAHOO
TLT,2024-02-09,84.0023,USD,YAHOO
TLT,2024-02-12,84.1008,USD,YAHOO
TLT,2024-02-13,82.6597,USD,YAHOO
TLT,2024-02-14,83.0804,USD,YAHOO
TLT,2024-02-15,83.5101,USD,YAHOO
TLT,2024-02-16,83.0267,USD,YAHOO
TLT,2024-02-20,83.0983,USD,YAHOO
TLT,2024-02-21,82.5076,USD,YAHOO
TLT,2024-02-22,82.9104,USD,YAHOO
TLT,2024-02-23,84.0202,USD,YAHOO
TLT,2024-02-26,83.7696,USD,YAHOO
TLT,2024-02-27,83.1789,USD,YAHOO
TLT,2024-02-28,83.707,USD,YAHOO
TLT,2024-02-29,84.2977,USD,YAHOO
TLT,2024-03-01,84.823,USD,YAHOO
TLT,2024-03-04,84.4818,USD,YAHOO
TLT,2024-03-05,85.6849,USD,YAHOO
TLT,2024-03-06,86.1878,USD,YAHOO
TLT,2024-03-07,86.107,USD,YAHOO
TLT,2024-03-08,85.9543,USD,YAHOO
TLT,2024-03-11,85.9094,USD,YAHOO
TLT,2024-03-12,85.1911,USD,YAHOO
TLT,2024-03-13,84.7781,USD,YAHOO
TLT,2024-03-14,83.4762,USD,YAHOO
TLT,2024-03-15,83.4492,USD,YAHOO
TLT,2024-03-18,83.1978,USD,YAHOO
TLT,2024-03-19,83.4313,USD,YAHOO
TLT,2024-03-20,83.4043,USD,YAHOO
TLT,2024-03-21,83.5839,USD,YAHOO
TLT,2024-03-22,84.383,USD,YAHOO
TLT,2024-03-25,83.961,USD,YAHOO
TLT,2024-03-26,84.1944,USD,YAHOO
TLT,2024-03-27,85.0295,USD,YAHOO
TLT,2024-03-28,84.9577,USD,YAHOO
TLT,2024-04-01,83.374,USD,YAHOO
TLT,2024-04-02,82.9145,USD,YAHOO
TLT,2024-04-03,82.8965,USD,YAHOO
TLT,2024-04-04,83.4911,USD,YAHOO
TLT,2024-04-05,82.329,USD,YAHOO
TLT,2024-04-08,82.32,USD,YAHOO
TLT,2024-04-09,83.0857,USD,YAHOO
TLT,2024-04-10,81.275,USD,YAHOO
TLT,2024-04-11,80.9056,USD,YAHOO
TLT,2024-04-12,81.338,USD,YAHOO
TLT,2024-04-15,80.0768,USD,YAHOO
TLT,2024-04-16,79.5453,USD,YAHOO
TLT,2024-04-17,80.4282,USD,YAHOO
TLT,2024-04-18,80.0228,USD,YAHOO
TLT,2024-04-19,80.3111,USD,YAHOO
TLT,2024-04-22,80.1759,USD,YAHOO
TLT,2024-04-23,80.2029,USD,YAHOO
TLT,2024-04-24,79.6354,USD,YAHOO
TLT,2024-04-25,79.0769,USD,YAHOO
TLT,2024-04-26,79.4913,USD,YAHOO
TLT,2024-04-29,80.1579,USD,YAHOO
TLT,2024-04-30,79.4733,USD,YAHOO
TLT,2024-05-01,80.059,USD,YAHOO
TLT,2024-05-02,80.4026,USD,YAHOO
TLT,2024-05-03,81.2162,USD,YAHOO
TLT,2024-05-06,81.5326,USD,YAHOO
TLT,2024-05-07,82.0298,USD,YAHOO
TLT,2024-05-08,81.5326,USD,YAHOO
TLT,2024-05-09,81.9304,USD,YAHOO
TLT,2024-05-10,81.4693,USD,YAHOO
TLT,2024-05-13,81.6772,USD,YAHOO
TLT,2024-05-14,82.1383,USD,YAHOO
TLT,2024-05-15,83.2593,USD,YAHOO
TLT,2024-05-16,83.1779,USD,YAHOO
TLT,2024-05-17,82.6174,USD,YAHOO
TLT,2024-05-20,82.3733,USD,YAHOO
TLT,2024-05-21,82.7982,USD,YAHOO
TLT,2024-05-22,82.8976,USD,YAHOO
TLT,2024-05-23,82.3643,USD,YAHOO
TLT,2024-05-24,82.6084,USD,YAHOO
TLT,2024-05-28,81.4241,USD,YAHOO
TLT,2024-05-29,80.4388,USD,YAHOO
TLT,2024-05-30,81.2162,USD,YAHOO
TLT,2024-05-31,81.7676,USD,YAHOO
TLT,2024-06-03,83.0902,USD,YAHOO
TLT,2024-06-04,84.0608,USD,YAHOO
TLT,2024-06-05,84.6776,USD,YAHOO
TLT,2024-06-06,84.5506,USD,YAHOO
TLT,2024-06-07,82.9995,USD,YAHOO
TLT,2024-06-10,82.4462,USD,YAHOO
TLT,2024-06-11,83.2988,USD,YAHOO
TLT,2024-06-12,83.9247,USD,YAHOO
TLT,2024-06-13,85.1584,USD,YAHOO
TLT,2024-06-14,85.875,USD,YAHOO
TLT,2024-06-17,85.0223,USD,YAHOO
TLT,2024-06-18,85.8024,USD,YAHOO
TLT,2024-06-20,85.2309,USD,YAHOO
TLT,2024-06-21,85.2309,USD,YAHOO
TLT,2024-06-24,85.5756,USD,YAHOO
TLT,2024-06-25,85.7208,USD,YAHOO
TLT,2024-06-26,84.4962,USD,YAHOO
TLT,2024-06-27,84.8318,USD,YAHOO
TLT,2024-06-28,83.2535,USD,YAHOO
TLT,2024-07-01,81.8166,USD,YAHOO
TLT,2024-07-02,82.4536,USD,YAHOO
TLT,2024-07-03,83.5365,USD,YAHOO
TLT,2024-07-05,84.228,USD,YAHOO
TLT,2024-07-08,84.41,USD,YAHOO
TLT,2024-07-09,84.037,USD,YAHOO
TLT,2024-07-10,84.3008,USD,YAHOO
TLT,2024-07-11,85.1199,USD,YAHOO
TLT,2024-07-12,85.4839,USD,YAHOO
TLT,2024-07-15,84.5011,USD,YAHOO
TLT,2024-07-16,85.6931,USD,YAHOO
TLT,2024-07-17,85.7113,USD,YAHOO
TLT,2024-07-18,85.0561,USD,YAHOO
TLT,2024-07-19,84.5556,USD,YAHOO
TLT,2024-07-22,84.31,USD,YAHOO
TLT,2024-07-23,84.1917,USD,YAHOO
TLT,2024-07-24,83.2817,USD,YAHOO
TLT,2024-07-25,83.9642,USD,YAHOO
TLT,2024-07-26,84.6193,USD,YAHOO
TLT,2024-07-29,85.0743,USD,YAHOO
TLT,2024-07-30,85.4019,USD,YAHOO
TLT,2024-07-31,86.2755,USD,YAHOO
TLT,2024-08-01,87.0196,USD,YAHOO
TLT,2024-08-02,89.7313,USD,YAHOO
TLT,2024-08-05,90.206,USD,YAHOO
TLT,2024-08-06,88.1883,USD,YAHOO
TLT,2024-08-07,87.5674,USD,YAHOO
TLT,2024-08-08,87.0288,USD,YAHOO
TLT,2024-08-09,87.887,USD,YAHOO
TLT,2024-08-12,88.2066,USD,YAHOO
TLT,2024-08-13,88.8183,USD,YAHOO
TLT,2024-08-14,89.3752,USD,YAHOO
TLT,2024-08-15,88.6539,USD,YAHOO
TLT,2024-08-16,88.9644,USD,YAHOO
TLT,2024-08-19,89.3752,USD,YAHOO
TLT,2024-08-20,90.0874,USD,YAHOO
TLT,2024-08-21,90.1421,USD,YAHOO
TLT,2024-08-22,89.2474,USD,YAHOO
TLT,2024-08-23,89.8317,USD,YAHOO
TLT,2024-08-26,89.6035,USD,YAHOO
TLT,2024-08-27,89.4482,USD,YAHOO
TLT,2024-08-28,89.3387,USD,YAHOO
TLT,2024-08-29,89.0465,USD,YAHOO
TLT,2024-08-30,88.097,USD,YAHOO
TLT,2024-09-03,89.5379,USD,YAHOO
TLT,2024-09-04,90.692,USD,YAHOO
TLT,2024-09-05,91.2049,USD,YAHOO
TLT,2024-09-06,91.1958,USD,YAHOO
TLT,2024-09-09,91.5897,USD,YAHOO
TLT,2024-09-10,92.2308,USD,YAHOO
TLT,2024-09-11,92.1576,USD,YAHOO
TLT,2024-09-12,91.727,USD,YAHOO
TLT,2024-09-13,91.9743,USD,YAHOO
TLT,2024-09-16,92.8171,USD,YAHOO
TLT,2024-09-17,92.3682,USD,YAHOO
TLT,2024-09-18,91.2232,USD,YAHOO
TLT,2024-09-19,90.921,USD,YAHOO
TLT,2024-09-20,90.5729,USD,YAHOO
TLT,2024-09-23,90.3806,USD,YAHOO
TLT,2024-09-24,90.3622,USD,YAHOO
TLT,2024-09-25,89.6111,USD,YAHOO
TLT,2024-09-26,89.8218,USD,YAHOO
TLT,2024-09-27,90.289,USD,YAHOO
TLT,2024-09-30,89.8584,USD,YAHOO
TLT,2024-10-01,90.5072,USD,YAHOO
TLT,2024-10-02,89.7445,USD,YAHOO
TLT,2024-10-03,88.899,USD,YAHOO
TLT,2024-10-04,87.8055,USD,YAHOO
TLT,2024-10-07,87.1439,USD,YAHOO
TLT,2024-10-08,87.2909,USD,YAHOO
TLT,2024-10-09,86.7947,USD,YAHOO
TLT,2024-10-10,86.4547,USD,YAHOO
TLT,2024-10-11,86.1055,USD,YAHOO
TLT,2024-10-14,86.1698,USD,YAHOO
TLT,2024-10-15,87.2174,USD,YAHOO
TLT,2024-10-16,87.585,USD,YAHOO
TLT,2024-10-17,86.1973,USD,YAHOO
TLT,2024-10-18,86.2617,USD,YAHOO
TLT,2024-10-21,84.7546,USD,YAHOO
TLT,2024-10-22,84.8373,USD,YAHOO
TLT,2024-10-23,84.6076,USD,YAHOO
TLT,2024-10-24,85.1497,USD,YAHOO
TLT,2024-10-25,84.6719,USD,YAHOO
TLT,2024-10-28,84.4422,USD,YAHOO
TLT,2024-10-29,84.5708,USD,YAHOO
TLT,2024-10-30,84.8189,USD,YAHOO
TLT,2024-10-31,84.9568,USD,YAHOO
TLT,2024-11-01,83.759,USD,YAHOO
TLT,2024-11-04,85.0591,USD,YAHOO
TLT,2024-11-05,85.5109,USD,YAHOO
TLT,2024-11-06,83.1689,USD,YAHOO
TLT,2024-11-07,84.2108,USD,YAHOO
TLT,2024-11-08,85.2804,USD,YAHOO
TLT,2024-11-11,84.8655,USD,YAHOO
TLT,2024-11-12,83.5931,USD,YAHOO
TLT,2024-11-13,82.8001,USD,YAHOO
TLT,2024-11-14,83.2795,USD,YAHOO
TLT,2024-11-15,83.0583,USD,YAHOO
TLT,2024-11-18,83.2058,USD,YAHOO
TLT,2024-11-19,83.6299,USD,YAHOO
TLT,2024-11-20,83.3625,USD,YAHOO
TLT,2024-11-21,83.298,USD,YAHOO
TLT,2024-11-22,83.3441,USD,YAHOO
TLT,2024-11-25,85.5017,USD,YAHOO
TLT,2024-11-26,85.1697,USD,YAHOO
TLT,2024-11-27,85.7599,USD,YAHOO
TLT,2024-11-29,86.645,USD,YAHOO
TLT,2024-12-02,86.8532,USD,YAHOO
TLT,2024-12-03,86.1038,USD,YAHOO
TLT,2024-12-04,87.029,USD,YAHOO
TLT,2024-12-05,87.2048,USD,YAHOO
TLT,2024-12-06,87.3344,USD,YAHOO
TLT,2024-12-09,86.5294,USD,YAHOO
TLT,2024-12-10,86.1223,USD,YAHOO
TLT,2024-12-11,85.308,USD,YAHOO
TLT,2024-12-12,84.2718,USD,YAHOO
TLT,2024-12-13,83.4113,USD,YAHOO
TLT,2024-12-16,83.6611,USD,YAHOO
TLT,2024-12-17,83.8647,USD,YAHOO
TLT,2024-12-18,82.816,USD,YAHOO
TLT,2024-12-19,81.562,USD,YAHOO
TLT,2024-12-20,82.0265,USD,YAHOO
TLT,2024-12-23,81.2741,USD,YAHOO
TLT,2024-12-24,81.6178,USD,YAHOO
TLT,2024-12-26,81.5713,USD,YAHOO
TLT,2024-12-27,80.9026,USD,YAHOO
TLT,2024-12-30,81.5528,USD,YAHOO
TLT,2024-12-31,81.1162,USD,YAHOO
TLT,2025-01-02,81.3391,USD,YAHOO
TLT,2025-01-03,81.079,USD,YAHOO
TLT,2025-01-06,80.7168,USD,YAHOO
TLT,2025-01-07,79.8065,USD,YAHOO
TLT,2025-01-08,79.9087,USD,YAHOO
TLT,2025-01-10,79.3793,USD,YAHOO
TLT,2025-01-13,79.3514,USD,YAHOO
TLT,2025-01-14,79.2213,USD,YAHOO
TLT,2025-01-15,80.5868,USD,YAHOO
TLT,2025-01-16,80.8468,USD,YAHOO
TLT,2025-01-17,80.9862,USD,YAHOO
TLT,2025-01-21,81.7107,USD,YAHOO
TLT,2025-01-22,81.2834,USD,YAHOO
TLT,2025-01-23,80.6518,USD,YAHOO
TLT,2025-01-24,81.014,USD,YAHOO
TLT,2025-01-27,81.9707,USD,YAHOO
TLT,2025-01-28,81.915,USD,YAHOO
TLT,2025-01-29,81.7478,USD,YAHOO
TLT,2025-01-30,82.0543,USD,YAHOO
TLT,2025-01-31,81.5156,USD,YAHOO
TLT,2025-02-03,82.1793,USD,YAHOO
TLT,2025-02-04,82.431,USD,YAHOO
TLT,2025-02-05,83.7919,USD,YAHOO
TLT,2025-02-06,83.7547,USD,YAHOO
TLT,2025-02-07,83.214,USD,YAHOO
TLT,2025-02-10,82.9623,USD,YAHOO
TLT,2025-02-11,82.431,USD,YAHOO
TLT,2025-02-12,81.3124,USD,YAHOO
TLT,2025-02-13,82.664,USD,YAHOO
TLT,2025-02-14,83.1021,USD,YAHOO
TLT,2025-02-18,82.1234,USD,YAHOO
TLT,2025-02-19,82.2259,USD,YAHOO
TLT,2025-02-20,82.5335,USD,YAHOO
TLT,2025-02-21,83.5309,USD,YAHOO
TLT,2025-02-24,83.7733,USD,YAHOO
TLT,2025-02-25,85.2181,USD,YAHOO
TLT,2025-02-26,85.7215,USD,YAHOO
TLT,2025-02-27,85.1156,USD,YAHOO
TLT,2025-02-28,86.1596,USD,YAHOO
TLT,2025-03-03,86.5617,USD,YAHOO
TLT,2025-03-04,85.4957,USD,YAHOO
TLT,2025-03-05,84.8131,USD,YAHOO
TLT,2025-03-06,84.5325,USD,YAHOO
TLT,2025-03-07,84.2614,USD,YAHOO
TLT,2025-03-10,85.1404,USD,YAHOO
TLT,2025-03-11,84.5325,USD,YAHOO
TLT,2025-03-12,84.0276,USD,YAHOO
TLT,2025-03-13,84.7663,USD,YAHOO
TLT,2025-03-14,84.3175,USD,YAHOO
TLT,2025-03-17,84.7383,USD,YAHOO
TLT,2025-03-18,84.8224,USD,YAHOO
TLT,2025-03-19,85.2619,USD,YAHOO
TLT,2025-03-20,85.318,USD,YAHOO
TLT,2025-03-21,84.8131,USD,YAHOO
TLT,2025-03-24,83.9435,USD,YAHOO
TLT,2025-03-25,83.9341,USD,YAHOO
TLT,2025-03-26,83.3824,USD,YAHOO
TLT,2025-03-27,83.1393,USD,YAHOO
TLT,2025-03-28,84.2894,USD,YAHOO
TLT,2025-03-31,85.1217,USD,YAHOO
TLT,2025-04-01,85.8593,USD,YAHOO
TLT,2025-04-02,85.803,USD,YAHOO
TLT,2025-04-03,86.1972,USD,YAHOO
TLT,2025-04-04,87.1356,USD,YAHOO
TLT,2025-04-07,84.5079,USD,YAHOO
TLT,2025-04-08,82.9126,USD,YAHOO
TLT,2025-04-09,83.4005,USD,YAHOO
TLT,2025-04-10,81.1013,USD,YAHOO
TLT,2025-04-11,81.5424,USD,YAHOO
TLT,2025-04-14,82.1243,USD,YAHOO
TLT,2025-04-15,82.4152,USD,YAHOO
TLT,2025-04-16,82.875,USD,YAHOO
TLT,2025-04-17,82.143,USD,YAHOO
TLT,2025-04-21,80.7072,USD,YAHOO
TLT,2025-04-22,81.1576,USD,YAHOO
TLT,2025-04-23,81.9459,USD,YAHOO
TLT,2025-04-24,82.8093,USD,YAHOO
TLT,2025-04-25,83.4193,USD,YAHOO
TLT,2025-04-28,83.9448,USD,YAHOO
TLT,2025-04-29,84.6487,USD,YAHOO
TLT,2025-04-30,83.9636,USD,YAHOO
TLT,2025-05-01,83.5379,USD,YAHOO
TLT,2025-05-02,82.6337,USD,YAHOO
TLT,2025-05-05,82.1721,USD,YAHOO
TLT,2025-05-06,82.4453,USD,YAHOO
TLT,2025-05-07,82.7938,USD,YAHOO
TLT,2025-05-08,81.8707,USD,YAHOO
TLT,2025-05-09,81.9931,USD,YAHOO
TLT,2025-05-12,81.2302,USD,YAHOO
TLT,2025-05-13,80.9005,USD,YAHOO
TLT,2025-05-14,80.3637,USD,YAHOO
TLT,2025-05-15,81.0701,USD,YAHOO
TLT,2025-05-16,81.2867,USD,YAHOO
TLT,2025-05-19,81.0512,USD,YAHOO
TLT,2025-05-20,80.4673,USD,YAHOO
TLT,2025-05-21,79.0921,USD,YAHOO
TLT,2025-05-22,79.5065,USD,YAHOO
TLT,2025-05-23,79.6384,USD,YAHOO
TLT,2025-05-27,80.7498,USD,YAHOO
TLT,2025-05-28,80.4013,USD,YAHOO
TLT,2025-05-29,81.1454,USD,YAHOO
TLT,2025-05-30,81.2679,USD,YAHOO
TLT,2025-06-02,80.5116,USD,YAHOO
TLT,2025-06-03,80.3697,USD,YAHOO
TLT,2025-06-04,81.6744,USD,YAHOO
TLT,2025-06-05,81.7311,USD,YAHOO
TLT,2025-06-06,80.6912,USD,YAHOO
TLT,2025-06-09,80.7763,USD,YAHOO
TLT,2025-06-10,81.1922,USD,YAHOO
TLT,2025-06-11,81.4381,USD,YAHOO
TLT,2025-06-12,82.4118,USD,YAHOO
TLT,2025-06-13,81.6177,USD,YAHOO
TLT,2025-06-16,80.7952,USD,YAHOO
TLT,2025-06-17,81.7784,USD,YAHOO
TLT,2025-06-18,81.9202,USD,YAHOO
TLT,2025-06-20,81.7689,USD,YAHOO
TLT,2025-06-23,82.0337,USD,YAHOO
TLT,2025-06-24,82.6293,USD,YAHOO
TLT,2025-06-25,82.7333,USD,YAHOO
TLT,2025-06-26,83.1493,USD,YAHOO
TLT,2025-06-27,82.6198,USD,YAHOO
TLT,2025-06-30,83.4329,USD,YAHOO
TLT,2025-07-01,83.6397,USD,YAHOO
TLT,2025-07-02,83.1084,USD,YAHOO
TLT,2025-07-03,82.5295,USD,YAHOO
TLT,2025-07-07,81.7419,USD,YAHOO
TLT,2025-07-08,81.6375,USD,YAHOO
TLT,2025-07-09,82.4915,USD,YAHOO
TLT,2025-07-10,82.5485,USD,YAHOO
TLT,2025-07-11,81.4097,USD,YAHOO
TLT,2025-07-14,81.2389,USD,YAHOO
TLT,2025-07-15,80.6696,USD,YAHOO
TLT,2025-07-16,80.7834,USD,YAHOO
TLT,2025-07-17,80.7645,USD,YAHOO
TLT,2025-07-18,80.8878,USD,YAHOO
TLT,2025-07-21,81.609,USD,YAHOO
TLT,2025-07-22,82.1024,USD,YAHOO
TLT,2025-07-23,81.647,USD,YAHOO
TLT,2025-07-24,81.5046,USD,YAHOO
TLT,2025-07-25,82.0171,USD,YAHOO
TLT,2025-07-28,81.4856,USD,YAHOO
TLT,2025-07-29,82.8616,USD,YAHOO
TLT,2025-07-30,82.4346,USD,YAHOO
TLT,2025-07-31,82.482,USD,YAHOO
TLT,2025-08-01,83.6546,USD,YAHOO
TLT,2025-08-04,83.8833,USD,YAHOO
TLT,2025-08-05,84.1405,USD,YAHOO
TLT,2025-08-06,83.6546,USD,YAHOO
TLT,2025-08-07,83.5118,USD,YAHOO
TLT,2025-08-08,83.1498,USD,YAHOO
TLT,2025-08-11,83.2451,USD,YAHOO
TLT,2025-08-12,82.8259,USD,YAHOO
TLT,2025-08-13,83.5118,USD,YAHOO
TLT,2025-08-14,82.8926,USD,YAHOO
TLT,2025-08-15,82.302,USD,YAHOO
TLT,2025-08-18,82.0639,USD,YAHOO
TLT,2025-08-19,82.5402,USD,YAHOO
TLT,2025-08-20,82.7211,USD,YAHOO
TLT,2025-08-21,82.3115,USD,YAHOO
TLT,2025-08-22,82.9212,USD,YAHOO
TLT,2025-08-25,82.683,USD,YAHOO
TLT,2025-08-26,82.6354,USD,YAHOO
TLT,2025-08-27,82.5402,USD,YAHOO
TLT,2025-08-28,83.0831,USD,YAHOO
TLT,2025-08-29,82.4925,USD,YAHOO
TLT,2025-09-02,81.8786,USD,YAHOO
TLT,2025-09-03,82.7775,USD,YAHOO
TLT,2025-09-04,83.4085,USD,YAHOO
TLT,2025-09-05,84.6803,USD,YAHOO
TLT,2025-09-08,85.8086,USD,YAHOO
TLT,2025-09-09,85.3209,USD,YAHOO
TLT,2025-09-10,85.8086,USD,YAHOO
TLT,2025-09-11,86.3823,USD,YAHOO
TLT,2025-09-12,86.0094,USD,YAHOO
TLT,2025-09-15,86.2102,USD,YAHOO
TLT,2025-09-16,86.3919,USD,YAHOO
TLT,2025-09-17,86.1719,USD,YAHOO
TLT,2025-09-18,85.2827,USD,YAHOO
TLT,2025-09-19,85.1201,USD,YAHOO
TLT,2025-09-22,84.8141,USD,YAHOO
TLT,2025-09-23,85.407,USD,YAHOO
TLT,2025-09-24,85.0819,USD,YAHOO
TLT,2025-09-25,85.0819,USD,YAHOO
TLT,2025-09-26,85.0054,USD,YAHOO
TLT,2025-09-29,85.7034,USD,YAHOO
TLT,2025-09-30,85.4548,USD,YAHOO
TLT,2025-10-01,85.6755,USD,YAHOO
TLT,2025-10-02,85.925,USD,YAHOO
TLT,2025-10-03,85.7619,USD,YAHOO
TLT,2025-10-06,85.0806,USD,YAHOO
TLT,2025-10-07,85.5699,USD,YAHOO
TLT,2025-10-08,85.6371,USD,YAHOO
TLT,2025-10-09,85.5699,USD,YAHOO
TLT,2025-10-10,86.9517,USD,YAHOO
TLT,2025-10-13,86.9037,USD,YAHOO
TLT,2025-10-14,87.1819,USD,YAHOO
TLT,2025-10-15,86.99,USD,YAHOO
TLT,2025-10-16,87.6425,USD,YAHOO
TLT,2025-10-17,87.5082,USD,YAHOO
TLT,2025-10-20,87.844,USD,YAHOO
TLT,2025-10-21,88.2758,USD,YAHOO
TLT,2025-10-22,88.3334,USD,YAHOO
TLT,2025-10-23,87.7289,USD,YAHOO
TLT,2025-10-24,87.7672,USD,YAHOO
TLT,2025-10-27,88.0647,USD,YAHOO
TLT,2025-10-28,88.295,USD,YAHOO
TLT,2025-10-29,87.4026,USD,YAHOO
TLT,2025-10-30,86.8941,USD,YAHOO
TLT,2025-10-31,86.635,USD,YAHOO
TLT,2025-11-03,86.4183,USD,YAHOO
TLT,2025-11-04,86.6109,USD,YAHOO
TLT,2025-11-05,85.6672,USD,YAHOO
TLT,2025-11-06,86.4376,USD,YAHOO
TLT,2025-11-07,86.2546,USD,YAHOO
TLT,2025-11-10,86.2354,USD,YAHOO
TLT,2025-11-11,86.6302,USD,YAHOO
TLT,2025-11-12,86.7843,USD,YAHOO
TLT,2025-11-13,86.0717,USD,YAHOO
TLT,2025-11-14,85.5805,USD,YAHOO
TLT,2025-11-17,85.7924,USD,YAHOO
TLT,2025-11-18,85.7635,USD,YAHOO
TLT,2025-11-19,85.5902,USD,YAHOO
TLT,2025-11-20,85.9272,USD,YAHOO
TLT,2025-11-21,86.1872,USD,YAHOO
TLT,2025-11-24,86.6784,USD,YAHOO
TLT,2025-11-25,86.8998,USD,YAHOO
TLT,2025-11-26,87.285,USD,YAHOO
TLT,2025-11-28,86.8709,USD,YAHOO
TLT,2025-12-01,85.7895,USD,YAHOO
TLT,2025-12-02,85.8282,USD,YAHOO
TLT,2025-12-03,86.0698,USD,YAHOO
TLT,2025-12-04,85.6059,USD,YAHOO
TLT,2025-12-05,85.2096,USD,YAHOO
TLT,2025-12-08,84.9294,USD,YAHOO
TLT,2025-12-09,85.0164,USD,YAHOO
TLT,2025-12-10,85.3449,USD,YAHOO
TLT,2025-12-11,85.229,USD,YAHOO
TLT,2025-12-12,84.4075,USD,YAHOO
TLT,2025-12-15,84.4655,USD,YAHOO
TLT,2025-12-16,84.9294,USD,YAHOO
TLT,2025-12-17,84.8521,USD,YAHOO
TLT,2025-12-18,85.258,USD,YAHOO
TLT,2025-12-19,84.9398,USD,YAHOO
TLT,2025-12-22,84.7554,USD,YAHOO
TLT,2025-12-23,84.8912,USD,YAHOO
TLT,2025-12-24,85.4054,USD,YAHOO
TLT,2025-12-26,85.1241,USD,YAHOO
TLT,2025-12-29,85.4443,USD,YAHOO
TLT,2025-12-30,85.2405,USD,YAHOO
TLT,2025-12-31,84.5614,USD,YAHOO
TLT,2026-01-02,84.4353,USD,YAHOO
TLT,2026-01-05,84.8524,USD,YAHOO
TLT,2026-01-06,84.6778,USD,YAHOO
TLT,2026-01-07,85.1726,USD,YAHOO
TLT,2026-01-08,84.7457,USD,YAHOO
TLT,2026-01-09,85.3084,USD,YAHOO
TLT,2026-01-12,85.0562,USD,YAHOO
TLT,2026-01-13,85.2017,USD,YAHOO
TLT,2026-01-14,85.6965,USD,YAHOO
TLT,2026-01-15,85.6771,USD,YAHOO
TLT,2026-01-16,85.1823,USD,YAHOO
TLT,2026-01-20,84.0666,USD,YAHOO
TLT,2026-01-21,84.7069,USD,YAHOO
TLT,2026-01-22,85.0756,USD,YAHOO
TLT,2026-01-23,85.3084,USD,YAHOO
TLT,2026-01-26,85.7159,USD,YAHOO
TLT,2026-01-27,85.1823,USD,YAHOO
TLT,2026-01-28,84.9883,USD,YAHOO
TLT,2026-01-29,85.0077,USD,YAHOO
TLT,2026-01-30,84.5323,USD,YAHOO
TLT,2026-02-02,84.2908,USD,YAHOO
TLT,2026-02-03,84.4953,USD,YAHOO
TLT,2026-02-04,84.281,USD,YAHOO
TLT,2026-02-05,85.1965,USD,YAHOO
TLT,2026-02-06,85.2549,USD,YAHOO
TLT,2026-02-09,85.2354,USD,YAHOO
TLT,2026-02-10,86.2191,USD,YAHOO
TLT,2026-02-11,85.7613,USD,YAHOO
TLT,2026-02-12,86.9008,USD,YAHOO
TLT,2026-02-13,87.378,USD,YAHOO
TLT,2026-02-17,87.5241,USD,YAHOO
TLT,2026-02-18,87.193,USD,YAHOO
TLT,2026-02-19,87.2806,USD,YAHOO
TLT,2026-02-20,87.0761,USD,YAHOO
TLT,2026-02-23,87.3975,USD,YAHOO
TLT,2026-02-24,87.5533,USD,YAHOO
TLT,2026-02-25,87.5631,USD,YAHOO
TLT,2026-02-26,87.9137,USD,YAHOO
TLT,2026-02-27,88.4493,USD,YAHOO
TLT,2026-03-02,87.5611,USD,YAHOO
TLT,2026-03-03,87.3852,USD,YAHOO
TLT,2026-03-04,87.1116,USD,YAHOO
TLT,2026-03-05,86.7598,USD,YAHOO
TLT,2026-03-06,86.4374,USD,YAHOO
TLT,2026-03-09,87.1898,USD,YAHOO
TLT,2026-03-10,86.2615,USD,YAHOO
TLT,2026-03-11,85.1476,USD,YAHOO
TLT,2026-03-12,84.9814,USD,YAHOO
TLT,2026-03-13,84.5613,USD,YAHOO
TLT,2026-03-16,85.216,USD,YAHOO
TLT,2026-03-17,85.4505,USD,YAHOO
TLT,2026-03-18,84.9717,USD,YAHOO
TLT,2026-03-19,85.4895,USD,YAHOO
TLT,2026-03-20,83.8675,USD,YAHOO
TLT,2026-03-23,84.4147,USD,YAHOO
TLT,2026-03-24,84.0434,USD,YAHOO
TLT,2026-03-25,84.8544,USD,YAHOO
TLT,2026-03-26,84.1411,USD,YAHOO
TLT,2026-03-27,83.6819,USD,YAHOO
TLT,2026-03-30,84.7958,USD,YAHOO
TLT,2026-03-31,84.7078,USD,YAHOO
TLT,2026-04-01,84.6245,USD,YAHOO
TLT,2026-04-02,85.1444,USD,YAHOO
TLT,2026-04-06,85.007,USD,YAHOO
TLT,2026-04-07,84.9972,USD,YAHOO
TLT,2026-04-08,85.2719,USD,YAHOO
TLT,2026-04-09,85.0561,USD,YAHOO
TLT,2026-04-10,84.8501,USD,YAHOO
TLT,2026-04-13,85.1052,USD,YAHOO
TLT,2026-04-14,85.5564,USD,YAHOO
TLT,2026-04-15,85.1836,USD,YAHOO
TLT,2026-04-16,84.6441,USD,YAHOO
TLT,2026-04-17,85.4191,USD,YAHOO
TLT,2026-04-20,85.3995,USD,YAHOO
TLT,2026-04-21,84.9286,USD,YAHOO
TLT,2026-04-22,85.0954,USD,YAHOO
TLT,2026-04-23,84.909,USD,YAHOO
TLT,2026-04-24,85.0659,USD,YAHOO
TLT,2026-04-27,84.6441,USD,YAHOO
TLT,2026-04-28,84.7324,USD,YAHOO
TLT,2026-04-29,84.0751,USD,YAHOO
TLT,2026-04-30,83.9966,USD,YAHOO
TLT,2026-05-01,84.2969,USD,YAHOO
TLT,2026-05-04,83.6569,USD,YAHOO
TLT,2026-05-05,84.1197,USD,YAHOO
TLT,2026-05-06,84.7597,USD,YAHOO
TLT,2026-05-07,84.3363,USD,YAHOO
TLT,2026-05-08,84.7597,USD,YAHOO
TLT,2026-05-11,84.2477,USD,YAHOO
TLT,2026-05-12,83.6864,USD,YAHOO
TLT,2026-05-13,83.4993,USD,YAHOO
TLT,2026-05-14,83.6175,USD,YAHOO
TLT,2026-05-15,82.3768,USD,YAHOO
TLT,2026-05-18,82.2783,USD,YAHOO
TLT,2026-05-19,81.7466,USD,YAHOO
TLT,2026-05-20,82.623,USD,YAHOO
TLT,2026-05-21,82.9282,USD,YAHOO
TLT,2026-05-22,83.3812,USD,YAHOO
TLT,2026-05-26,83.7947,USD,YAHOO
TLT,2026-05-27,83.9917,USD,YAHOO
TLT,2026-05-28,84.4249,USD,YAHOO
TLT,2026-05-29,84.4446,USD,YAHOO
TLT,2026-06-01,84.4901,USD,YAHOO
TLT,2026-06-02,84.668,USD,YAHOO
TLT,2026-06-03,84.3319,USD,YAHOO
TLT,2026-06-04,84.5197,USD,YAHOO
TLT,2026-06-05,84.0848,USD,YAHOO
TLT,2026-06-08,83.6498,USD,YAHOO
TLT,2026-06-09,84.1441,USD,YAHOO
TLT,2026-06-10,83.9068,USD,YAHOO
TLT,2026-06-11,84.9942,USD,YAHOO
TLT,2026-06-12,84.7866,USD,YAHOO
TLT,2026-06-15,84.7372,USD,YAHOO
TLT,2026-06-16,85.2018,USD,YAHOO
TLT,2026-06-17,85.3402,USD,YAHOO
TLT,2026-06-18,85.7554,USD,YAHOO
TLT,2026-06-22,85.103,USD,YAHOO
TLT,2026-06-23,85.2117,USD,YAHOO
TLT,2026-06-24,86.3782,USD,YAHOO
TLT,2026-06-25,86.3485,USD,YAHOO
TLT,2026-06-26,86.3584,USD,YAHOO
TLT,2026-06-29,86.4474,USD,YAHOO
TLT,2026-06-30,85.4292,USD,YAHOO
TLT,2026-07-01,84.8517,USD,YAHOO
TLT,2026-07-02,84.8418,USD,YAHOO
TLT,2026-07-06,84.7823,USD,YAHOO
TLT,2026-07-07,83.8893,USD,YAHOO
TLT,2026-07-08,83.7008,USD,YAHOO
TLT,2026-07-09,83.8298,USD,YAHOO
TLT,2026-07-10,83.8099,USD,YAHOO
TLT,2026-07-13,83.3139,USD,YAHOO
TLT,2026-07-14,83.423,USD,YAHOO
TLT,2026-07-15,83.5817,USD,YAHOO
TLT,2026-07-16,83.552,USD,YAHOO
TLT,2026-07-17,83.8595,USD,YAHOO
TLT,2026-07-20,83.2345,USD,YAHOO
TLT,2026-07-21,83.0063,USD,YAHOO
TLT,2026-07-22,82.788,USD,YAHOO
TLT,2026-07-23,82.5201,USD,YAHOO
TLT,2026-07-24,82.5995,USD,YAHOO
TLT,2026-07-27,83.0956,USD,YAHOO
TLT,2026-07-28,83.5817,USD,YAHOO
TLT,2026-07-29,82.2026,USD,YAHOO
TLT,2026-07-30,82.153,USD,YAHOO
TLT,2026-07-31,81.6073,USD,YAHOO
TLT,2026-08-03,81.8763,USD,YAHOO
TLT,2026-08-04,82.5039,USD,YAHOO
TLT,2026-08-05,82.6832,USD,YAHOO
TLT,2026-08-06,82.205,USD,YAHOO
TLT,2026-08-07,82.4441,USD,YAHOO
TLT,2026-08-10,81.7467,USD,YAHOO
TLT,2026-08-11,81.8763,USD,YAHOO
TLT,2026-08-12,81.7966,USD,YAHOO
TLT,2026-08-13,82.2747,USD,YAHOO
TLT,2026-08-14,81.7268,USD,YAHOO
TLT,2026-08-17,81.0395,USD,YAHOO
TLT,2026-08-18,81.3483,USD,YAHOO
TLT,2026-08-19,82.7031,USD,YAHOO
TLT,2026-08-20,82.0257,USD,YAHOO
TLT,2026-08-21,81.7368,USD,YAHOO
TLT,2026-08-24,82.2448,USD,YAHOO
TLT,2026-08-25,83.1514,USD,YAHOO
TLT,2026-08-26,82.982,USD,YAHOO
TLT,2026-08-27,82.8127,USD,YAHOO
TLT,2026-08-28,82.5636,USD,YAHOO
TLT,2026-08-31,82.205,USD,YAHOO
TLT,2026-09-01,81.87,USD,YAHOO
TLT,2026-09-02,81.95,USD,YAHOO
TLT,2026-09-03,82.07,USD,YAHOO
TLT,2026-09-04,82.21,USD,YAHOO
TLT,2026-09-08,82.2,USD,YAHOO
TLT,2026-09-09,81.73,USD,YAHOO
TLT,2026-09-10,80.78,USD,YAHOO
TLT,2026-09-11,80.87,USD,YAHOO
TTE.PA,2023-09-14,53.0981,EUR,YAHOO
TTE.PA,2023-09-15,53.1749,EUR,YAHOO
TTE.PA,2023-09-18,52.8509,EUR,YAHOO
TTE.PA,2023-09-19,53.7461,EUR,YAHOO
TTE.PA,2023-09-20,53.7375,EUR,YAHOO
TTE.PA,2023-09-21,53.3838,EUR,YAHOO
TTE.PA,2023-09-22,53.4096,EUR,YAHOO
TTE.PA,2023-09-25,53.5994,EUR,YAHOO
TTE.PA,2023-09-26,53.4096,EUR,YAHOO
TTE.PA,2023-09-27,54.2896,EUR,YAHOO
TTE.PA,2023-09-28,54.8848,EUR,YAHOO
TTE.PA,2023-09-29,53.7547,EUR,YAHOO
TTE.PA,2023-10-02,53.0991,EUR,YAHOO
TTE.PA,2023-10-03,52.8661,EUR,YAHOO
TTE.PA,2023-10-04,51.8395,EUR,YAHOO
TTE.PA,2023-10-05,51.5635,EUR,YAHOO
TTE.PA,2023-10-06,52.0552,EUR,YAHOO
TTE.PA,2023-10-09,52.961,EUR,YAHOO
TTE.PA,2023-10-10,53.3924,EUR,YAHOO
TTE.PA,2023-10-11,53.2198,EUR,YAHOO
TTE.PA,2023-10-12,53.6339,EUR,YAHOO
TTE.PA,2023-10-13,54.4966,EUR,YAHOO
TTE.PA,2023-10-16,54.4017,EUR,YAHOO
TTE.PA,2023-10-17,54.5053,EUR,YAHOO
TTE.PA,2023-10-18,55.0229,EUR,YAHOO
TTE.PA,2023-10-19,54.6347,EUR,YAHOO
TTE.PA,2023-10-20,53.979,EUR,YAHOO
TTE.PA,2023-10-23,53.7461,EUR,YAHOO
TTE.PA,2023-10-24,53.5132,EUR,YAHOO
TTE.PA,2023-10-25,53.6598,EUR,YAHOO
TTE.PA,2023-10-26,53.9014,EUR,YAHOO
TTE.PA,2023-10-27,54.35,EUR,YAHOO
TTE.PA,2023-10-30,54.3413,EUR,YAHOO
TTE.PA,2023-10-31,54.5225,EUR,YAHOO
TTE.PA,2023-11-01,54.8935,EUR,YAHOO
TTE.PA,2023-11-02,55.7217,EUR,YAHOO
TTE.PA,2023-11-03,53.772,EUR,YAHOO
TTE.PA,2023-11-06,54.0567,EUR,YAHOO
TTE.PA,2023-11-07,52.8316,EUR,YAHOO
TTE.PA,2023-11-08,52.4348,EUR,YAHOO
TTE.PA,2023-11-09,52.9351,EUR,YAHOO
TTE.PA,2023-11-10,53.5218,EUR,YAHOO
TTE.PA,2023-11-13,54.1688,EUR,YAHOO
TTE.PA,2023-11-14,53.9531,EUR,YAHOO
TTE.PA,2023-11-15,54.0135,EUR,YAHOO
TTE.PA,2023-11-16,52.5901,EUR,YAHOO
TTE.PA,2023-11-17,53.3234,EUR,YAHOO
TTE.PA,2023-11-20,54.35,EUR,YAHOO
TTE.PA,2023-11-21,54.3068,EUR,YAHOO
TTE.PA,2023-11-22,53.3579,EUR,YAHOO
TTE.PA,2023-11-23,54.1861,EUR,YAHOO
TTE.PA,2023-11-24,54.4707,EUR,YAHOO
TTE.PA,2023-11-27,54.2292,EUR,YAHOO
TTE.PA,2023-11-28,54.5139,EUR,YAHOO
TTE.PA,2023-11-29,53.2112,EUR,YAHOO
TTE.PA,2023-11-30,53.7116,EUR,YAHOO
TTE.PA,2023-12-01,53.7978,EUR,YAHOO
TTE.PA,2023-12-04,52.961,EUR,YAHOO
TTE.PA,2023-12-05,52.9438,EUR,YAHOO
TTE.PA,2023-12-06,52.3226,EUR,YAHOO
TTE.PA,2023-12-07,52.3399,EUR,YAHOO
TTE.PA,2023-12-08,53.401,EUR,YAHOO
TTE.PA,2023-12-11,53.4614,EUR,YAHOO
TTE.PA,2023-12-12,52.892,EUR,YAHOO
TTE.PA,2023-12-13,52.9351,EUR,YAHOO
TTE.PA,2023-12-14,52.9783,EUR,YAHOO
TTE.PA,2023-12-15,53.1681,EUR,YAHOO
TTE.PA,2023-12-18,53.7892,EUR,YAHOO
TTE.PA,2023-12-19,53.4786,EUR,YAHOO
TTE.PA,2023-12-20,53.6167,EUR,YAHOO
TTE.PA,2023-12-21,53.4873,EUR,YAHOO
TTE.PA,2023-12-22,53.7461,EUR,YAHOO
TTE.PA,2023-12-27,53.8927,EUR,YAHOO
TTE.PA,2023-12-28,52.9783,EUR,YAHOO
TTE.PA,2023-12-29,53.1422,EUR,YAHOO
TTE.PA,2024-01-02,54.1289,EUR,YAHOO
TTE.PA,2024-01-03,53.9106,EUR,YAHOO
TTE.PA,2024-01-04,54.5568,EUR,YAHOO
TTE.PA,2024-01-05,54.5742,EUR,YAHOO
TTE.PA,2024-01-08,52.8715,EUR,YAHOO
TTE.PA,2024-01-09,52.496,EUR,YAHOO
TTE.PA,2024-01-10,52.1904,EUR,YAHOO
TTE.PA,2024-01-11,51.9372,EUR,YAHOO
TTE.PA,2024-01-12,52.5135,EUR,YAHOO
TTE.PA,2024-01-15,52.3389,EUR,YAHOO
TTE.PA,2024-01-16,52.0245,EUR,YAHOO
TTE.PA,2024-01-17,50.8719,EUR,YAHOO
TTE.PA,2024-01-18,51.0902,EUR,YAHOO
TTE.PA,2024-01-19,50.8894,EUR,YAHOO
TTE.PA,2024-01-22,50.4266,EUR,YAHOO
TTE.PA,2024-01-23,50.7497,EUR,YAHOO
TTE.PA,2024-01-24,51.3958,EUR,YAHOO
TTE.PA,2024-01-25,51.4657,EUR,YAHOO
TTE.PA,2024-01-26,52.0594,EUR,YAHOO
TTE.PA,2024-01-29,52.5746,EUR,YAHOO
TTE.PA,2024-01-30,52.7667,EUR,YAHOO
TTE.PA,2024-01-31,52.4786,EUR,YAHOO
TTE.PA,2024-02-01,52.8977,EUR,YAHOO
TTE.PA,2024-02-02,52.2166,EUR,YAHOO
TTE.PA,2024-02-05,51.7102,EUR,YAHOO
TTE.PA,2024-02-06,52.6532,EUR,YAHOO
TTE.PA,2024-02-07,50.9854,EUR,YAHOO
TTE.PA,2024-02-08,51.6752,EUR,YAHOO
TTE.PA,2024-02-09,52.1468,EUR,YAHOO
TTE.PA,2024-02-12,52.2341,EUR,YAHOO
TTE.PA,2024-02-13,52.6532,EUR,YAHOO
TTE.PA,2024-02-14,52.758,EUR,YAHOO
TTE.PA,2024-02-15,52.173,EUR,YAHOO
TTE.PA,2024-02-16,52.2952,EUR,YAHOO
TTE.PA,2024-02-19,52.1206,EUR,YAHOO
TTE.PA,2024-02-20,51.1688,EUR,YAHOO
TTE.PA,2024-02-21,51.4482,EUR,YAHOO
TTE.PA,2024-02-22,51.6316,EUR,YAHOO
TTE.PA,2024-02-23,52.0944,EUR,YAHOO
TTE.PA,2024-02-26,51.684,EUR,YAHOO
TTE.PA,2024-02-27,51.9546,EUR,YAHOO
TTE.PA,2024-02-28,51.8673,EUR,YAHOO
TTE.PA,2024-02-29,51.5093,EUR,YAHOO
TTE.PA,2024-03-01,52.2166,EUR,YAHOO
TTE.PA,2024-03-04,51.8586,EUR,YAHOO
TTE.PA,2024-03-05,51.6578,EUR,YAHOO
TTE.PA,2024-03-06,52.3738,EUR,YAHOO
TTE.PA,2024-03-07,52.3214,EUR,YAHOO
TTE.PA,2024-03-08,52.4349,EUR,YAHOO
TTE.PA,2024-03-11,52.5048,EUR,YAHOO
TTE.PA,2024-03-12,52.9763,EUR,YAHOO
TTE.PA,2024-03-13,53.9106,EUR,YAHOO
TTE.PA,2024-03-14,54.7576,EUR,YAHOO
TTE.PA,2024-03-15,54.5568,EUR,YAHOO
TTE.PA,2024-03-18,54.6877,EUR,YAHOO
TTE.PA,2024-03-19,56.146,EUR,YAHOO
TTE.PA,2024-03-20,55.8279,EUR,YAHOO
TTE.PA,2024-03-21,55.5806,EUR,YAHOO
TTE.PA,2024-03-22,55.5188,EUR,YAHOO
TTE.PA,2024-03-25,55.8544,EUR,YAHOO
TTE.PA,2024-03-26,55.6336,EUR,YAHOO
TTE.PA,2024-03-27,55.6866,EUR,YAHOO
TTE.PA,2024-03-28,56.0665,EUR,YAHOO
TTE.PA,2024-04-02,58.266,EUR,YAHOO
TTE.PA,2024-04-03,58.8843,EUR,YAHOO
TTE.PA,2024-04-04,59.2289,EUR,YAHOO
TTE.PA,2024-04-05,59.008,EUR,YAHOO
TTE.PA,2024-04-08,60.0062,EUR,YAHOO
TTE.PA,2024-04-09,59.538,EUR,YAHOO
TTE.PA,2024-04-10,60.1387,EUR,YAHOO
TTE.PA,2024-04-11,59.803,EUR,YAHOO
TTE.PA,2024-04-12,61.0309,EUR,YAHOO
TTE.PA,2024-04-15,60.3242,EUR,YAHOO
TTE.PA,2024-04-16,59.4055,EUR,YAHOO
TTE.PA,2024-04-17,59.7677,EUR,YAHOO
TTE.PA,2024-04-18,59.5557,EUR,YAHOO
TTE.PA,2024-04-19,59.432,EUR,YAHOO
TTE.PA,2024-04-22,59.9797,EUR,YAHOO
TTE.PA,2024-04-23,59.9885,EUR,YAHOO
TTE.PA,2024-04-24,59.9885,EUR,YAHOO
TTE.PA,2024-04-25,60.121,EUR,YAHOO
TTE.PA,2024-04-26,61.3754,EUR,YAHOO
TTE.PA,2024-04-29,61.1722,EUR,YAHOO
TTE.PA,2024-04-30,60.5892,EUR,YAHOO
TTE.PA,2024-05-02,59.0522,EUR,YAHOO
TTE.PA,2024-05-03,58.6194,EUR,YAHOO
TTE.PA,2024-05-06,59.4144,EUR,YAHOO
TTE.PA,2024-05-07,59.2465,EUR,YAHOO
TTE.PA,2024-05-08,59.3879,EUR,YAHOO
TTE.PA,2024-05-09,60.3772,EUR,YAHOO
TTE.PA,2024-05-10,60.6687,EUR,YAHOO
TTE.PA,2024-05-13,60.7306,EUR,YAHOO
TTE.PA,2024-05-14,60.3507,EUR,YAHOO
TTE.PA,2024-05-15,59.5999,EUR,YAHOO
TTE.PA,2024-05-16,58.7077,EUR,YAHOO
TTE.PA,2024-05-17,59.1405,EUR,YAHOO
TTE.PA,2024-05-20,59.1847,EUR,YAHOO
TTE.PA,2024-05-21,58.6547,EUR,YAHOO
TTE.PA,2024-05-22,57.5682,EUR,YAHOO
TTE.PA,2024-05-23,58.0363,EUR,YAHOO
TTE.PA,2024-05-24,58.2925,EUR,YAHOO
TTE.PA,2024-05-27,58.6547,EUR,YAHOO
TTE.PA,2024-05-28,58.425,EUR,YAHOO
TTE.PA,2024-05-29,57.9745,EUR,YAHOO
TTE.PA,2024-05-30,57.6918,EUR,YAHOO
TTE.PA,2024-05-31,59.1935,EUR,YAHOO
TTE.PA,2024-06-03,58.2307,EUR,YAHOO
TTE.PA,2024-06-04,56.8261,EUR,YAHOO
TTE.PA,2024-06-05,57.1706,EUR,YAHOO
TTE.PA,2024-06-06,57.3915,EUR,YAHOO
TTE.PA,2024-06-07,57.365,EUR,YAHOO
TTE.PA,2024-06-10,57.6035,EUR,YAHOO
TTE.PA,2024-06-11,56.623,EUR,YAHOO
TTE.PA,2024-06-12,56.4816,EUR,YAHOO
TTE.PA,2024-06-13,55.0418,EUR,YAHOO
TTE.PA,2024-06-14,54.2556,EUR,YAHOO
TTE.PA,2024-06-17,54.7679,EUR,YAHOO
TTE.PA,2024-06-18,55.5276,EUR,YAHOO
TTE.PA,2024-06-19,55.2682,EUR,YAHOO
TTE.PA,2024-06-20,55.7423,EUR,YAHOO
TTE.PA,2024-06-21,55.2592,EUR,YAHOO
TTE.PA,2024-06-24,55.9212,EUR,YAHOO
TTE.PA,2024-06-25,56.2522,EUR,YAHOO
TTE.PA,2024-06-26,55.5008,EUR,YAHOO
TTE.PA,2024-06-27,55.5008,EUR,YAHOO
TTE.PA,2024-06-28,55.7602,EUR,YAHOO
TTE.PA,2024-07-01,56.9053,EUR,YAHOO
TTE.PA,2024-07-02,57.2631,EUR,YAHOO
TTE.PA,2024-07-03,57.9967,EUR,YAHOO
TTE.PA,2024-07-04,58.8555,EUR,YAHOO
TTE.PA,2024-07-05,58.4708,EUR,YAHOO
TTE.PA,2024-07-08,57.8625,EUR,YAHOO
TTE.PA,2024-07-09,56.5564,EUR,YAHOO
TTE.PA,2024-07-10,56.3954,EUR,YAHOO
TTE.PA,2024-07-11,56.1986,EUR,YAHOO
TTE.PA,2024-07-12,56.8069,EUR,YAHOO
TTE.PA,2024-07-15,56.6101,EUR,YAHOO
TTE.PA,2024-07-16,55.7334,EUR,YAHOO
TTE.PA,2024-07-17,56.2075,EUR,YAHOO
TTE.PA,2024-07-18,57.0753,EUR,YAHOO
TTE.PA,2024-07-19,56.118,EUR,YAHOO
TTE.PA,2024-07-22,56.4848,EUR,YAHOO
TTE.PA,2024-07-23,55.5813,EUR,YAHOO
TTE.PA,2024-07-24,55.8765,EUR,YAHOO
TTE.PA,2024-07-25,55.4381,EUR,YAHOO
TTE.PA,2024-07-26,55.5813,EUR,YAHOO
TTE.PA,2024-07-29,55.2324,EUR,YAHOO
TTE.PA,2024-07-30,55.5366,EUR,YAHOO
TTE.PA,2024-07-31,55.8944,EUR,YAHOO
TTE.PA,2024-08-01,55.3845,EUR,YAHOO
TTE.PA,2024-08-02,54.6956,EUR,YAHOO
TTE.PA,2024-08-05,53.2285,EUR,YAHOO
TTE.PA,2024-08-06,52.987,EUR,YAHOO
TTE.PA,2024-08-07,54.4988,EUR,YAHOO
TTE.PA,2024-08-08,54.4899,EUR,YAHOO
TTE.PA,2024-08-09,54.8835,EUR,YAHOO
TTE.PA,2024-08-12,55.2145,EUR,YAHOO
TTE.PA,2024-08-13,54.8746,EUR,YAHOO
TTE.PA,2024-08-14,54.9819,EUR,YAHOO
TTE.PA,2024-08-15,55.8944,EUR,YAHOO
TTE.PA,2024-08-16,55.7602,EUR,YAHOO
TTE.PA,2024-08-19,56.288,EUR,YAHOO
TTE.PA,2024-08-20,55.4381,EUR,YAHOO
TTE.PA,2024-08-21,55.5813,EUR,YAHOO
TTE.PA,2024-08-22,55.125,EUR,YAHOO
TTE.PA,2024-08-23,55.6081,EUR,YAHOO
TTE.PA,2024-08-26,56.2343,EUR,YAHOO
TTE.PA,2024-08-27,56.1091,EUR,YAHOO
TTE.PA,2024-08-28,55.8318,EUR,YAHOO
TTE.PA,2024-08-29,56.1001,EUR,YAHOO
TTE.PA,2024-08-30,55.635,EUR,YAHOO
TTE.PA,2024-09-02,55.8944,EUR,YAHOO
TTE.PA,2024-09-03,54.132,EUR,YAHOO
TTE.PA,2024-09-04,53.8279,EUR,YAHOO
TTE.PA,2024-09-05,54.1768,EUR,YAHOO
TTE.PA,2024-09-06,53.5505,EUR,YAHOO
TTE.PA,2024-09-09,54.5346,EUR,YAHOO
TTE.PA,2024-09-10,53.5595,EUR,YAHOO
TTE.PA,2024-09-11,53.8458,EUR,YAHOO
TTE.PA,2024-09-12,54.4899,EUR,YAHOO
TTE.PA,2024-09-13,54.633,EUR,YAHOO
TTE.PA,2024-09-16,54.7672,EUR,YAHOO
TTE.PA,2024-09-17,54.9282,EUR,YAHOO
TTE.PA,2024-09-18,54.7761,EUR,YAHOO
TTE.PA,2024-09-19,56.0465,EUR,YAHOO
TTE.PA,2024-09-20,55.456,EUR,YAHOO
TTE.PA,2024-09-23,55.5723,EUR,YAHOO
TTE.PA,2024-09-24,56.0912,EUR,YAHOO
TTE.PA,2024-09-25,55.004,EUR,YAHOO
TTE.PA,2024-09-26,53.7265,EUR,YAHOO
TTE.PA,2024-09-27,53.5906,EUR,YAHOO
TTE.PA,2024-09-30,53.0017,EUR,YAHOO
TTE.PA,2024-10-01,53.7356,EUR,YAHOO
TTE.PA,2024-10-02,54.9406,EUR,YAHOO
TTE.PA,2024-10-03,55.7379,EUR,YAHOO
TTE.PA,2024-10-04,56.7617,EUR,YAHOO
TTE.PA,2024-10-07,57.3324,EUR,YAHOO
TTE.PA,2024-10-08,56.2452,EUR,YAHOO
TTE.PA,2024-10-09,56.1546,EUR,YAHOO
TTE.PA,2024-10-10,56.5442,EUR,YAHOO
TTE.PA,2024-10-11,56.508,EUR,YAHOO
TTE.PA,2024-10-14,56.6167,EUR,YAHOO
TTE.PA,2024-10-15,53.8987,EUR,YAHOO
TTE.PA,2024-10-16,53.8262,EUR,YAHOO
TTE.PA,2024-10-17,54.1614,EUR,YAHOO
TTE.PA,2024-10-18,54.0527,EUR,YAHOO
TTE.PA,2024-10-21,54.3064,EUR,YAHOO
TTE.PA,2024-10-22,54.5872,EUR,YAHOO
TTE.PA,2024-10-23,54.3698,EUR,YAHOO
TTE.PA,2024-10-24,54.4332,EUR,YAHOO
TTE.PA,2024-10-25,54.6053,EUR,YAHOO
TTE.PA,2024-10-28,54.1161,EUR,YAHOO
TTE.PA,2024-10-29,53.8171,EUR,YAHOO
TTE.PA,2024-10-30,53.5816,EUR,YAHOO
TTE.PA,2024-10-31,52.0051,EUR,YAHOO
TTE.PA,2024-11-01,52.4581,EUR,YAHOO
TTE.PA,2024-11-04,52.6212,EUR,YAHOO
TTE.PA,2024-11-05,52.8114,EUR,YAHOO
TTE.PA,2024-11-06,52.1591,EUR,YAHOO
TTE.PA,2024-11-07,52.3131,EUR,YAHOO
TTE.PA,2024-11-08,51.4977,EUR,YAHOO
TTE.PA,2024-11-11,51.7877,EUR,YAHOO
TTE.PA,2024-11-12,50.483,EUR,YAHOO
TTE.PA,2024-11-13,50.5917,EUR,YAHOO
TTE.PA,2024-11-14,51.7786,EUR,YAHOO
TTE.PA,2024-11-15,52.1048,EUR,YAHOO
TTE.PA,2024-11-18,52.6393,EUR,YAHOO
TTE.PA,2024-11-19,52.0685,EUR,YAHOO
TTE.PA,2024-11-20,51.9779,EUR,YAHOO
TTE.PA,2024-11-21,51.8058,EUR,YAHOO
TTE.PA,2024-11-22,51.7242,EUR,YAHOO
TTE.PA,2024-11-25,50.628,EUR,YAHOO
TTE.PA,2024-11-26,49.7672,EUR,YAHOO
TTE.PA,2024-11-27,49.0152,EUR,YAHOO
TTE.PA,2024-11-28,49.124,EUR,YAHOO
TTE.PA,2024-11-29,49.8035,EUR,YAHOO
TTE.PA,2024-12-02,48.7435,EUR,YAHOO
TTE.PA,2024-12-03,49.0515,EUR,YAHOO
TTE.PA,2024-12-04,48.8703,EUR,YAHOO
TTE.PA,2024-12-05,48.979,EUR,YAHOO
TTE.PA,2024-12-06,49.133,EUR,YAHOO
TTE.PA,2024-12-09,49.7944,EUR,YAHOO
TTE.PA,2024-12-10,49.2418,EUR,YAHOO
TTE.PA,2024-12-11,48.4535,EUR,YAHOO
TTE.PA,2024-12-12,48.3539,EUR,YAHOO
TTE.PA,2024-12-13,48.3448,EUR,YAHOO
TTE.PA,2024-12-16,47.3754,EUR,YAHOO
TTE.PA,2024-12-17,46.8227,EUR,YAHOO
TTE.PA,2024-12-18,47.2938,EUR,YAHOO
TTE.PA,2024-12-19,47.0492,EUR,YAHOO
TTE.PA,2024-12-20,47.013,EUR,YAHOO
TTE.PA,2024-12-23,46.9767,EUR,YAHOO
TTE.PA,2024-12-24,47.1217,EUR,YAHOO
TTE.PA,2024-12-27,47.7921,EUR,YAHOO
TTE.PA,2024-12-30,47.6562,EUR,YAHOO
TTE.PA,2024-12-31,48.3539,EUR,YAHOO
TTE.PA,2025-01-02,49.4114,EUR,YAHOO
TTE.PA,2025-01-03,49.6597,EUR,YAHOO
TTE.PA,2025-01-06,50.3127,EUR,YAHOO
TTE.PA,2025-01-07,50.561,EUR,YAHOO
TTE.PA,2025-01-08,50.7265,EUR,YAHOO
TTE.PA,2025-01-09,50.8552,EUR,YAHOO
TTE.PA,2025-01-10,50.8093,EUR,YAHOO
TTE.PA,2025-01-13,51.4254,EUR,YAHOO
TTE.PA,2025-01-14,51.1311,EUR,YAHOO
TTE.PA,2025-01-15,51.4346,EUR,YAHOO
TTE.PA,2025-01-16,52.7681,EUR,YAHOO
TTE.PA,2025-01-17,52.8508,EUR,YAHOO
TTE.PA,2025-01-20,52.5749,EUR,YAHOO
TTE.PA,2025-01-21,52.0875,EUR,YAHOO
TTE.PA,2025-01-22,51.8484,EUR,YAHOO
TTE.PA,2025-01-23,51.6277,EUR,YAHOO
TTE.PA,2025-01-24,51.3518,EUR,YAHOO
TTE.PA,2025-01-27,51.2139,EUR,YAHOO
TTE.PA,2025-01-28,51.2691,EUR,YAHOO
TTE.PA,2025-01-29,51.3151,EUR,YAHOO
TTE.PA,2025-01-30,51.6461,EUR,YAHOO
TTE.PA,2025-01-31,51.8576,EUR,YAHOO
TTE.PA,2025-02-03,51.4714,EUR,YAHOO
TTE.PA,2025-02-04,52.437,EUR,YAHOO
TTE.PA,2025-02-05,53.3474,EUR,YAHOO
TTE.PA,2025-02-06,53.8992,EUR,YAHOO
TTE.PA,2025-02-07,54.1475,EUR,YAHOO
TTE.PA,2025-02-10,53.9084,EUR,YAHOO
TTE.PA,2025-02-11,54.1291,EUR,YAHOO
TTE.PA,2025-02-12,54.267,EUR,YAHOO
TTE.PA,2025-02-13,53.982,EUR,YAHOO
TTE.PA,2025-02-14,54.1475,EUR,YAHOO
TTE.PA,2025-02-17,54.1659,EUR,YAHOO
TTE.PA,2025-02-18,54.3406,EUR,YAHOO
TTE.PA,2025-02-19,53.9912,EUR,YAHOO
TTE.PA,2025-02-20,54.0923,EUR,YAHOO
TTE.PA,2025-02-21,53.4486,EUR,YAHOO
TTE.PA,2025-02-24,53.3934,EUR,YAHOO
TTE.PA,2025-02-25,52.8508,EUR,YAHOO
TTE.PA,2025-02-26,53.1175,EUR,YAHOO
TTE.PA,2025-02-27,53.1727,EUR,YAHOO
TTE.PA,2025-02-28,53.1359,EUR,YAHOO
TTE.PA,2025-03-03,53.4946,EUR,YAHOO
TTE.PA,2025-03-04,52.06,EUR,YAHOO
TTE.PA,2025-03-05,51.4806,EUR,YAHOO
TTE.PA,2025-03-06,51.7933,EUR,YAHOO
TTE.PA,2025-03-07,51.9956,EUR,YAHOO
TTE.PA,2025-03-10,51.8668,EUR,YAHOO
TTE.PA,2025-03-11,51.6277,EUR,YAHOO
TTE.PA,2025-03-12,52.0783,EUR,YAHOO
TTE.PA,2025-03-13,52.5841,EUR,YAHOO
TTE.PA,2025-03-14,52.8692,EUR,YAHOO
TTE.PA,2025-03-17,52.9244,EUR,YAHOO
TTE.PA,2025-03-18,53.3106,EUR,YAHOO
TTE.PA,2025-03-19,54.0831,EUR,YAHOO
TTE.PA,2025-03-20,54.1383,EUR,YAHOO
TTE.PA,2025-03-21,53.7061,EUR,YAHOO
TTE.PA,2025-03-24,53.3014,EUR,YAHOO
TTE.PA,2025-03-25,54.5797,EUR,YAHOO
TTE.PA,2025-03-26,56.304,EUR,YAHOO
TTE.PA,2025-03-27,56.3972,EUR,YAHOO
TTE.PA,2025-03-28,55.1855,EUR,YAHOO
TTE.PA,2025-03-31,55.605,EUR,YAHOO
TTE.PA,2025-04-01,55.4465,EUR,YAHOO
TTE.PA,2025-04-02,55.3719,EUR,YAHOO
TTE.PA,2025-04-03,52.7529,EUR,YAHOO
TTE.PA,2025-04-04,49.4629,EUR,YAHOO
TTE.PA,2025-04-07,46.8718,EUR,YAHOO
TTE.PA,2025-04-08,47.021,EUR,YAHOO
TTE.PA,2025-04-09,44.9751,EUR,YAHOO
TTE.PA,2025-04-10,46.1495,EUR,YAHOO
TTE.PA,2025-04-11,45.3573,EUR,YAHOO
TTE.PA,2025-04-14,46.8066,EUR,YAHOO
TTE.PA,2025-04-15,212.2654,EUR,YAHOO
TTE.PA,2025-04-16,48.1674,EUR,YAHOO
TTE.PA,2025-04-17,48.1394,EUR,YAHOO
TTE.PA,2025-04-22,48.3444,EUR,YAHOO
TTE.PA,2025-04-23,48.4563,EUR,YAHOO
TTE.PA,2025-04-24,48.6054,EUR,YAHOO
TTE.PA,2025-04-25,49.1739,EUR,YAHOO
TTE.PA,2025-04-28,49.3231,EUR,YAHOO
TTE.PA,2025-04-29,48.7918,EUR,YAHOO
TTE.PA,2025-04-30,47.6827,EUR,YAHOO
TTE.PA,2025-05-02,47.4031,EUR,YAHOO
TTE.PA,2025-05-05,47.0769,EUR,YAHOO
TTE.PA,2025-05-06,47.5895,EUR,YAHOO
TTE.PA,2025-05-07,47.3006,EUR,YAHOO
TTE.PA,2025-05-08,47.5802,EUR,YAHOO
TTE.PA,2025-05-09,48.3631,EUR,YAHOO
TTE.PA,2025-05-12,49.4629,EUR,YAHOO
TTE.PA,2025-05-13,49.7798,EUR,YAHOO
TTE.PA,2025-05-14,49.5002,EUR,YAHOO
TTE.PA,2025-05-15,49.2671,EUR,YAHOO
TTE.PA,2025-05-16,49.612,EUR,YAHOO
TTE.PA,2025-05-19,49.2858,EUR,YAHOO
TTE.PA,2025-05-20,49.407,EUR,YAHOO
TTE.PA,2025-05-21,48.7639,EUR,YAHOO
TTE.PA,2025-05-22,47.9996,EUR,YAHOO
TTE.PA,2025-05-23,47.5056,EUR,YAHOO
TTE.PA,2025-05-26,48.2606,EUR,YAHOO
TTE.PA,2025-05-27,48.0369,EUR,YAHOO
TTE.PA,2025-05-28,48.1301,EUR,YAHOO
TTE.PA,2025-05-29,47.9157,EUR,YAHOO
TTE.PA,2025-05-30,48.1487,EUR,YAHOO
TTE.PA,2025-06-02,49.0994,EUR,YAHOO
TTE.PA,2025-06-03,49.4256,EUR,YAHOO
TTE.PA,2025-06-04,48.7172,EUR,YAHOO
TTE.PA,2025-06-05,48.3444,EUR,YAHOO
TTE.PA,2025-06-06,48.7452,EUR,YAHOO
TTE.PA,2025-06-09,48.7732,EUR,YAHOO
TTE.PA,2025-06-10,49.9475,EUR,YAHOO
TTE.PA,2025-06-11,49.9102,EUR,YAHOO
TTE.PA,2025-06-12,51.0194,EUR,YAHOO
TTE.PA,2025-06-13,51.0753,EUR,YAHOO
TTE.PA,2025-06-16,50.8143,EUR,YAHOO
TTE.PA,2025-06-17,51.737,EUR,YAHOO
TTE.PA,2025-06-18,50.8889,EUR,YAHOO
TTE.PA,2025-06-19,51.9777,EUR,YAHOO
TTE.PA,2025-06-20,51.7504,EUR,YAHOO
TTE.PA,2025-06-23,51.3907,EUR,YAHOO
TTE.PA,2025-06-24,49.7054,EUR,YAHOO
TTE.PA,2025-06-25,49.4971,EUR,YAHOO
TTE.PA,2025-06-26,49.7149,EUR,YAHOO
TTE.PA,2025-06-27,49.7244,EUR,YAHOO
TTE.PA,2025-06-30,49.3267,EUR,YAHOO
TTE.PA,2025-07-01,49.5634,EUR,YAHOO
TTE.PA,2025-07-02,50.5386,EUR,YAHOO
TTE.PA,2025-07-03,50.5291,EUR,YAHOO
TTE.PA,2025-07-04,50.1504,EUR,YAHOO
TTE.PA,2025-07-07,49.0332,EUR,YAHOO
TTE.PA,2025-07-08,50.0273,EUR,YAHOO
TTE.PA,2025-07-09,50.4439,EUR,YAHOO
TTE.PA,2025-07-10,50.6522,EUR,YAHOO
TTE.PA,2025-07-11,51.0025,EUR,YAHOO
TTE.PA,2025-07-14,50.5007,EUR,YAHOO
TTE.PA,2025-07-15,50.6333,EUR,YAHOO
TTE.PA,2025-07-16,50.264,EUR,YAHOO
TTE.PA,2025-07-17,50.1504,EUR,YAHOO
TTE.PA,2025-07-18,50.3208,EUR,YAHOO
TTE.PA,2025-07-21,50.0463,EUR,YAHOO
TTE.PA,2025-07-22,49.9894,EUR,YAHOO
TTE.PA,2025-07-23,50.5007,EUR,YAHOO
TTE.PA,2025-07-24,48.7208,EUR,YAHOO
TTE.PA,2025-07-25,48.5977,EUR,YAHOO
TTE.PA,2025-07-28,49.6107,EUR,YAHOO
TTE.PA,2025-07-29,49.7338,EUR,YAHOO
TTE.PA,2025-07-30,49.5066,EUR,YAHOO
TTE.PA,2025-07-31,49.251,EUR,YAHOO
TTE.PA,2025-08-01,48.3515,EUR,YAHOO
TTE.PA,2025-08-04,48.8344,EUR,YAHOO
TTE.PA,2025-08-05,49.1374,EUR,YAHOO
TTE.PA,2025-08-06,49.7054,EUR,YAHOO
TTE.PA,2025-08-07,49.5918,EUR,YAHOO
TTE.PA,2025-08-08,49.9042,EUR,YAHOO
TTE.PA,2025-08-11,49.7244,EUR,YAHOO
TTE.PA,2025-08-12,50.3398,EUR,YAHOO
TTE.PA,2025-08-13,49.7149,EUR,YAHOO
TTE.PA,2025-08-14,49.7717,EUR,YAHOO
TTE.PA,2025-08-15,50.6238,EUR,YAHOO
TTE.PA,2025-08-18,50.1977,EUR,YAHOO
TTE.PA,2025-08-19,50.8415,EUR,YAHOO
TTE.PA,2025-08-20,51.135,EUR,YAHOO
TTE.PA,2025-08-21,51.4001,EUR,YAHOO
TTE.PA,2025-08-22,51.722,EUR,YAHOO
TTE.PA,2025-08-25,51.2202,EUR,YAHOO
TTE.PA,2025-08-26,50.0936,EUR,YAHOO
TTE.PA,2025-08-27,50.3776,EUR,YAHOO
TTE.PA,2025-08-28,50.2735,EUR,YAHOO
TTE.PA,2025-08-29,50.6522,EUR,YAHOO
TTE.PA,2025-09-01,50.6048,EUR,YAHOO
TTE.PA,2025-09-02,50.6806,EUR,YAHOO
TTE.PA,2025-09-03,49.9705,EUR,YAHOO
TTE.PA,2025-09-04,49.9516,EUR,YAHOO
TTE.PA,2025-09-05,49.0616,EUR,YAHOO
TTE.PA,2025-09-08,49.1374,EUR,YAHOO
TTE.PA,2025-09-09,49.9326,EUR,YAHOO
TTE.PA,2025-09-10,49.9516,EUR,YAHOO
TTE.PA,2025-09-11,49.4119,EUR,YAHOO
TTE.PA,2025-09-12,49.3456,EUR,YAHOO
TTE.PA,2025-09-15,49.7812,EUR,YAHOO
TTE.PA,2025-09-16,49.6391,EUR,YAHOO
TTE.PA,2025-09-17,48.9764,EUR,YAHOO
TTE.PA,2025-09-18,49.2604,EUR,YAHOO
TTE.PA,2025-09-19,48.8249,EUR,YAHOO
TTE.PA,2025-09-22,48.9764,EUR,YAHOO
TTE.PA,2025-09-23,49.6013,EUR,YAHOO
TTE.PA,2025-09-24,50.6522,EUR,YAHOO
TTE.PA,2025-09-25,50.5386,EUR,YAHOO
TTE.PA,2025-09-26,51.3623,EUR,YAHOO
TTE.PA,2025-09-29,50.2261,EUR,YAHOO
TTE.PA,2025-09-30,48.9764,EUR,YAHOO
TTE.PA,2025-10-01,49.6598,EUR,YAHOO
TTE.PA,2025-10-02,49.0727,EUR,YAHOO
TTE.PA,2025-10-03,49.1497,EUR,YAHOO
TTE.PA,2025-10-06,49.3903,EUR,YAHOO
TTE.PA,2025-10-07,48.9668,EUR,YAHOO
TTE.PA,2025-10-08,49.2074,EUR,YAHOO
TTE.PA,2025-10-09,49.2267,EUR,YAHOO
TTE.PA,2025-10-10,48.1293,EUR,YAHOO
TTE.PA,2025-10-13,47.9801,EUR,YAHOO
TTE.PA,2025-10-14,48.37,EUR,YAHOO
TTE.PA,2025-10-15,50.1604,EUR,YAHOO
TTE.PA,2025-10-16,50.6032,EUR,YAHOO
TTE.PA,2025-10-17,50.7379,EUR,YAHOO
TTE.PA,2025-10-20,50.5358,EUR,YAHOO
TTE.PA,2025-10-21,50.6802,EUR,YAHOO
TTE.PA,2025-10-22,51.046,EUR,YAHOO
TTE.PA,2025-10-23,52.0759,EUR,YAHOO
TTE.PA,2025-10-24,51.893,EUR,YAHOO
TTE.PA,2025-10-27,51.7583,EUR,YAHOO
TTE.PA,2025-10-28,51.4791,EUR,YAHOO
TTE.PA,2025-10-29,52.1144,EUR,YAHOO
TTE.PA,2025-10-30,51.6331,EUR,YAHOO
TTE.PA,2025-10-31,51.9315,EUR,YAHOO
TTE.PA,2025-11-03,51.7775,EUR,YAHOO
TTE.PA,2025-11-04,51.5946,EUR,YAHOO
TTE.PA,2025-11-05,51.6716,EUR,YAHOO
TTE.PA,2025-11-06,51.2481,EUR,YAHOO
TTE.PA,2025-11-07,51.5754,EUR,YAHOO
TTE.PA,2025-11-10,52.0182,EUR,YAHOO
TTE.PA,2025-11-11,53.2695,EUR,YAHOO
TTE.PA,2025-11-12,53.231,EUR,YAHOO
TTE.PA,2025-11-13,54.0877,EUR,YAHOO
TTE.PA,2025-11-14,54.1262,EUR,YAHOO
TTE.PA,2025-11-17,54.415,EUR,YAHOO
TTE.PA,2025-11-18,53.3947,EUR,YAHOO
TTE.PA,2025-11-19,53.3273,EUR,YAHOO
TTE.PA,2025-11-20,53.5872,EUR,YAHOO
TTE.PA,2025-11-21,53.876,EUR,YAHOO
TTE.PA,2025-11-24,53.799,EUR,YAHOO
TTE.PA,2025-11-25,54.0685,EUR,YAHOO
TTE.PA,2025-11-26,54.5402,EUR,YAHOO
TTE.PA,2025-11-27,54.338,EUR,YAHOO
TTE.PA,2025-11-28,54.6749,EUR,YAHOO
TTE.PA,2025-12-01,54.5883,EUR,YAHOO
TTE.PA,2025-12-02,54.4054,EUR,YAHOO
TTE.PA,2025-12-03,54.9059,EUR,YAHOO
TTE.PA,2025-12-04,55.0407,EUR,YAHOO
TTE.PA,2025-12-05,54.2899,EUR,YAHOO
TTE.PA,2025-12-08,54.2129,EUR,YAHOO
TTE.PA,2025-12-09,54.3958,EUR,YAHOO
TTE.PA,2025-12-10,53.7316,EUR,YAHOO
TTE.PA,2025-12-11,53.7508,EUR,YAHOO
TTE.PA,2025-12-12,53.5102,EUR,YAHOO
TTE.PA,2025-12-15,53.4236,EUR,YAHOO
TTE.PA,2025-12-16,52.461,EUR,YAHOO
TTE.PA,2025-12-17,53.0674,EUR,YAHOO
TTE.PA,2025-12-18,53.3562,EUR,YAHOO
TTE.PA,2025-12-19,53.722,EUR,YAHOO
TTE.PA,2025-12-22,53.8471,EUR,YAHOO
TTE.PA,2025-12-23,53.7605,EUR,YAHOO
TTE.PA,2025-12-24,53.5294,EUR,YAHOO
TTE.PA,2025-12-29,53.8567,EUR,YAHOO
TTE.PA,2025-12-30,54.2899,EUR,YAHOO
TTE.PA,2025-12-31,54.329,EUR,YAHOO
TTE.PA,2026-01-02,54.8274,EUR,YAHOO
TTE.PA,2026-01-05,54.5244,EUR,YAHOO
TTE.PA,2026-01-06,53.7915,EUR,YAHOO
TTE.PA,2026-01-07,52.2962,EUR,YAHOO
TTE.PA,2026-01-08,52.1691,EUR,YAHOO
TTE.PA,2026-01-09,53.8696,EUR,YAHOO
TTE.PA,2026-01-12,54.0553,EUR,YAHOO
TTE.PA,2026-01-13,55.2477,EUR,YAHOO
TTE.PA,2026-01-14,55.7656,EUR,YAHOO
TTE.PA,2026-01-15,55.4529,EUR,YAHOO
TTE.PA,2026-01-16,55.5115,EUR,YAHOO
TTE.PA,2026-01-19,54.8372,EUR,YAHOO
TTE.PA,2026-01-20,55.6093,EUR,YAHOO
TTE.PA,2026-01-21,56.44,EUR,YAHOO
TTE.PA,2026-01-22,55.9415,EUR,YAHOO
TTE.PA,2026-01-23,56.6648,EUR,YAHOO
TTE.PA,2026-01-26,57.5639,EUR,YAHOO
TTE.PA,2026-01-27,57.9939,EUR,YAHOO
TTE.PA,2026-01-28,58.6389,EUR,YAHOO
TTE.PA,2026-01-29,59.4403,EUR,YAHOO
TTE.PA,2026-01-30,59.7628,EUR,YAHOO
TTE.PA,2026-02-02,59.2546,EUR,YAHOO
TTE.PA,2026-02-03,60.0854,EUR,YAHOO
TTE.PA,2026-02-04,61.1409,EUR,YAHOO
TTE.PA,2026-02-05,60.5447,EUR,YAHOO
TTE.PA,2026-02-06,61.1604,EUR,YAHOO
TTE.PA,2026-02-09,61.2093,EUR,YAHOO
TTE.PA,2026-02-10,61.092,EUR,YAHOO
TTE.PA,2026-02-11,62.7632,EUR,YAHOO
TTE.PA,2026-02-12,62.8414,EUR,YAHOO
TTE.PA,2026-02-13,62.9196,EUR,YAHOO
TTE.PA,2026-02-16,62.7046,EUR,YAHOO
TTE.PA,2026-02-17,63.1053,EUR,YAHOO
TTE.PA,2026-02-18,63.8578,EUR,YAHOO
TTE.PA,2026-02-19,65.0208,EUR,YAHOO
TTE.PA,2026-02-20,63.9555,EUR,YAHOO
TTE.PA,2026-02-23,64.6397,EUR,YAHOO
TTE.PA,2026-02-24,65.2065,EUR,YAHOO
TTE.PA,2026-02-25,65.8418,EUR,YAHOO
TTE.PA,2026-02-26,66.0177,EUR,YAHOO
TTE.PA,2026-02-27,65.7538,EUR,YAHOO
TTE.PA,2026-03-02,67.7866,EUR,YAHOO
TTE.PA,2026-03-03,66.5552,EUR,YAHOO
TTE.PA,2026-03-04,65.3433,EUR,YAHOO
TTE.PA,2026-03-05,65.2554,EUR,YAHOO
TTE.PA,2026-03-06,66.4575,EUR,YAHOO
TTE.PA,2026-03-09,67.3273,EUR,YAHOO
TTE.PA,2026-03-10,67.1807,EUR,YAHOO
TTE.PA,2026-03-11,68.4121,EUR,YAHOO
TTE.PA,2026-03-12,68.803,EUR,YAHOO
TTE.PA,2026-03-13,70.6892,EUR,YAHOO
TTE.PA,2026-03-16,70.7577,EUR,YAHOO
TTE.PA,2026-03-17,72.7905,EUR,YAHOO
TTE.PA,2026-03-18,73.7091,EUR,YAHOO
TTE.PA,2026-03-19,76.8072,EUR,YAHOO
TTE.PA,2026-03-20,75.2142,EUR,YAHOO
TTE.PA,2026-03-23,74.276,EUR,YAHOO
TTE.PA,2026-03-24,75.4585,EUR,YAHOO
TTE.PA,2026-03-25,75.1263,EUR,YAHOO
TTE.PA,2026-03-26,77.2959,EUR,YAHOO
TTE.PA,2026-03-27,76.7095,EUR,YAHOO
TTE.PA,2026-03-30,79.1821,EUR,YAHOO
TTE.PA,2026-03-31,79.913,EUR,YAHOO
TTE.PA,2026-04-01,76.6043,EUR,YAHOO
TTE.PA,2026-04-02,78.4414,EUR,YAHOO
TTE.PA,2026-04-07,78.2833,EUR,YAHOO
TTE.PA,2026-04-08,75.8635,EUR,YAHOO
TTE.PA,2026-04-09,77.8981,EUR,YAHOO
TTE.PA,2026-04-10,77.6413,EUR,YAHOO
TTE.PA,2026-04-13,78.6784,EUR,YAHOO
TTE.PA,2026-04-14,76.4364,EUR,YAHOO
TTE.PA,2026-04-15,75.7351,EUR,YAHOO
TTE.PA,2026-04-16,76.1697,EUR,YAHOO
TTE.PA,2026-04-17,72.1696,EUR,YAHOO
TTE.PA,2026-04-20,73.4931,EUR,YAHOO
TTE.PA,2026-04-21,74.1054,EUR,YAHOO
TTE.PA,2026-04-22,75.0832,EUR,YAHOO
TTE.PA,2026-04-23,75.6561,EUR,YAHOO
TTE.PA,2026-04-24,76.0512,EUR,YAHOO
TTE.PA,2026-04-27,75.8635,EUR,YAHOO
TTE.PA,2026-04-28,77.3055,EUR,YAHOO
TTE.PA,2026-04-29,77.266,EUR,YAHOO
TTE.PA,2026-04-30,78.313,EUR,YAHOO
TTE.PA,2026-05-04,77.6808,EUR,YAHOO
TTE.PA,2026-05-05,78.3228,EUR,YAHOO
TTE.PA,2026-05-06,75.8043,EUR,YAHOO
TTE.PA,2026-05-07,74.3425,EUR,YAHOO
TTE.PA,2026-05-08,74.866,EUR,YAHOO
TTE.PA,2026-05-11,75.9623,EUR,YAHOO
TTE.PA,2026-05-12,77.3352,EUR,YAHOO
TTE.PA,2026-05-13,76.8512,EUR,YAHOO
TTE.PA,2026-05-14,77.3154,EUR,YAHOO
TTE.PA,2026-05-15,77.7105,EUR,YAHOO
TTE.PA,2026-05-18,79.2809,EUR,YAHOO
TTE.PA,2026-05-19,78.8068,EUR,YAHOO
TTE.PA,2026-05-20,78.629,EUR,YAHOO
TTE.PA,2026-05-21,79.271,EUR,YAHOO
TTE.PA,2026-05-22,77.6808,EUR,YAHOO
TTE.PA,2026-05-25,76.7129,EUR,YAHOO
TTE.PA,2026-05-26,77.2561,EUR,YAHOO
TTE.PA,2026-05-27,74.4906,EUR,YAHOO
TTE.PA,2026-05-28,74.4906,EUR,YAHOO
TTE.PA,2026-05-29,74.2536,EUR,YAHOO
TTE.PA,2026-06-01,75.4388,EUR,YAHOO
TTE.PA,2026-06-02,75.7055,EUR,YAHOO
TTE.PA,2026-06-03,76.624,EUR,YAHOO
TTE.PA,2026-06-04,76.4265,EUR,YAHOO
TTE.PA,2026-06-05,76.4166,EUR,YAHOO
TTE.PA,2026-06-08,76.387,EUR,YAHOO
TTE.PA,2026-06-09,75.5277,EUR,YAHOO
TTE.PA,2026-06-10,76.2882,EUR,YAHOO
TTE.PA,2026-06-11,77.0388,EUR,YAHOO
TTE.PA,2026-06-12,75.4388,EUR,YAHOO
TTE.PA,2026-06-15,72.1005,EUR,YAHOO
TTE.PA,2026-06-16,72.1498,EUR,YAHOO
TTE.PA,2026-06-17,71.3202,EUR,YAHOO
TTE.PA,2026-06-18,69.4732,EUR,YAHOO
TTE.PA,2026-06-19,70.1942,EUR,YAHOO
TTE.PA,2026-06-22,70.0461,EUR,YAHOO
TTE.PA,2026-06-23,69.9374,EUR,YAHOO
TTE.PA,2026-06-24,68.6535,EUR,YAHOO
TTE.PA,2026-06-25,68.4164,EUR,YAHOO
TTE.PA,2026-06-26,67.5176,EUR,YAHOO
TTE.PA,2026-06-29,68.13,EUR,YAHOO
TTE.PA,2026-06-30,68.03,EUR,YAHOO
TTE.PA,2026-07-01,65.92,EUR,YAHOO
TTE.PA,2026-07-02,66.88,EUR,YAHOO
TTE.PA,2026-07-03,66.94,EUR,YAHOO
TTE.PA,2026-07-06,67.15,EUR,YAHOO
TTE.PA,2026-07-07,67.78,EUR,YAHOO
TTE.PA,2026-07-08,69.35,EUR,YAHOO
TTE.PA,2026-07-09,68.82,EUR,YAHOO
TTE.PA,2026-07-10,68.38,EUR,YAHOO
TTE.PA,2026-07-13,70.42,EUR,YAHOO
TTE.PA,2026-07-14,71.2,EUR,YAHOO
TTE.PA,2026-07-15,70.64,EUR,YAHOO
TTE.PA,2026-07-16,69.59,EUR,YAHOO
TTE.PA,2026-07-17,70.51,EUR,YAHOO
TTE.PA,2026-07-20,71.14,EUR,YAHOO
TTE.PA,2026-07-21,72.81,EUR,YAHOO
TTE.PA,2026-07-22,74.29,EUR,YAHOO
TTE.PA,2026-07-23,76.18,EUR,YAHOO
TTE.PA,2026-07-24,75.9,EUR,YAHOO
TTE.PA,2026-07-27,74.38,EUR,YAHOO
TTE.PA,2026-07-28,73.78,EUR,YAHOO
TTE.PA,2026-07-29,75.83,EUR,YAHOO
TTE.PA,2026-07-30,75.57,EUR,YAHOO
TTE.PA,2026-07-31,76.42,EUR,YAHOO
TTE.PA,2026-08-03,76.43,EUR,YAHOO
TTE.PA,2026-08-04,74.25,EUR,YAHOO
TTE.PA,2026-08-05,73.8,EUR,YAHOO
TTE.PA,2026-08-06,74.54,EUR,YAHOO
TTE.PA,2026-08-07,74.09,EUR,YAHOO
TTE.PA,2026-08-10,75.54,EUR,YAHOO
TTE.PA,2026-08-11,76.59,EUR,YAHOO
TTE.PA,2026-08-12,75.53,EUR,YAHOO
TTE.PA,2026-08-13,75.41,EUR,YAHOO
TTE.PA,2026-08-14,75.78,EUR,YAHOO
TTE.PA,2026-08-17,75.93,EUR,YAHOO
TTE.PA,2026-08-18,76.9,EUR,YAHOO
TTE.PA,2026-08-19,77.66,EUR,YAHOO
TTE.PA,2026-08-20,78.32,EUR,YAHOO
TTE.PA,2026-08-21,77.44,EUR,YAHOO
TTE.PA,2026-08-24,75.98,EUR,YAHOO
TTE.PA,2026-08-25,75.7,EUR,YAHOO
TTE.PA,2026-08-26,75.28,EUR,YAHOO
TTE.PA,2026-08-27,74.17,EUR,YAHOO
TTE.PA,2026-08-28,74.67,EUR,YAHOO
TTE.PA,2026-08-31,75.53,EUR,YAHOO
TTE.PA,2026-09-01,77.61,EUR,YAHOO
TTE.PA,2026-09-02,78.3,EUR,YAHOO
TTE.PA,2026-09-03,78.02,EUR,YAHOO
TTE.PA,2026-09-04,76.1,EUR,YAHOO
TTE.PA,2026-09-08,77.75,EUR,YAHOO
TTE.PA,2026-09-09,78.21,EUR,YAHOO
TTE.PA,2026-09-10,78.38,EUR,YAHOO
TTE.PA,2026-09-11,78.77,EUR,YAHOO
VNQ,2023-09-14,72.9204,USD,YAHOO
VNQ,2023-09-15,72.6451,USD,YAHOO
VNQ,2023-09-18,71.9969,USD,YAHOO
VNQ,2023-09-19,71.6684,USD,YAHOO
VNQ,2023-09-20,71.7305,USD,YAHOO
VNQ,2023-09-21,69.2886,USD,YAHOO
VNQ,2023-09-22,68.7647,USD,YAHOO
VNQ,2023-09-25,68.7026,USD,YAHOO
VNQ,2023-09-26,67.4505,USD,YAHOO
VNQ,2023-09-27,66.9976,USD,YAHOO
VNQ,2023-09-28,67.6405,USD,YAHOO
VNQ,2023-09-29,67.8378,USD,YAHOO
VNQ,2023-10-02,66.5915,USD,YAHOO
VNQ,2023-10-03,65.2914,USD,YAHOO
VNQ,2023-10-04,66.0894,USD,YAHOO
VNQ,2023-10-05,66.457,USD,YAHOO
VNQ,2023-10-06,66.6363,USD,YAHOO
VNQ,2023-10-09,67.3626,USD,YAHOO
VNQ,2023-10-10,67.6853,USD,YAHOO
VNQ,2023-10-11,68.8599,USD,YAHOO
VNQ,2023-10-12,67.8557,USD,YAHOO
VNQ,2023-10-13,67.6853,USD,YAHOO
VNQ,2023-10-16,68.4923,USD,YAHOO
VNQ,2023-10-17,68.3937,USD,YAHOO
VNQ,2023-10-18,66.9412,USD,YAHOO
VNQ,2023-10-19,65.3541,USD,YAHOO
VNQ,2023-10-20,64.9148,USD,YAHOO
VNQ,2023-10-23,64.2782,USD,YAHOO
VNQ,2023-10-24,65.1031,USD,YAHOO
VNQ,2023-10-25,63.7044,USD,YAHOO
VNQ,2023-10-26,64.9238,USD,YAHOO
VNQ,2023-10-27,63.8837,USD,YAHOO
VNQ,2023-10-30,64.2872,USD,YAHOO
VNQ,2023-10-31,65.3811,USD,YAHOO
VNQ,2023-11-01,65.7845,USD,YAHOO
VNQ,2023-11-02,67.9454,USD,YAHOO
VNQ,2023-11-03,69.5682,USD,YAHOO
VNQ,2023-11-06,68.564,USD,YAHOO
VNQ,2023-11-07,67.9992,USD,YAHOO
VNQ,2023-11-08,68.2233,USD,YAHOO
VNQ,2023-11-09,67.1474,USD,YAHOO
VNQ,2023-11-10,67.775,USD,YAHOO
VNQ,2023-11-13,67.2101,USD,YAHOO
VNQ,2023-11-14,70.9401,USD,YAHOO
VNQ,2023-11-15,71.1463,USD,YAHOO
VNQ,2023-11-16,70.9938,USD,YAHOO
VNQ,2023-11-17,70.9401,USD,YAHOO
VNQ,2023-11-20,71.4601,USD,YAHOO
VNQ,2023-11-21,70.958,USD,YAHOO
VNQ,2023-11-22,71.3077,USD,YAHOO
VNQ,2023-11-24,71.5139,USD,YAHOO
VNQ,2023-11-27,71.7739,USD,YAHOO
VNQ,2023-11-28,72.2491,USD,YAHOO
VNQ,2023-11-29,72.7512,USD,YAHOO
VNQ,2023-11-30,73.2802,USD,YAHOO
VNQ,2023-12-01,75.0824,USD,YAHOO
VNQ,2023-12-04,75.6293,USD,YAHOO
VNQ,2023-12-05,75.1272,USD,YAHOO
VNQ,2023-12-06,74.9031,USD,YAHOO
VNQ,2023-12-07,75.1183,USD,YAHOO
VNQ,2023-12-08,74.9927,USD,YAHOO
VNQ,2023-12-11,75.199,USD,YAHOO
VNQ,2023-12-12,75.1541,USD,YAHOO
VNQ,2023-12-13,78.0323,USD,YAHOO
VNQ,2023-12-14,80.2828,USD,YAHOO
VNQ,2023-12-15,79.153,USD,YAHOO
VNQ,2023-12-18,78.9737,USD,YAHOO
VNQ,2023-12-19,79.5744,USD,YAHOO
VNQ,2023-12-20,78.6061,USD,YAHOO
VNQ,2023-12-21,79.3032,USD,YAHOO
VNQ,2023-12-22,79.6118,USD,YAHOO
VNQ,2023-12-26,80.2018,USD,YAHOO
VNQ,2023-12-27,80.5921,USD,YAHOO
VNQ,2023-12-28,81.1639,USD,YAHOO
VNQ,2023-12-29,80.2018,USD,YAHOO
VNQ,2024-01-02,80.8916,USD,YAHOO
VNQ,2024-01-03,78.9583,USD,YAHOO
VNQ,2024-01-04,78.813,USD,YAHOO
VNQ,2024-01-05,78.6133,USD,YAHOO
VNQ,2024-01-08,79.7389,USD,YAHOO
VNQ,2024-01-09,79.2033,USD,YAHOO
VNQ,2024-01-10,79.2941,USD,YAHOO
VNQ,2024-01-11,78.5589,USD,YAHOO
VNQ,2024-01-12,79.0309,USD,YAHOO
VNQ,2024-01-16,78.45,USD,YAHOO
VNQ,2024-01-17,77.0159,USD,YAHOO
VNQ,2024-01-18,76.5983,USD,YAHOO
VNQ,2024-01-19,77.5151,USD,YAHOO
VNQ,2024-01-22,77.978,USD,YAHOO
VNQ,2024-01-23,77.4425,USD,YAHOO
VNQ,2024-01-24,76.3351,USD,YAHOO
VNQ,2024-01-25,77.3154,USD,YAHOO
VNQ,2024-01-26,77.0975,USD,YAHOO
VNQ,2024-01-29,77.6058,USD,YAHOO
VNQ,2024-01-30,76.8797,USD,YAHOO
VNQ,2024-01-31,76.1445,USD,YAHOO
VNQ,2024-02-01,77.5242,USD,YAHOO
VNQ,2024-02-02,76.562,USD,YAHOO
VNQ,2024-02-05,74.9555,USD,YAHOO
VNQ,2024-02-06,75.963,USD,YAHOO
VNQ,2024-02-07,75.854,USD,YAHOO
VNQ,2024-02-08,76.4712,USD,YAHOO
VNQ,2024-02-09,76.5892,USD,YAHOO
VNQ,2024-02-12,76.6074,USD,YAHOO
VNQ,2024-02-13,75.028,USD,YAHOO
VNQ,2024-02-14,75.618,USD,YAHOO
VNQ,2024-02-15,77.3789,USD,YAHOO
VNQ,2024-02-16,76.5802,USD,YAHOO
VNQ,2024-02-20,76.444,USD,YAHOO
VNQ,2024-02-21,76.8706,USD,YAHOO
VNQ,2024-02-22,77.0159,USD,YAHOO
VNQ,2024-02-23,76.9795,USD,YAHOO
VNQ,2024-02-26,76.1354,USD,YAHOO
VNQ,2024-02-27,76.2262,USD,YAHOO
VNQ,2024-02-28,76.9977,USD,YAHOO
VNQ,2024-02-29,77.6512,USD,YAHOO
VNQ,2024-03-01,78.577,USD,YAHOO
VNQ,2024-03-04,79.3123,USD,YAHOO
VNQ,2024-03-05,78.3501,USD,YAHOO
VNQ,2024-03-06,78.7404,USD,YAHOO
VNQ,2024-03-07,78.7223,USD,YAHOO
VNQ,2024-03-08,79.63,USD,YAHOO
VNQ,2024-03-11,79.2487,USD,YAHOO
VNQ,2024-03-12,79.0763,USD,YAHOO
VNQ,2024-03-13,78.6769,USD,YAHOO
VNQ,2024-03-14,77.4969,USD,YAHOO
VNQ,2024-03-15,77.3245,USD,YAHOO
VNQ,2024-03-18,77.3608,USD,YAHOO
VNQ,2024-03-19,77.3335,USD,YAHOO
VNQ,2024-03-20,77.8418,USD,YAHOO
VNQ,2024-03-21,78.4046,USD,YAHOO
VNQ,2024-03-22,77.4178,USD,YAHOO
VNQ,2024-03-25,76.9417,USD,YAHOO
VNQ,2024-03-26,76.6305,USD,YAHOO
VNQ,2024-03-27,78.6078,USD,YAHOO
VNQ,2024-03-28,79.1662,USD,YAHOO
VNQ,2024-04-01,77.8389,USD,YAHOO
VNQ,2024-04-02,76.8593,USD,YAHOO
VNQ,2024-04-03,76.9417,USD,YAHOO
VNQ,2024-04-04,76.4474,USD,YAHOO
VNQ,2024-04-05,76.841,USD,YAHOO
VNQ,2024-04-08,77.6649,USD,YAHOO
VNQ,2024-04-09,78.6994,USD,YAHOO
VNQ,2024-04-10,75.4404,USD,YAHOO
VNQ,2024-04-11,75.6968,USD,YAHOO
VNQ,2024-04-12,74.7996,USD,YAHOO
VNQ,2024-04-15,73.5272,USD,YAHOO
VNQ,2024-04-16,72.4928,USD,YAHOO
VNQ,2024-04-17,71.9618,USD,YAHOO
VNQ,2024-04-18,71.971,USD,YAHOO
VNQ,2024-04-19,72.3188,USD,YAHOO
VNQ,2024-04-22,72.9596,USD,YAHOO
VNQ,2024-04-23,73.6279,USD,YAHOO
VNQ,2024-04-24,73.7652,USD,YAHOO
VNQ,2024-04-25,73.3441,USD,YAHOO
VNQ,2024-04-26,73.3807,USD,YAHOO
VNQ,2024-04-29,74.1314,USD,YAHOO
VNQ,2024-04-30,72.8772,USD,YAHOO
VNQ,2024-05-01,72.9047,USD,YAHOO
VNQ,2024-05-02,73.93,USD,YAHOO
VNQ,2024-05-03,74.4243,USD,YAHOO
VNQ,2024-05-06,74.4884,USD,YAHOO
VNQ,2024-05-07,75.1933,USD,YAHOO
VNQ,2024-05-08,74.5616,USD,YAHOO
VNQ,2024-05-09,76.0904,USD,YAHOO
VNQ,2024-05-10,75.8798,USD,YAHOO
VNQ,2024-05-13,76.127,USD,YAHOO
VNQ,2024-05-14,76.7129,USD,YAHOO
VNQ,2024-05-15,77.7748,USD,YAHOO
VNQ,2024-05-16,77.7198,USD,YAHOO
VNQ,2024-05-17,77.7107,USD,YAHOO
VNQ,2024-05-20,77.253,USD,YAHOO
VNQ,2024-05-21,77.2255,USD,YAHOO
VNQ,2024-05-22,76.5298,USD,YAHOO
VNQ,2024-05-23,74.882,USD,YAHOO
VNQ,2024-05-24,74.9369,USD,YAHOO
VNQ,2024-05-28,74.4426,USD,YAHOO
VNQ,2024-05-29,73.7194,USD,YAHOO
VNQ,2024-05-30,74.7996,USD,YAHOO
VNQ,2024-05-31,76.2002,USD,YAHOO
VNQ,2024-06-03,76.0263,USD,YAHOO
VNQ,2024-06-04,76.6122,USD,YAHOO
VNQ,2024-06-05,76.5206,USD,YAHOO
VNQ,2024-06-06,76.6671,USD,YAHOO
VNQ,2024-06-07,75.9439,USD,YAHOO
VNQ,2024-06-10,76.2002,USD,YAHOO
VNQ,2024-06-11,75.9256,USD,YAHOO
VNQ,2024-06-12,76.603,USD,YAHOO
VNQ,2024-06-13,76.9143,USD,YAHOO
VNQ,2024-06-14,76.896,USD,YAHOO
VNQ,2024-06-17,76.5939,USD,YAHOO
VNQ,2024-06-18,76.896,USD,YAHOO
VNQ,2024-06-20,76.6763,USD,YAHOO
VNQ,2024-06-21,76.8685,USD,YAHOO
VNQ,2024-06-24,77.4635,USD,YAHOO
VNQ,2024-06-25,76.5115,USD,YAHOO
VNQ,2024-06-26,76.2735,USD,YAHOO
VNQ,2024-06-27,77.015,USD,YAHOO
VNQ,2024-06-28,77.6294,USD,YAHOO
VNQ,2024-07-01,76.8973,USD,YAHOO
VNQ,2024-07-02,77.2587,USD,YAHOO
VNQ,2024-07-03,77.1846,USD,YAHOO
VNQ,2024-07-05,77.3977,USD,YAHOO
VNQ,2024-07-08,77.648,USD,YAHOO
VNQ,2024-07-09,77.6294,USD,YAHOO
VNQ,2024-07-10,78.2041,USD,YAHOO
VNQ,2024-07-11,80.447,USD,YAHOO
VNQ,2024-07-12,81.0586,USD,YAHOO
VNQ,2024-07-15,81.6055,USD,YAHOO
VNQ,2024-07-16,82.6064,USD,YAHOO
VNQ,2024-07-17,83.1717,USD,YAHOO
VNQ,2024-07-18,82.4396,USD,YAHOO
VNQ,2024-07-19,82.2913,USD,YAHOO
VNQ,2024-07-22,83.144,USD,YAHOO
VNQ,2024-07-23,83.0791,USD,YAHOO
VNQ,2024-07-24,81.8557,USD,YAHOO
VNQ,2024-07-25,81.5869,USD,YAHOO
VNQ,2024-07-26,83.0142,USD,YAHOO
VNQ,2024-07-29,83.4405,USD,YAHOO
VNQ,2024-07-30,84.0893,USD,YAHOO
VNQ,2024-07-31,83.7927,USD,YAHOO
VNQ,2024-08-01,84.6361,USD,YAHOO
VNQ,2024-08-02,84.5898,USD,YAHOO
VNQ,2024-08-05,82.1708,USD,YAHOO
VNQ,2024-08-06,83.7927,USD,YAHOO
VNQ,2024-08-07,83.2181,USD,YAHOO
VNQ,2024-08-08,84.0337,USD,YAHOO
VNQ,2024-08-09,84.4229,USD,YAHOO
VNQ,2024-08-12,83.802,USD,YAHOO
VNQ,2024-08-13,84.5342,USD,YAHOO
VNQ,2024-08-14,84.7566,USD,YAHOO
VNQ,2024-08-15,84.6917,USD,YAHOO
VNQ,2024-08-16,84.6454,USD,YAHOO
VNQ,2024-08-19,85.3497,USD,YAHOO
VNQ,2024-08-20,85.2478,USD,YAHOO
VNQ,2024-08-21,85.7019,USD,YAHOO
VNQ,2024-08-22,85.9522,USD,YAHOO
VNQ,2024-08-23,87.8428,USD,YAHOO
VNQ,2024-08-26,87.8058,USD,YAHOO
VNQ,2024-08-27,87.9355,USD,YAHOO
VNQ,2024-08-28,87.5926,USD,YAHOO
VNQ,2024-08-29,87.3238,USD,YAHOO
VNQ,2024-08-30,88.1673,USD,YAHOO
VNQ,2024-09-03,88.1209,USD,YAHOO
VNQ,2024-09-04,88.3712,USD,YAHOO
VNQ,2024-09-05,88.0838,USD,YAHOO
VNQ,2024-09-06,88.0004,USD,YAHOO
VNQ,2024-09-09,88.9828,USD,YAHOO
VNQ,2024-09-10,90.2711,USD,YAHOO
VNQ,2024-09-11,90.095,USD,YAHOO
VNQ,2024-09-12,90.475,USD,YAHOO
VNQ,2024-09-13,91.4203,USD,YAHOO
VNQ,2024-09-16,91.7262,USD,YAHOO
VNQ,2024-09-17,91.0867,USD,YAHOO
VNQ,2024-09-18,90.9755,USD,YAHOO
VNQ,2024-09-19,90.994,USD,YAHOO
VNQ,2024-09-20,90.6326,USD,YAHOO
VNQ,2024-09-23,91.5316,USD,YAHOO
VNQ,2024-09-24,91.6613,USD,YAHOO
VNQ,2024-09-25,91.0496,USD,YAHOO
VNQ,2024-09-26,90.2248,USD,YAHOO
VNQ,2024-09-27,90.3397,USD,YAHOO
VNQ,2024-09-30,91.05,USD,YAHOO
VNQ,2024-10-01,90.4612,USD,YAHOO
VNQ,2024-10-02,90.1434,USD,YAHOO
VNQ,2024-10-03,89.321,USD,YAHOO
VNQ,2024-10-04,88.8911,USD,YAHOO
VNQ,2024-10-07,88.106,USD,YAHOO
VNQ,2024-10-08,88.2836,USD,YAHOO
VNQ,2024-10-09,88.377,USD,YAHOO
VNQ,2024-10-10,87.592,USD,YAHOO
VNQ,2024-10-11,88.5826,USD,YAHOO
VNQ,2024-10-14,89.1154,USD,YAHOO
VNQ,2024-10-15,90.1902,USD,YAHOO
VNQ,2024-10-16,91.1809,USD,YAHOO
VNQ,2024-10-17,90.4612,USD,YAHOO
VNQ,2024-10-18,91.1342,USD,YAHOO
VNQ,2024-10-21,89.349,USD,YAHOO
VNQ,2024-10-22,89.4799,USD,YAHOO
VNQ,2024-10-23,90.1341,USD,YAHOO
VNQ,2024-10-24,90.3304,USD,YAHOO
VNQ,2024-10-25,89.4799,USD,YAHOO
VNQ,2024-10-28,89.7603,USD,YAHOO
VNQ,2024-10-29,89.1154,USD,YAHOO
VNQ,2024-10-30,89.5079,USD,YAHOO
VNQ,2024-10-31,87.9938,USD,YAHOO
VNQ,2024-11-01,87.0218,USD,YAHOO
VNQ,2024-11-04,87.9752,USD,YAHOO
VNQ,2024-11-05,89.1434,USD,YAHOO
VNQ,2024-11-06,87.2462,USD,YAHOO
VNQ,2024-11-07,88.2929,USD,YAHOO
VNQ,2024-11-08,89.6107,USD,YAHOO
VNQ,2024-11-11,89.1621,USD,YAHOO
VNQ,2024-11-12,87.9284,USD,YAHOO
VNQ,2024-11-13,88.4144,USD,YAHOO
VNQ,2024-11-14,87.62,USD,YAHOO
VNQ,2024-11-15,87.6667,USD,YAHOO
VNQ,2024-11-18,88.3023,USD,YAHOO
VNQ,2024-11-19,88.7322,USD,YAHOO
VNQ,2024-11-20,88.62,USD,YAHOO
VNQ,2024-11-21,89.2743,USD,YAHOO
VNQ,2024-11-22,89.9472,USD,YAHOO
VNQ,2024-11-25,91.1996,USD,YAHOO
VNQ,2024-11-26,91.5641,USD,YAHOO
VNQ,2024-11-27,92.1529,USD,YAHOO
VNQ,2024-11-29,91.7416,USD,YAHOO
VNQ,2024-12-02,90.4052,USD,YAHOO
VNQ,2024-12-03,89.9472,USD,YAHOO
VNQ,2024-12-04,89.7042,USD,YAHOO
VNQ,2024-12-05,89.4892,USD,YAHOO
VNQ,2024-12-06,89.3584,USD,YAHOO
VNQ,2024-12-09,89.6107,USD,YAHOO
VNQ,2024-12-10,88.3116,USD,YAHOO
VNQ,2024-12-11,88.106,USD,YAHOO
VNQ,2024-12-12,87.9658,USD,YAHOO
VNQ,2024-12-13,87.7135,USD,YAHOO
VNQ,2024-12-16,87.405,USD,YAHOO
VNQ,2024-12-17,86.9845,USD,YAHOO
VNQ,2024-12-18,83.3956,USD,YAHOO
VNQ,2024-12-19,82.1058,USD,YAHOO
VNQ,2024-12-20,83.489,USD,YAHOO
VNQ,2024-12-23,83.8155,USD,YAHOO
VNQ,2024-12-24,84.3723,USD,YAHOO
VNQ,2024-12-26,84.5987,USD,YAHOO
VNQ,2024-12-27,83.7495,USD,YAHOO
VNQ,2024-12-30,83.3343,USD,YAHOO
VNQ,2024-12-31,84.0609,USD,YAHOO
VNQ,2025-01-02,83.3154,USD,YAHOO
VNQ,2025-01-03,84.41,USD,YAHOO
VNQ,2025-01-06,83.3248,USD,YAHOO
VNQ,2025-01-07,82.5321,USD,YAHOO
VNQ,2025-01-08,82.7492,USD,YAHOO
VNQ,2025-01-10,80.7298,USD,YAHOO
VNQ,2025-01-13,81.7206,USD,YAHOO
VNQ,2025-01-14,82.4661,USD,YAHOO
VNQ,2025-01-15,82.9379,USD,YAHOO
VNQ,2025-01-16,84.6554,USD,YAHOO
VNQ,2025-01-17,84.5987,USD,YAHOO
VNQ,2025-01-21,86.1841,USD,YAHOO
VNQ,2025-01-22,84.6837,USD,YAHOO
VNQ,2025-01-23,85.3065,USD,YAHOO
VNQ,2025-01-24,85.599,USD,YAHOO
VNQ,2025-01-27,86.7408,USD,YAHOO
VNQ,2025-01-28,85.6934,USD,YAHOO
VNQ,2025-01-29,84.561,USD,YAHOO
VNQ,2025-01-30,85.6368,USD,YAHOO
VNQ,2025-01-31,85.448,USD,YAHOO
VNQ,2025-02-03,85.2687,USD,YAHOO
VNQ,2025-02-04,85.3348,USD,YAHOO
VNQ,2025-02-05,86.5332,USD,YAHOO
VNQ,2025-02-06,86.7503,USD,YAHOO
VNQ,2025-02-07,86.4672,USD,YAHOO
VNQ,2025-02-10,388.9323,USD,YAHOO
VNQ,2025-02-11,86.8069,USD,YAHOO
VNQ,2025-02-12,86.0048,USD,YAHOO
VNQ,2025-02-13,86.8635,USD,YAHOO
VNQ,2025-02-14,86.4672,USD,YAHOO
VNQ,2025-02-18,86.8541,USD,YAHOO
VNQ,2025-02-19,86.9201,USD,YAHOO
VNQ,2025-02-20,87.3354,USD,YAHOO
VNQ,2025-02-21,86.4766,USD,YAHOO
VNQ,2025-02-24,86.8163,USD,YAHOO
VNQ,2025-02-25,87.8827,USD,YAHOO
VNQ,2025-02-26,87.5146,USD,YAHOO
VNQ,2025-02-27,87.8638,USD,YAHOO
VNQ,2025-02-28,88.6093,USD,YAHOO
VNQ,2025-03-03,89.0245,USD,YAHOO
VNQ,2025-03-04,87.9959,USD,YAHOO
VNQ,2025-03-05,88.9773,USD,YAHOO
VNQ,2025-03-06,86.6937,USD,YAHOO
VNQ,2025-03-07,87.2127,USD,YAHOO
VNQ,2025-03-10,86.3728,USD,YAHOO
VNQ,2025-03-11,85.3631,USD,YAHOO
VNQ,2025-03-12,85.0989,USD,YAHOO
VNQ,2025-03-13,83.4192,USD,YAHOO
VNQ,2025-03-14,85.0895,USD,YAHOO
VNQ,2025-03-17,86.5427,USD,YAHOO
VNQ,2025-03-18,86.0897,USD,YAHOO
VNQ,2025-03-19,86.1935,USD,YAHOO
VNQ,2025-03-20,86.1369,USD,YAHOO
VNQ,2025-03-21,85.1838,USD,YAHOO
VNQ,2025-03-24,86.4955,USD,YAHOO
VNQ,2025-03-25,85.525,USD,YAHOO
VNQ,2025-03-26,85.8587,USD,YAHOO
VNQ,2025-03-27,85.6394,USD,YAHOO
VNQ,2025-03-28,85.525,USD,YAHOO
VNQ,2025-03-31,86.3163,USD,YAHOO
VNQ,2025-04-01,86.3544,USD,YAHOO
VNQ,2025-04-02,86.8787,USD,YAHOO
VNQ,2025-04-03,83.9138,USD,YAHOO
VNQ,2025-04-04,80.272,USD,YAHOO
VNQ,2025-04-07,78.1651,USD,YAHOO
VNQ,2025-04-08,76.0678,USD,YAHOO
VNQ,2025-04-09,80.6057,USD,YAHOO
VNQ,2025-04-10,78.7657,USD,YAHOO
VNQ,2025-04-11,79.7286,USD,YAHOO
VNQ,2025-04-14,81.3779,USD,YAHOO
VNQ,2025-04-15,81.6258,USD,YAHOO
VNQ,2025-04-16,81.5686,USD,YAHOO
VNQ,2025-04-17,82.7889,USD,YAHOO
VNQ,2025-04-21,81.0633,USD,YAHOO
VNQ,2025-04-22,82.6363,USD,YAHOO
VNQ,2025-04-23,82.7889,USD,YAHOO
VNQ,2025-04-24,83.0939,USD,YAHOO
VNQ,2025-04-25,82.9509,USD,YAHOO
VNQ,2025-04-28,83.4658,USD,YAHOO
VNQ,2025-04-29,83.9138,USD,YAHOO
VNQ,2025-04-30,84.2094,USD,YAHOO
VNQ,2025-05-01,84.4858,USD,YAHOO
VNQ,2025-05-02,85.525,USD,YAHOO
VNQ,2025-05-05,85.3343,USD,YAHOO
VNQ,2025-05-06,84.6765,USD,YAHOO
VNQ,2025-05-07,84.7718,USD,YAHOO
VNQ,2025-05-08,84.4382,USD,YAHOO
VNQ,2025-05-09,85.0006,USD,YAHOO
VNQ,2025-05-12,85.4201,USD,YAHOO
VNQ,2025-05-13,84.3333,USD,YAHOO
VNQ,2025-05-14,83.5039,USD,YAHOO
VNQ,2025-05-15,85.0293,USD,YAHOO
VNQ,2025-05-16,86.0875,USD,YAHOO
VNQ,2025-05-19,86.1065,USD,YAHOO
VNQ,2025-05-20,85.6013,USD,YAHOO
VNQ,2025-05-21,83.3228,USD,YAHOO
VNQ,2025-05-22,82.9414,USD,YAHOO
VNQ,2025-05-23,83.0272,USD,YAHOO
VNQ,2025-05-27,84.4763,USD,YAHOO
VNQ,2025-05-28,84.3905,USD,YAHOO
VNQ,2025-05-29,85.1532,USD,YAHOO
VNQ,2025-05-30,85.1532,USD,YAHOO
VNQ,2025-06-02,85.2676,USD,YAHOO
VNQ,2025-06-03,85.096,USD,YAHOO
VNQ,2025-06-04,85.3343,USD,YAHOO
VNQ,2025-06-05,85.2676,USD,YAHOO
VNQ,2025-06-06,85.6775,USD,YAHOO
VNQ,2025-06-09,85.7919,USD,YAHOO
VNQ,2025-06-10,86.526,USD,YAHOO
VNQ,2025-06-11,86.0589,USD,YAHOO
VNQ,2025-06-12,86.4783,USD,YAHOO
VNQ,2025-06-13,85.6394,USD,YAHOO
VNQ,2025-06-16,85.7061,USD,YAHOO
VNQ,2025-06-17,85.4011,USD,YAHOO
VNQ,2025-06-18,85.6966,USD,YAHOO
VNQ,2025-06-20,85.6394,USD,YAHOO
VNQ,2025-06-23,86.9264,USD,YAHOO
VNQ,2025-06-24,87.1552,USD,YAHOO
VNQ,2025-06-25,85.0578,USD,YAHOO
VNQ,2025-06-26,84.9789,USD,YAHOO
VNQ,2025-06-27,85.1907,USD,YAHOO
VNQ,2025-06-30,85.7395,USD,YAHOO
VNQ,2025-07-01,86.3652,USD,YAHOO
VNQ,2025-07-02,86.5674,USD,YAHOO
VNQ,2025-07-03,86.6637,USD,YAHOO
VNQ,2025-07-07,85.9224,USD,YAHOO
VNQ,2025-07-08,85.7972,USD,YAHOO
VNQ,2025-07-09,85.8646,USD,YAHOO
VNQ,2025-07-10,86.4037,USD,YAHOO
VNQ,2025-07-11,86.4134,USD,YAHOO
VNQ,2025-07-14,86.9717,USD,YAHOO
VNQ,2025-07-15,85.6913,USD,YAHOO
VNQ,2025-07-16,86.5,USD,YAHOO
VNQ,2025-07-17,86.4037,USD,YAHOO
VNQ,2025-07-18,86.5866,USD,YAHOO
VNQ,2025-07-21,86.9428,USD,YAHOO
VNQ,2025-07-22,88.4351,USD,YAHOO
VNQ,2025-07-23,88.6083,USD,YAHOO
VNQ,2025-07-24,88.3003,USD,YAHOO
VNQ,2025-07-25,88.3099,USD,YAHOO
VNQ,2025-07-28,86.8947,USD,YAHOO
VNQ,2025-07-29,88.2906,USD,YAHOO
VNQ,2025-07-30,87.0391,USD,YAHOO
VNQ,2025-07-31,85.8165,USD,YAHOO
VNQ,2025-08-01,85.6047,USD,YAHOO
VNQ,2025-08-04,86.4807,USD,YAHOO
VNQ,2025-08-05,86.8755,USD,YAHOO
VNQ,2025-08-06,86.2016,USD,YAHOO
VNQ,2025-08-07,86.4519,USD,YAHOO
VNQ,2025-08-08,85.7395,USD,YAHOO
VNQ,2025-08-11,85.1715,USD,YAHOO
VNQ,2025-08-12,85.6528,USD,YAHOO
VNQ,2025-08-13,86.4519,USD,YAHOO
VNQ,2025-08-14,85.8357,USD,YAHOO
VNQ,2025-08-15,86.3267,USD,YAHOO
VNQ,2025-08-18,85.595,USD,YAHOO
VNQ,2025-08-19,87.068,USD,YAHOO
VNQ,2025-08-20,87.3183,USD,YAHOO
VNQ,2025-08-21,87.0584,USD,YAHOO
VNQ,2025-08-22,88.7431,USD,YAHOO
VNQ,2025-08-25,88.2329,USD,YAHOO
VNQ,2025-08-26,88.0018,USD,YAHOO
VNQ,2025-08-27,88.5506,USD,YAHOO
VNQ,2025-08-28,88.3195,USD,YAHOO
VNQ,2025-08-29,88.8009,USD,YAHOO
VNQ,2025-09-02,87.3279,USD,YAHOO
VNQ,2025-09-03,87.3761,USD,YAHOO
VNQ,2025-09-04,88.0307,USD,YAHOO
VNQ,2025-09-05,89.0223,USD,YAHOO
VNQ,2025-09-08,88.5024,USD,YAHOO
VNQ,2025-09-09,88.3003,USD,YAHOO
VNQ,2025-09-10,88.1559,USD,YAHOO
VNQ,2025-09-11,89.7636,USD,YAHOO
VNQ,2025-09-12,89.3496,USD,YAHOO
VNQ,2025-09-15,89.2052,USD,YAHOO
VNQ,2025-09-16,88.7335,USD,YAHOO
VNQ,2025-09-17,88.618,USD,YAHOO
VNQ,2025-09-18,88.8105,USD,YAHOO
VNQ,2025-09-19,88.2329,USD,YAHOO
VNQ,2025-09-22,88.2521,USD,YAHOO
VNQ,2025-09-23,88.7335,USD,YAHOO
VNQ,2025-09-24,87.8607,USD,YAHOO
VNQ,2025-09-25,87.5983,USD,YAHOO
VNQ,2025-09-26,88.4633,USD,YAHOO
VNQ,2025-09-29,88.4925,USD,YAHOO
VNQ,2025-09-30,88.8521,USD,YAHOO
VNQ,2025-10-01,88.9881,USD,YAHOO
VNQ,2025-10-02,88.5216,USD,YAHOO
VNQ,2025-10-03,88.8521,USD,YAHOO
VNQ,2025-10-06,88.0162,USD,YAHOO
VNQ,2025-10-07,87.6955,USD,YAHOO
VNQ,2025-10-08,87.2387,USD,YAHOO
VNQ,2025-10-09,86.7625,USD,YAHOO
VNQ,2025-10-10,85.6545,USD,YAHOO
VNQ,2025-10-13,86.1988,USD,YAHOO
VNQ,2025-10-14,87.0832,USD,YAHOO
VNQ,2025-10-15,88.3467,USD,YAHOO
VNQ,2025-10-16,88.0357,USD,YAHOO
VNQ,2025-10-17,88.6091,USD,YAHOO
VNQ,2025-10-20,89.5033,USD,YAHOO
VNQ,2025-10-21,89.2506,USD,YAHOO
VNQ,2025-10-22,89.6296,USD,YAHOO
VNQ,2025-10-23,89.5713,USD,YAHOO
VNQ,2025-10-24,89.8337,USD,YAHOO
VNQ,2025-10-27,90.0864,USD,YAHOO
VNQ,2025-10-28,88.3175,USD,YAHOO
VNQ,2025-10-29,86.0433,USD,YAHOO
VNQ,2025-10-30,86.4514,USD,YAHOO
VNQ,2025-10-31,86.675,USD,YAHOO
VNQ,2025-11-03,86.5487,USD,YAHOO
VNQ,2025-11-04,86.6944,USD,YAHOO
VNQ,2025-11-05,86.7722,USD,YAHOO
VNQ,2025-11-06,86.3543,USD,YAHOO
VNQ,2025-11-07,87.6955,USD,YAHOO
VNQ,2025-11-10,87.6469,USD,YAHOO
VNQ,2025-11-11,88.6285,USD,YAHOO
VNQ,2025-11-12,87.9676,USD,YAHOO
VNQ,2025-11-13,86.8888,USD,YAHOO
VNQ,2025-11-14,87.0735,USD,YAHOO
VNQ,2025-11-17,86.3543,USD,YAHOO
VNQ,2025-11-18,86.7042,USD,YAHOO
VNQ,2025-11-19,86.0238,USD,YAHOO
VNQ,2025-11-20,85.6642,USD,YAHOO
VNQ,2025-11-21,87.054,USD,YAHOO
VNQ,2025-11-24,87.2873,USD,YAHOO
VNQ,2025-11-25,88.094,USD,YAHOO
VNQ,2025-11-26,88.4827,USD,YAHOO
VNQ,2025-11-28,88.7743,USD,YAHOO
VNQ,2025-12-01,87.7538,USD,YAHOO
VNQ,2025-12-02,87.4428,USD,YAHOO
VNQ,2025-12-03,87.6663,USD,YAHOO
VNQ,2025-12-04,87.4525,USD,YAHOO
VNQ,2025-12-05,87.3553,USD,YAHOO
VNQ,2025-12-08,86.6847,USD,YAHOO
VNQ,2025-12-09,86.3543,USD,YAHOO
VNQ,2025-12-10,86.6653,USD,YAHOO
VNQ,2025-12-11,87.0443,USD,YAHOO
VNQ,2025-12-12,86.9374,USD,YAHOO
VNQ,2025-12-15,87.2095,USD,YAHOO
VNQ,2025-12-16,86.5681,USD,YAHOO
VNQ,2025-12-17,86.8888,USD,YAHOO
VNQ,2025-12-18,86.432,USD,YAHOO
VNQ,2025-12-19,86.1016,USD,YAHOO
VNQ,2025-12-22,86.5439,USD,YAHOO
VNQ,2025-12-23,86.4851,USD,YAHOO
VNQ,2025-12-24,87.0539,USD,YAHOO
VNQ,2025-12-26,87.152,USD,YAHOO
VNQ,2025-12-29,87.3285,USD,YAHOO
VNQ,2025-12-30,87.5051,USD,YAHOO
VNQ,2025-12-31,86.7891,USD,YAHOO
VNQ,2026-01-02,86.8185,USD,YAHOO
VNQ,2026-01-05,87.0147,USD,YAHOO
VNQ,2026-01-06,87.6522,USD,YAHOO
VNQ,2026-01-07,86.7989,USD,YAHOO
VNQ,2026-01-08,87.5737,USD,YAHOO
VNQ,2026-01-09,87.7503,USD,YAHOO
VNQ,2026-01-12,87.8679,USD,YAHOO
VNQ,2026-01-13,88.3583,USD,YAHOO
VNQ,2026-01-14,89.1234,USD,YAHOO
VNQ,2026-01-15,89.7412,USD,YAHOO
VNQ,2026-01-16,90.8397,USD,YAHOO
VNQ,2026-01-20,89.1528,USD,YAHOO
VNQ,2026-01-21,89.5059,USD,YAHOO
VNQ,2026-01-22,88.6232,USD,YAHOO
VNQ,2026-01-23,88.7997,USD,YAHOO
VNQ,2026-01-26,88.682,USD,YAHOO
VNQ,2026-01-27,88.6526,USD,YAHOO
VNQ,2026-01-28,87.7404,USD,YAHOO
VNQ,2026-01-29,88.9664,USD,YAHOO
VNQ,2026-01-30,89.0547,USD,YAHOO
VNQ,2026-02-02,88.1328,USD,YAHOO
VNQ,2026-02-03,87.9366,USD,YAHOO
VNQ,2026-02-04,89.2018,USD,YAHOO
VNQ,2026-02-05,89.0743,USD,YAHOO
VNQ,2026-02-06,90.4768,USD,YAHOO
VNQ,2026-02-09,90.8593,USD,YAHOO
VNQ,2026-02-10,92.0755,USD,YAHOO
VNQ,2026-02-11,91.5655,USD,YAHOO
VNQ,2026-02-12,91.4576,USD,YAHOO
VNQ,2026-02-13,92.7718,USD,YAHOO
VNQ,2026-02-17,93.6545,USD,YAHOO
VNQ,2026-02-18,92.5561,USD,YAHOO
VNQ,2026-02-19,92.3599,USD,YAHOO
VNQ,2026-02-20,93.0563,USD,YAHOO
VNQ,2026-02-23,93.0661,USD,YAHOO
VNQ,2026-02-24,93.3015,USD,YAHOO
VNQ,2026-02-25,93.0465,USD,YAHOO
VNQ,2026-02-26,93.684,USD,YAHOO
VNQ,2026-02-27,93.8507,USD,YAHOO
VNQ,2026-03-02,94.0861,USD,YAHOO
VNQ,2026-03-03,93.5859,USD,YAHOO
VNQ,2026-03-04,93.7036,USD,YAHOO
VNQ,2026-03-05,92.762,USD,YAHOO
VNQ,2026-03-06,91.7518,USD,YAHOO
VNQ,2026-03-09,91.9578,USD,YAHOO
VNQ,2026-03-10,91.8205,USD,YAHOO
VNQ,2026-03-11,90.8691,USD,YAHOO
VNQ,2026-03-12,90.2414,USD,YAHOO
VNQ,2026-03-13,90.3885,USD,YAHOO
VNQ,2026-03-16,91.1438,USD,YAHOO
VNQ,2026-03-17,91.5459,USD,YAHOO
VNQ,2026-03-18,90.1924,USD,YAHOO
VNQ,2026-03-19,89.8295,USD,YAHOO
VNQ,2026-03-20,87.0441,USD,YAHOO
VNQ,2026-03-23,87.7208,USD,YAHOO
VNQ,2026-03-24,87.1419,USD,YAHOO
VNQ,2026-03-25,87.0725,USD,YAHOO
VNQ,2026-03-26,86.9536,USD,YAHOO
VNQ,2026-03-27,86.2399,USD,YAHOO
VNQ,2026-03-30,86.567,USD,YAHOO
VNQ,2026-03-31,87.925,USD,YAHOO
VNQ,2026-04-01,88.2422,USD,YAHOO
VNQ,2026-04-02,89.4417,USD,YAHOO
VNQ,2026-04-06,89.5705,USD,YAHOO
VNQ,2026-04-07,89.6994,USD,YAHOO
VNQ,2026-04-08,91.3152,USD,YAHOO
VNQ,2026-04-09,91.9694,USD,YAHOO
VNQ,2026-04-10,92.1676,USD,YAHOO
VNQ,2026-04-13,92.5146,USD,YAHOO
VNQ,2026-04-14,93.3968,USD,YAHOO
VNQ,2026-04-15,93.4662,USD,YAHOO
VNQ,2026-04-16,94.3286,USD,YAHOO
VNQ,2026-04-17,95.8353,USD,YAHOO
VNQ,2026-04-20,96.1823,USD,YAHOO
VNQ,2026-04-21,94.4773,USD,YAHOO
VNQ,2026-04-22,93.6942,USD,YAHOO
VNQ,2026-04-23,94.6557,USD,YAHOO
VNQ,2026-04-24,94.4674,USD,YAHOO
VNQ,2026-04-27,93.9519,USD,YAHOO
VNQ,2026-04-28,94.8143,USD,YAHOO
VNQ,2026-04-29,94.0709,USD,YAHOO
VNQ,2026-04-30,95.4884,USD,YAHOO
VNQ,2026-05-01,95.2207,USD,YAHOO
VNQ,2026-05-04,94.626,USD,YAHOO
VNQ,2026-05-05,94.9233,USD,YAHOO
VNQ,2026-05-06,96.2417,USD,YAHOO
VNQ,2026-05-07,95.5478,USD,YAHOO
VNQ,2026-05-08,95.7758,USD,YAHOO
VNQ,2026-05-11,95.8452,USD,YAHOO
VNQ,2026-05-12,95.8452,USD,YAHOO
VNQ,2026-05-13,95.0522,USD,YAHOO
VNQ,2026-05-14,94.4872,USD,YAHOO
VNQ,2026-05-15,93.0895,USD,YAHOO
VNQ,2026-05-18,94.1799,USD,YAHOO
VNQ,2026-05-19,94.4475,USD,YAHOO
VNQ,2026-05-20,95.647,USD,YAHOO
VNQ,2026-05-21,95.8254,USD,YAHOO
VNQ,2026-05-22,95.9245,USD,YAHOO
VNQ,2026-05-26,96.3706,USD,YAHOO
VNQ,2026-05-27,96.0732,USD,YAHOO
VNQ,2026-05-28,95.7065,USD,YAHOO
VNQ,2026-05-29,94.8639,USD,YAHOO
VNQ,2026-06-01,93.2679,USD,YAHOO
VNQ,2026-06-02,93.6942,USD,YAHOO
VNQ,2026-06-03,93.5851,USD,YAHOO
VNQ,2026-06-04,95.2604,USD,YAHOO
VNQ,2026-06-05,95.9444,USD,YAHOO
VNQ,2026-06-08,94.6359,USD,YAHOO
VNQ,2026-06-09,96.8167,USD,YAHOO
VNQ,2026-06-10,96.8266,USD,YAHOO
VNQ,2026-06-11,96.7572,USD,YAHOO
VNQ,2026-06-12,97.6493,USD,YAHOO
VNQ,2026-06-15,96.9653,USD,YAHOO
VNQ,2026-06-16,97.2032,USD,YAHOO
VNQ,2026-06-17,94.7747,USD,YAHOO
VNQ,2026-06-18,94.7251,USD,YAHOO
VNQ,2026-06-22,95.7461,USD,YAHOO
VNQ,2026-06-23,97.005,USD,YAHOO
VNQ,2026-06-24,97.01,USD,YAHOO
VNQ,2026-06-25,97.19,USD,YAHOO
VNQ,2026-06-26,98.67,USD,YAHOO
VNQ,2026-06-29,98.15,USD,YAHOO
VNQ,2026-06-30,96.43,USD,YAHOO
VNQ,2026-07-01,96.82,USD,YAHOO
VNQ,2026-07-02,98.02,USD,YAHOO
VNQ,2026-07-06,97.24,USD,YAHOO
VNQ,2026-07-07,98.4,USD,YAHOO
VNQ,2026-07-08,96.8,USD,YAHOO
VNQ,2026-07-09,97.09,USD,YAHOO
VNQ,2026-07-10,97.32,USD,YAHOO
VNQ,2026-07-13,97.83,USD,YAHOO
VNQ,2026-07-14,97.57,USD,YAHOO
VNQ,2026-07-15,97.86,USD,YAHOO
VNQ,2026-07-16,100.07,USD,YAHOO
VNQ,2026-07-17,100.02,USD,YAHOO
VNQ,2026-07-20,99.48,USD,YAHOO
VNQ,2026-07-21,99.52,USD,YAHOO
VNQ,2026-07-22,99.02,USD,YAHOO
VNQ,2026-07-23,98.69,USD,YAHOO
VNQ,2026-07-24,100.81,USD,YAHOO
VNQ,2026-07-27,100.54,USD,YAHOO
VNQ,2026-07-28,100.95,USD,YAHOO
VNQ,2026-07-29,100.66,USD,YAHOO
VNQ,2026-07-30,99.49,USD,YAHOO
VNQ,2026-07-31,98.95,USD,YAHOO
VNQ,2026-08-03,99.07,USD,YAHOO
VNQ,2026-08-04,98.92,USD,YAHOO
VNQ,2026-08-05,98.92,USD,YAHOO
VNQ,2026-08-06,98.04,USD,YAHOO
VNQ,2026-08-07,98.43,USD,YAHOO
VNQ,2026-08-10,97.11,USD,YAHOO
VNQ,2026-08-11,96.38,USD,YAHOO
VNQ,2026-08-12,97.31,USD,YAHOO
VNQ,2026-08-13,98.58,USD,YAHOO
VNQ,2026-08-14,98.83,USD,YAHOO
VNQ,2026-08-17,97.98,USD,YAHOO
VNQ,2026-08-18,97.62,USD,YAHOO
VNQ,2026-08-19,98.61,USD,YAHOO
VNQ,2026-08-20,98.6,USD,YAHOO
VNQ,2026-08-21,98.5,USD,YAHOO
VNQ,2026-08-24,99.1,USD,YAHOO
VNQ,2026-08-25,99.25,USD,YAHOO
VNQ,2026-08-26,98.61,USD,YAHOO
VNQ,2026-08-27,97.65,USD,YAHOO
VNQ,2026-08-28,97.24,USD,YAHOO
VNQ,2026-08-31,96.44,USD,YAHOO
VNQ,2026-09-01,96.3,USD,YAHOO
VNQ,2026-09-02,95.78,USD,YAHOO
VNQ,2026-09-03,96.66,USD,YAHOO
VNQ,2026-09-04,96.02,USD,YAHOO
VNQ,2026-09-08,95.93,USD,YAHOO
VNQ,2026-09-09,94.94,USD,YAHOO
VNQ,2026-09-10,94.12,USD,YAHOO
VNQ,2026-09-11,94.8,USD,YAHOO
AAPL,2026-01-28,255.9996,USD,YAHOO
ASML.AS,2026-01-13,1098.4687,EUR,YAHOO
MSFT,2026-03-18,390.5989,USD,YAHOO
